Workbook

Sheet Summary Sheet
B1: Asking Rent | F1: Effective Rent | J1: Employment | P1: Supply | U1: Units Per Person | X1: Income | AB1: Population | AH1: Sale Price | AQ1: Check: | AU1: PASTE HERE:
A2: Weighting | H2: 0.2 | K2: 0.1 | N2: 0.1 | V2: 0.2 | AC2: 0.1 | AF2: 0.1 | AN2: 0.2 | AQ2: =SUM(B2:AP2) -> 1
A3: Market | B3: Forward 1 | C3: Forward 3 | D3: Forward 5 | E3: Forward 10 | F3: Forward 1 | G3: Forward 3 | H3: Forward 5 | I3: Forward 10 | J3: 10 Yr. Hist | K3: 5 Yr. Hist | L3: Forward 1 | M3: Forward 3 | N3: Forward 5 | O3: Forward 10 | P3: Historical 5 | Q3: Forward 1 | R3: Forward 3 | S3: Forward 5 | T3: Forward 10 | U3: Historical 10 | V3: Forward 5 | W3: Forward 10 | X3: Forward 1 | Y3: Forward 3 | Z3: Forward 5 | AA3: Forward 10 | AB3: 10 Yr. Hist | AC3: 5 Yr. Hist | AD3: Forward 1 | AE3: Forward 3 | AF3: Forward 5 | AG3: Forward 10 | AH3: Historical 1 | AI3: Historical 3 | AJ3: Historical 5 | AK3: Historical 10 | AL3: Forward 1 | AM3: Forward 3 | AN3: Forward 5 | AO3: Forward 10 | AP3: Simple Average | AQ3: Weighted Average | AT3: Market | AU3: Weighted Avg. | AV3: Rank
A4: Akron - OH | B4: ='Asking Rent'!I307 -> 69 | C4: ='Asking Rent'!M307 -> 104 | D4: ='Asking Rent'!Q307 -> 132 | E4: ='Asking Rent'!U307 -> 145 | F4: ='Effective Rent-Forward'!I307 -> 69 | G4: ='Effective Rent-Forward'!N307 -> 104 | H4: ='Effective Rent-Forward'!R307 -> 133 | I4: ='Effective Rent-Forward'!V307 -> 145 | J4: ='Historical Employment'!H4 -> 142 | K4: ='Historical Employment'!D4 -> 139 | L4: ='Forward Employment'!I308 -> 146 | M4: ='Forward Employment'!M308 -> 146 | N4: ='Forward Employment'!Q308 -> 146 | O4: ='Forward Employment'!U308 -> 145 | P4: ='Supply Historical'!G308 -> 26 | Q4: ='Supply Forward'!I307 -> 6 | R4: ='Supply Forward'!M307 -> 15 | S4: ='Supply Forward'!Q307 -> 17 | T4: ='Supply Forward'!U307 -> 18 | U4: ='UPP Historical'!C619 -> 41 | V4: ='Forward UPP'!C613 -> 45 | W4: ='Forward UPP'!F613 -> 40 | X4: ='Income Growth'!I307 -> 149 | Y4: ='Income Growth'!M307 -> 148 | Z4: ='Income Growth'!Q307 -> 142 | AA4: ='Income Growth'!U307 -> 115 | AB4: ='Historical Population Growth'!I3 -> 134 | AC4: ='Historical Population Growth'!D3 -> 123 | AD4: ='Population Growth Forward'!I307 -> 144 | AE4: ='Population Growth Forward'!M307 -> 144 | AF4: ='Population Growth Forward'!Q307 -> 142 | AG4: ='Population Growth Forward'!U307 -> 142 | AH4: ='Historical Sale Price'!I307 -> 12 | AI4: ='Historical Sale Price'!M307 -> 12 | AJ4: ='Historical Sale Price'!Q307 -> 52 | AK4: ='Historical Sale Price'!U307 -> 109 | AL4: ='Forward Sale Price'!I307 -> 64 | AM4: ='Forward Sale Price'!M307 -> 114 | AN4: ='Forward Sale Price'!Q307 -> 137 | AO4: ='Forward Sale Price'!U307 -> 143 | AP4: =AVERAGE(B4:AO4) -> 99.975 | AQ4: =SUMPRODUCT(B$2:AO$2,B4:AO4) -> 118 | AS4: Akron - OH | AT4: Austin - TX | AU4: 17.8 | AV4: =RANK(AU4,AU$4:AU$153,-1) -> 1
A5: Albany - NY | B5: ='Asking Rent'!I308 -> 32 | C5: ='Asking Rent'!M308 -> 23 | D5: ='Asking Rent'!Q308 -> 36 | E5: ='Asking Rent'!U308 -> 81 | F5: ='Effective Rent-Forward'!I308 -> 31 | G5: ='Effective Rent-Forward'!N308 -> 23 | H5: ='Effective Rent-Forward'!R308 -> 36 | I5: ='Effective Rent-Forward'!V308 -> 81 | J5: ='Historical Employment'!H5 -> 122 | K5: ='Historical Employment'!D5 -> 107 | L5: ='Forward Employment'!I309 -> 115 | M5: ='Forward Employment'!M309 -> 117 | N5: ='Forward Employment'!Q309 -> 119 | O5: ='Forward Employment'!U309 -> 121 | P5: ='Supply Historical'!G309 -> 64 | Q5: ='Supply Forward'!I308 -> 30 | R5: ='Supply Forward'!M308 -> 42 | S5: ='Supply Forward'!Q308 -> 55 | T5: ='Supply Forward'!U308 -> 52 | U5: ='UPP Historical'!C620 -> 105 | V5: ='Forward UPP'!C614 -> 80 | W5: ='Forward UPP'!F614 -> 80 | X5: ='Income Growth'!I308 -> 30 | Y5: ='Income Growth'!M308 -> 45 | Z5: ='Income Growth'!Q308 -> 56 | AA5: ='Income Growth'!U308 -> 67 | AB5: ='Historical Population Growth'!I4 -> 107 | AC5: ='Historical Population Growth'!D4 -> 110 | AD5: ='Population Growth Forward'!I308 -> 110 | AE5: ='Population Growth Forward'!M308 -> 114 | AF5: ='Population Growth Forward'!Q308 -> 117 | AG5: ='Population Growth Forward'!U308 -> 119 | AH5: ='Historical Sale Price'!I308 -> 100 | AI5: ='Historical Sale Price'!M308 -> 134 | AJ5: ='Historical Sale Price'!Q308 -> 144 | AK5: ='Historical Sale Price'!U308 -> 139 | AL5: ='Forward Sale Price'!I308 -> 56 | AM5: ='Forward Sale Price'!M308 -> 90 | AN5: ='Forward Sale Price'!Q308 -> 103 | AO5: ='Forward Sale Price'!U308 -> 111 | AP5: =AVERAGE(B5:AO5) -> 82.6 | AQ5: =SUMPRODUCT(B$2:AO$2,B5:AO5) -> 89.1 | AS5: Albany - NY | AT5: Inland Empire - CA | AU5: 19.3 | AV5: =RANK(AU5,AU$4:AU$153,-1) -> 2
A6: Albuquerque - NM | B6: ='Asking Rent'!I309 -> 106 | C6: ='Asking Rent'!M309 -> 116 | D6: ='Asking Rent'!Q309 -> 110 | E6: ='Asking Rent'!U309 -> 103 | F6: ='Effective Rent-Forward'!I309 -> 106 | G6: ='Effective Rent-Forward'!N309 -> 116 | H6: ='Effective Rent-Forward'!R309 -> 110 | I6: ='Effective Rent-Forward'!V309 -> 103 | J6: ='Historical Employment'!H6 -> 74 | K6: ='Historical Employment'!D6 -> 74 | L6: ='Forward Employment'!I310 -> 77 | M6: ='Forward Employment'!M310 -> 86 | N6: ='Forward Employment'!Q310 -> 89 | O6: ='Forward Employment'!U310 -> 100 | P6: ='Supply Historical'!G310 -> 35 | Q6: ='Supply Forward'!I309 -> 104 | R6: ='Supply Forward'!M309 -> 83 | S6: ='Supply Forward'!Q309 -> 76 | T6: ='Supply Forward'!U309 -> 68 | U6: ='UPP Historical'!C621 -> 26 | V6: ='Forward UPP'!C615 -> 92 | W6: ='Forward UPP'!F615 -> 91 | X6: ='Income Growth'!I309 -> 121 | Y6: ='Income Growth'!M309 -> 107 | Z6: ='Income Growth'!Q309 -> 81 | AA6: ='Income Growth'!U309 -> 43 | AB6: ='Historical Population Growth'!I5 -> 101 | AC6: ='Historical Population Growth'!D5 -> 93 | AD6: ='Population Growth Forward'!I309 -> 105 | AE6: ='Population Growth Forward'!M309 -> 104 | AF6: ='Population Growth Forward'!Q309 -> 105 | AG6: ='Population Growth Forward'!U309 -> 108 | AH6: ='Historical Sale Price'!I309 -> 134 | AI6: ='Historical Sale Price'!M309 -> 113 | AJ6: ='Historical Sale Price'!Q309 -> 77 | AK6: ='Historical Sale Price'!U309 -> 90 | AL6: ='Forward Sale Price'!I309 -> 69 | AM6: ='Forward Sale Price'!M309 -> 87 | AN6: ='Forward Sale Price'!Q309 -> 80 | AO6: ='Forward Sale Price'!U309 -> 83 | AP6: =AVERAGE(B6:AO6) -> 91.15 | AQ6: =SUMPRODUCT(B$2:AO$2,B6:AO6) -> 92.5 | AS6: Albuquerque - NM | AT6: Raleigh - NC | AU6: 24.2 | AV6: =RANK(AU6,AU$4:AU$153,-1) -> 3
A7: Anchorage - AK | B7: ='Asking Rent'!I310 -> 97 | C7: ='Asking Rent'!M310 -> 119 | D7: ='Asking Rent'!Q310 -> 120 | E7: ='Asking Rent'!U310 -> 118 | F7: ='Effective Rent-Forward'!I310 -> 97 | G7: ='Effective Rent-Forward'!N310 -> 119 | H7: ='Effective Rent-Forward'!R310 -> 120 | I7: ='Effective Rent-Forward'!V310 -> 118 | J7: ='Historical Employment'!H7 -> 136 | K7: ='Historical Employment'!D7 -> 69 | L7: ='Forward Employment'!I311 -> 123 | M7: ='Forward Employment'!M311 -> 123 | N7: ='Forward Employment'!Q311 -> 122 | O7: ='Forward Employment'!U311 -> 118 | P7: ='Supply Historical'!G311 -> 2 | Q7: ='Supply Forward'!I310 -> 7 | R7: ='Supply Forward'!M310 -> 2 | S7: ='Supply Forward'!Q310 -> 3 | T7: ='Supply Forward'!U310 -> 3 | U7: ='UPP Historical'!C622 -> 2 | V7: ='Forward UPP'!C616 -> 1 | W7: ='Forward UPP'!F616 -> 1 | X7: ='Income Growth'!I310 -> 86 | Y7: ='Income Growth'!M310 -> 126 | Z7: ='Income Growth'!Q310 -> 139 | AA7: ='Income Growth'!U310 -> 146 | AB7: ='Historical Population Growth'!I6 -> 113 | AC7: ='Historical Population Growth'!D6 -> 87 | AD7: ='Population Growth Forward'!I310 -> 71 | AE7: ='Population Growth Forward'!M310 -> 64 | AF7: ='Population Growth Forward'!Q310 -> 64 | AG7: ='Population Growth Forward'!U310 -> 65 | AH7: ='Historical Sale Price'!I310 -> 94 | AI7: ='Historical Sale Price'!M310 -> 112 | AJ7: ='Historical Sale Price'!Q310 -> 126 | AK7: ='Historical Sale Price'!U310 -> 148 | AL7: ='Forward Sale Price'!I310 -> 83 | AM7: ='Forward Sale Price'!M310 -> 127 | AN7: ='Forward Sale Price'!Q310 -> 142 | AO7: ='Forward Sale Price'!U310 -> 131 | AP7: =AVERAGE(B7:AO7) -> 88.6 | AQ7: =SUMPRODUCT(B$2:AO$2,B7:AO7) -> 86.8 | AS7: Anchorage - AK | AT7: San Antonio - TX | AU7: 28 | AV7: =RANK(AU7,AU$4:AU$153,-1) -> 4
A8: Asheville - NC | B8: ='Asking Rent'!I311 -> 117 | C8: ='Asking Rent'!M311 -> 123 | D8: ='Asking Rent'!Q311 -> 102 | E8: ='Asking Rent'!U311 -> 85 | F8: ='Effective Rent-Forward'!I311 -> 117 | G8: ='Effective Rent-Forward'!N311 -> 123 | H8: ='Effective Rent-Forward'!R311 -> 102 | I8: ='Effective Rent-Forward'!V311 -> 85 | J8: ='Historical Employment'!H8 -> 56 | K8: ='Historical Employment'!D8 -> 24 | L8: ='Forward Employment'!I312 -> 61 | M8: ='Forward Employment'!M312 -> 61 | N8: ='Forward Employment'!Q312 -> 59 | O8: ='Forward Employment'!U312 -> 58 | P8: ='Supply Historical'!G312 -> 124 | Q8: ='Supply Forward'!I311 -> 149 | R8: ='Supply Forward'!M311 -> 145 | S8: ='Supply Forward'!Q311 -> 143 | T8: ='Supply Forward'!U311 -> 141 | U8: ='UPP Historical'!C623 -> 147 | V8: ='Forward UPP'!C617 -> 146 | W8: ='Forward UPP'!F617 -> 141 | X8: ='Income Growth'!I311 -> 58 | Y8: ='Income Growth'!M311 -> 81 | Z8: ='Income Growth'!Q311 -> 94 | AA8: ='Income Growth'!U311 -> 88 | AB8: ='Historical Population Growth'!I7 -> 48 | AC8: ='Historical Population Growth'!D7 -> 43 | AD8: ='Population Growth Forward'!I311 -> 49 | AE8: ='Population Growth Forward'!M311 -> 46 | AF8: ='Population Growth Forward'!Q311 -> 46 | AG8: ='Population Growth Forward'!U311 -> 48 | AH8: ='Historical Sale Price'!I311 -> 138 | AI8: ='Historical Sale Price'!M311 -> 31 | AJ8: ='Historical Sale Price'!Q311 -> 16 | AK8: ='Historical Sale Price'!U311 -> 13 | AL8: ='Forward Sale Price'!I311 -> 103 | AM8: ='Forward Sale Price'!M311 -> 49 | AN8: ='Forward Sale Price'!Q311 -> 34 | AO8: ='Forward Sale Price'!U311 -> 36 | AP8: =AVERAGE(B8:AO8) -> 83.25 | AQ8: =SUMPRODUCT(B$2:AO$2,B8:AO8) -> 73.6 | AS8: Asheville - NC | AT8: Reno - NV | AU8: 33.2 | AV8: =RANK(AU8,AU$4:AU$153,-1) -> 5
A9: Atlanta - GA | B9: ='Asking Rent'!I312 -> 146 | C9: ='Asking Rent'!M312 -> 147 | D9: ='Asking Rent'!Q312 -> 145 | E9: ='Asking Rent'!U312 -> 119 | F9: ='Effective Rent-Forward'!I312 -> 146 | G9: ='Effective Rent-Forward'!N312 -> 147 | H9: ='Effective Rent-Forward'!R312 -> 145 | I9: ='Effective Rent-Forward'!V312 -> 119 | J9: ='Historical Employment'!H9 -> 38 | K9: ='Historical Employment'!D9 -> 51 | L9: ='Forward Employment'!I313 -> 34 | M9: ='Forward Employment'!M313 -> 32 | N9: ='Forward Employment'!Q313 -> 31 | O9: ='Forward Employment'!U313 -> 34 | P9: ='Supply Historical'!G313 -> 102 | Q9: ='Supply Forward'!I312 -> 93 | R9: ='Supply Forward'!M312 -> 82 | S9: ='Supply Forward'!Q312 -> 84 | T9: ='Supply Forward'!U312 -> 85 | U9: ='UPP Historical'!C624 -> 69 | V9: ='Forward UPP'!C618 -> 31 | W9: ='Forward UPP'!F618 -> 27 | X9: ='Income Growth'!I312 -> 81 | Y9: ='Income Growth'!M312 -> 91 | Z9: ='Income Growth'!Q312 -> 99 | AA9: ='Income Growth'!U312 -> 106 | AB9: ='Historical Population Growth'!I8 -> 35 | AC9: ='Historical Population Growth'!D8 -> 33 | AD9: ='Population Growth Forward'!I312 -> 22 | AE9: ='Population Growth Forward'!M312 -> 25 | AF9: ='Population Growth Forward'!Q312 -> 23 | AG9: ='Population Growth Forward'!U312 -> 19 | AH9: ='Historical Sale Price'!I312 -> 132 | AI9: ='Historical Sale Price'!M312 -> 98 | AJ9: ='Historical Sale Price'!Q312 -> 39 | AK9: ='Historical Sale Price'!U312 -> 19 | AL9: ='Forward Sale Price'!I312 -> 148 | AM9: ='Forward Sale Price'!M312 -> 149 | AN9: ='Forward Sale Price'!Q312 -> 144 | AO9: ='Forward Sale Price'!U312 -> 121 | AP9: =AVERAGE(B9:AO9) -> 82.275 | AQ9: =SUMPRODUCT(B$2:AO$2,B9:AO9) -> 77.8 | AS9: Atlanta - GA | AT9: Stockton - CA | AU9: 34.8 | AV9: =RANK(AU9,AU$4:AU$153,-1) -> 6
A10: Augusta - GA | B10: ='Asking Rent'!I313 -> 88 | C10: ='Asking Rent'!M313 -> 82 | D10: ='Asking Rent'!Q313 -> 68 | E10: ='Asking Rent'!U313 -> 65 | F10: ='Effective Rent-Forward'!I313 -> 89 | G10: ='Effective Rent-Forward'!N313 -> 82 | H10: ='Effective Rent-Forward'!R313 -> 68 | I10: ='Effective Rent-Forward'!V313 -> 65 | J10: ='Historical Employment'!H10 -> 95 | K10: ='Historical Employment'!D10 -> 147 | L10: ='Forward Employment'!I314 -> 121 | M10: ='Forward Employment'!M314 -> 113 | N10: ='Forward Employment'!Q314 -> 112 | O10: ='Forward Employment'!U314 -> 111 | P10: ='Supply Historical'!G314 -> 121 | Q10: ='Supply Forward'!I313 -> 63 | R10: ='Supply Forward'!M313 -> 52 | S10: ='Supply Forward'!Q313 -> 56 | T10: ='Supply Forward'!U313 -> 58 | U10: ='UPP Historical'!C625 -> 107 | V10: ='Forward UPP'!C619 -> 49 | W10: ='Forward UPP'!F619 -> 54 | X10: ='Income Growth'!I313 -> 102 | Y10: ='Income Growth'!M313 -> 99 | Z10: ='Income Growth'!Q313 -> 91 | AA10: ='Income Growth'!U313 -> 58 | AB10: ='Historical Population Growth'!I9 -> 56 | AC10: ='Historical Population Growth'!D9 -> 54 | AD10: ='Population Growth Forward'!I313 -> 87 | AE10: ='Population Growth Forward'!M313 -> 71 | AF10: ='Population Growth Forward'!Q313 -> 69 | AG10: ='Population Growth Forward'!U313 -> 75 | AH10: ='Historical Sale Price'!I313 -> 14 | AI10: ='Historical Sale Price'!M313 -> 75 | AJ10: ='Historical Sale Price'!Q313 -> 62 | AK10: ='Historical Sale Price'!U313 -> 63 | AL10: ='Forward Sale Price'!I313 -> 122 | AM10: ='Forward Sale Price'!M313 -> 75 | AN10: ='Forward Sale Price'!Q313 -> 60 | AO10: ='Forward Sale Price'!U313 -> 55 | AP10: =AVERAGE(B10:AO10) -> 78.85 | AQ10: =SUMPRODUCT(B$2:AO$2,B10:AO10) -> 73.6 | AS10: Augusta - GA | AT10: Palm Beach - FL | AU10: 36.2 | AV10: =RANK(AU10,AU$4:AU$153,-1) -> 7
A11: Austin - TX | B11: ='Asking Rent'!I314 -> 110 | C11: ='Asking Rent'!M314 -> 20 | D11: ='Asking Rent'!Q314 -> 10 | E11: ='Asking Rent'!U314 -> 10 | F11: ='Effective Rent-Forward'!I314 -> 110 | G11: ='Effective Rent-Forward'!N314 -> 21 | H11: ='Effective Rent-Forward'!R314 -> 10 | I11: ='Effective Rent-Forward'!V314 -> 10 | J11: ='Historical Employment'!H11 -> 1 | K11: ='Historical Employment'!D11 -> 3 | L11: ='Forward Employment'!I315 -> 1 | M11: ='Forward Employment'!M315 -> 1 | N11: ='Forward Employment'!Q315 -> 1 | O11: ='Forward Employment'!U315 -> 2 | P11: ='Supply Historical'!G315 -> 137 | Q11: ='Supply Forward'!I314 -> 126 | R11: ='Supply Forward'!M314 -> 128 | S11: ='Supply Forward'!Q314 -> 131 | T11: ='Supply Forward'!U314 -> 132 | U11: ='UPP Historical'!C626 -> 131 | V11: ='Forward UPP'!C620 -> 72 | W11: ='Forward UPP'!F620 -> 68 | X11: ='Income Growth'!I314 -> 14 | Y11: ='Income Growth'!M314 -> 20 | Z11: ='Income Growth'!Q314 -> 32 | AA11: ='Income Growth'!U314 -> 63 | AB11: ='Historical Population Growth'!I10 -> 3 | AC11: ='Historical Population Growth'!D10 -> 3 | AD11: ='Population Growth Forward'!I314 -> 1 | AE11: ='Population Growth Forward'!M314 -> 1 | AF11: ='Population Growth Forward'!Q314 -> 1 | AG11: ='Population Growth Forward'!U314 -> 1 | AH11: ='Historical Sale Price'!I314 -> 143 | AI11: ='Historical Sale Price'!M314 -> 147 | AJ11: ='Historical Sale Price'!Q314 -> 130 | AK11: ='Historical Sale Price'!U314 -> 104 | AL11: ='Forward Sale Price'!I314 -> 77 | AM11: ='Forward Sale Price'!M314 -> 14 | AN11: ='Forward Sale Price'!Q314 -> 3 | AO11: ='Forward Sale Price'!U314 -> 3 | AP11: =AVERAGE(B11:AO11) -> 49.875 | AQ11: =SUMPRODUCT(B$2:AO$2,B11:AO11) -> 17.8 | AS11: Austin - TX | AT11: Phoenix - AZ | AU11: 36.3 | AV11: =RANK(AU11,AU$4:AU$153,-1) -> 8
A12: Bakersfield - CA | B12: ='Asking Rent'!I315 -> 10 | C12: ='Asking Rent'!M315 -> 9 | D12: ='Asking Rent'!Q315 -> 11 | E12: ='Asking Rent'!U315 -> 12 | F12: ='Effective Rent-Forward'!I315 -> 10 | G12: ='Effective Rent-Forward'!N315 -> 9 | H12: ='Effective Rent-Forward'!R315 -> 11 | I12: ='Effective Rent-Forward'!V315 -> 12 | J12: ='Historical Employment'!H12 -> 60 | K12: ='Historical Employment'!D12 -> 78 | L12: ='Forward Employment'!I316 -> 54 | M12: ='Forward Employment'!M316 -> 57 | N12: ='Forward Employment'!Q316 -> 56 | O12: ='Forward Employment'!U316 -> 53 | P12: ='Supply Historical'!G316 -> 22 | Q12: ='Supply Forward'!I315 -> 54 | R12: ='Supply Forward'!M315 -> 34 | S12: ='Supply Forward'!Q315 -> 29 | T12: ='Supply Forward'!U315 -> 27 | U12: ='UPP Historical'!C627 -> 15 | V12: ='Forward UPP'!C621 -> 14 | W12: ='Forward UPP'!F621 -> 13 | X12: ='Income Growth'!I315 -> 117 | Y12: ='Income Growth'!M315 -> 102 | Z12: ='Income Growth'!Q315 -> 72 | AA12: ='Income Growth'!U315 -> 40 | AB12: ='Historical Population Growth'!I11 -> 88 | AC12: ='Historical Population Growth'!D11 -> 103 | AD12: ='Population Growth Forward'!I315 -> 81 | AE12: ='Population Growth Forward'!M315 -> 69 | AF12: ='Population Growth Forward'!Q315 -> 66 | AG12: ='Population Growth Forward'!U315 -> 63 | AH12: ='Historical Sale Price'!I315 -> 53 | AI12: ='Historical Sale Price'!M315 -> 35 | AJ12: ='Historical Sale Price'!Q315 -> 49 | AK12: ='Historical Sale Price'!U315 -> 65 | AL12: ='Forward Sale Price'!I315 -> 37 | AM12: ='Forward Sale Price'!M315 -> 68 | AN12: ='Forward Sale Price'!Q315 -> 95 | AO12: ='Forward Sale Price'!U315 -> 75 | AP12: =AVERAGE(B12:AO12) -> 48.2 | AQ12: =SUMPRODUCT(B$2:AO$2,B12:AO12) -> 54.3 | AS12: Bakersfield - CA | AT12: Tampa - FL | AU12: 37.3 | AV12: =RANK(AU12,AU$4:AU$153,-1) -> 9
A13: Baltimore - MD | B13: ='Asking Rent'!I316 -> 72 | C13: ='Asking Rent'!M316 -> 68 | D13: ='Asking Rent'!Q316 -> 60 | E13: ='Asking Rent'!U316 -> 53 | F13: ='Effective Rent-Forward'!I316 -> 72 | G13: ='Effective Rent-Forward'!N316 -> 68 | H13: ='Effective Rent-Forward'!R316 -> 60 | I13: ='Effective Rent-Forward'!V316 -> 53 | J13: ='Historical Employment'!H13 -> 125 | K13: ='Historical Employment'!D13 -> 138 | L13: ='Forward Employment'!I317 -> 100 | M13: ='Forward Employment'!M317 -> 106 | N13: ='Forward Employment'!Q317 -> 105 | O13: ='Forward Employment'!U317 -> 108 | P13: ='Supply Historical'!G317 -> 33 | Q13: ='Supply Forward'!I316 -> 43 | R13: ='Supply Forward'!M316 -> 48 | S13: ='Supply Forward'!Q316 -> 50 | T13: ='Supply Forward'!U316 -> 53 | U13: ='UPP Historical'!C628 -> 62 | V13: ='Forward UPP'!C622 -> 61 | W13: ='Forward UPP'!F622 -> 65 | X13: ='Income Growth'!I316 -> 129 | Y13: ='Income Growth'!M316 -> 136 | Z13: ='Income Growth'!Q316 -> 137 | AA13: ='Income Growth'!U316 -> 138 | AB13: ='Historical Population Growth'!I12 -> 109 | AC13: ='Historical Population Growth'!D12 -> 107 | AD13: ='Population Growth Forward'!I316 -> 104 | AE13: ='Population Growth Forward'!M316 -> 99 | AF13: ='Population Growth Forward'!Q316 -> 98 | AG13: ='Population Growth Forward'!U316 -> 98 | AH13: ='Historical Sale Price'!I316 -> 109 | AI13: ='Historical Sale Price'!M316 -> 125 | AJ13: ='Historical Sale Price'!Q316 -> 123 | AK13: ='Historical Sale Price'!U316 -> 140 | AL13: ='Forward Sale Price'!I316 -> 104 | AM13: ='Forward Sale Price'!M316 -> 124 | AN13: ='Forward Sale Price'!Q316 -> 93 | AO13: ='Forward Sale Price'!U316 -> 86 | AP13: =AVERAGE(B13:AO13) -> 91.55 | AQ13: =SUMPRODUCT(B$2:AO$2,B13:AO13) -> 87.6 | AS13: Baltimore - MD | AT13: Charleston - SC | AU13: 37.5 | AV13: =RANK(AU13,AU$4:AU$153,-1) -> 10
A14: Baton Rouge - LA | B14: ='Asking Rent'!I317 -> 112 | C14: ='Asking Rent'!M317 -> 112 | D14: ='Asking Rent'!Q317 -> 98 | E14: ='Asking Rent'!U317 -> 101 | F14: ='Effective Rent-Forward'!I317 -> 112 | G14: ='Effective Rent-Forward'!N317 -> 111 | H14: ='Effective Rent-Forward'!R317 -> 98 | I14: ='Effective Rent-Forward'!V317 -> 101 | J14: ='Historical Employment'!H14 -> 120 | K14: ='Historical Employment'!D14 -> 109 | L14: ='Forward Employment'!I318 -> 66 | M14: ='Forward Employment'!M318 -> 87 | N14: ='Forward Employment'!Q318 -> 90 | O14: ='Forward Employment'!U318 -> 97 | P14: ='Supply Historical'!G318 -> 59 | Q14: ='Supply Forward'!I317 -> 70 | R14: ='Supply Forward'!M317 -> 53 | S14: ='Supply Forward'!Q317 -> 51 | T14: ='Supply Forward'!U317 -> 47 | U14: ='UPP Historical'!C629 -> 80 | V14: ='Forward UPP'!C623 -> 63 | W14: ='Forward UPP'!F623 -> 63 | X14: ='Income Growth'!I317 -> 23 | Y14: ='Income Growth'!M317 -> 26 | Z14: ='Income Growth'!Q317 -> 31 | AA14: ='Income Growth'!U317 -> 46 | AB14: ='Historical Population Growth'!I13 -> 96 | AC14: ='Historical Population Growth'!D13 -> 94 | AD14: ='Population Growth Forward'!I317 -> 103 | AE14: ='Population Growth Forward'!M317 -> 101 | AF14: ='Population Growth Forward'!Q317 -> 100 | AG14: ='Population Growth Forward'!U317 -> 102 | AH14: ='Historical Sale Price'!I317 -> 130 | AI14: ='Historical Sale Price'!M317 -> 66 | AJ14: ='Historical Sale Price'!Q317 -> 65 | AK14: ='Historical Sale Price'!U317 -> 122 | AL14: ='Forward Sale Price'!I317 -> 141 | AM14: ='Forward Sale Price'!M317 -> 115 | AN14: ='Forward Sale Price'!Q317 -> 115 | AO14: ='Forward Sale Price'!U317 -> 101 | AP14: =AVERAGE(B14:AO14) -> 86.925 | AQ14: =SUMPRODUCT(B$2:AO$2,B14:AO14) -> 94.5 | AS14: Baton Rouge - LA | AT14: Las Vegas - NV | AU14: 39 | AV14: =RANK(AU14,AU$4:AU$153,-1) -> 11
A15: Beaumont - TX | B15: ='Asking Rent'!I318 -> 48 | C15: ='Asking Rent'!M318 -> 63 | D15: ='Asking Rent'!Q318 -> 84 | E15: ='Asking Rent'!U318 -> 96 | F15: ='Effective Rent-Forward'!I318 -> 48 | G15: ='Effective Rent-Forward'!N318 -> 63 | H15: ='Effective Rent-Forward'!R318 -> 84 | I15: ='Effective Rent-Forward'!V318 -> 96 | J15: ='Historical Employment'!H15 -> 141 | K15: ='Historical Employment'!D15 -> 143 | L15: ='Forward Employment'!I319 -> 119 | M15: ='Forward Employment'!M319 -> 124 | N15: ='Forward Employment'!Q319 -> 125 | O15: ='Forward Employment'!U319 -> 119 | P15: ='Supply Historical'!G319 -> 42 | Q15: ='Supply Forward'!I318 -> 21 | R15: ='Supply Forward'!M318 -> 6 | S15: ='Supply Forward'!Q318 -> 7 | T15: ='Supply Forward'!U318 -> 10 | U15: ='UPP Historical'!C630 -> 33 | V15: ='Forward UPP'!C624 -> 48 | W15: ='Forward UPP'!F624 -> 42 | X15: ='Income Growth'!I318 -> 50 | Y15: ='Income Growth'!M318 -> 15 | Z15: ='Income Growth'!Q318 -> 5 | AA15: ='Income Growth'!U318 -> 3 | AB15: ='Historical Population Growth'!I14 -> 121 | AC15: ='Historical Population Growth'!D14 -> 109 | AD15: ='Population Growth Forward'!I318 -> 148 | AE15: ='Population Growth Forward'!M318 -> 148 | AF15: ='Population Growth Forward'!Q318 -> 148 | AG15: ='Population Growth Forward'!U318 -> 148 | AH15: ='Historical Sale Price'!I318 -> 101 | AI15: ='Historical Sale Price'!M318 -> 132 | AJ15: ='Historical Sale Price'!Q318 -> 131 | AK15: ='Historical Sale Price'!U318 -> 132 | AL15: ='Forward Sale Price'!I318 -> 112 | AM15: ='Forward Sale Price'!M318 -> 128 | AN15: ='Forward Sale Price'!Q318 -> 128 | AO15: ='Forward Sale Price'!U318 -> 123 | AP15: =AVERAGE(B15:AO15) -> 86.1 | AQ15: =SUMPRODUCT(B$2:AO$2,B15:AO15) -> 104.5 | AS15: Beaumont - TX | AT15: Port St. Lucie - FL | AU15: 39.2 | AV15: =RANK(AU15,AU$4:AU$153,-1) -> 12
... A153: Youngstown - OH | B153: ='Asking Rent'!I456 -> 12 | C153: ='Asking Rent'!M456 -> 46 | D153: ='Asking Rent'!Q456 -> 99 | E153: ='Asking Rent'!U456 -> 131 | F153: ='Effective Rent-Forward'!I456 -> 12 | G153: ='Effective Rent-Forward'!N456 -> 46 | H153: ='Effective Rent-Forward'!R456 -> 99 | I153: ='Effective Rent-Forward'!V456 -> 131 | J153: ='Historical Employment'!H153 -> 150 | K153: ='Historical Employment'!D153 -> 121 | L153: ='Forward Employment'!I457 -> 150 | M153: ='Forward Employment'!M457 -> 150 | N153: ='Forward Employment'!Q457 -> 150 | O153: ='Forward Employment'!U457 -> 150 | P153: ='Supply Historical'!G457 -> 1 | Q153: ='Supply Forward'!I456 -> 1 | R153: ='Supply Forward'!M456 -> 1 | S153: ='Supply Forward'!Q456 -> 1 | T153: ='Supply Forward'!U456 -> 1 | U153: ='UPP Historical'!C768 -> 14 | V153: ='Forward UPP'!C762 -> 37 | W153: ='Forward UPP'!F762 -> 28 | X153: ='Income Growth'!I456 -> 53 | Y153: ='Income Growth'!M456 -> 59 | Z153: ='Income Growth'!Q456 -> 66 | AA153: ='Income Growth'!U456 -> 72 | AB153: ='Historical Population Growth'!I152 -> 149 | AC153: ='Historical Population Growth'!D152 -> 146 | AD153: ='Population Growth Forward'!I456 -> 149 | AE153: ='Population Growth Forward'!M456 -> 149 | AF153: ='Population Growth Forward'!Q456 -> 149 | AG153: ='Population Growth Forward'!U456 -> 149 | AH153: ='Historical Sale Price'!I456 -> 41 | AI153: ='Historical Sale Price'!M456 -> 45 | AJ153: ='Historical Sale Price'!Q456 -> 106 | AK153: ='Historical Sale Price'!U456 -> 137 | AL153: ='Forward Sale Price'!I456 -> 71 | AM153: ='Forward Sale Price'!M456 -> 130 | AN153: ='Forward Sale Price'!Q456 -> 141 | AO153: ='Forward Sale Price'!U456 -> 145 | AP153: =AVERAGE(B153:AO153) -> 87.2 | AQ153: =SUMPRODUCT(B$2:AO$2,B153:AO153) -> 112 | AS153: Youngstown - OH | AT153: Pittsburgh - PA | AU153: 130.2 | AV153: =RANK(AU153,AU$4:AU$153,-1) -> 150

Sheet Asking Rent
A1: Geography Name | B1: 2025 Q2 | C1: 2025 Q3 | D1: 2025 Q4 | E1: 2026 Q1 | F1: 2026 Q2 | G1: 2026 Q3 | H1: 2026 Q4 | I1: 2027 Q1 | J1: 2027 Q2 | K1: 2027 Q3 | L1: 2027 Q4 | M1: 2028 Q1 | N1: 2028 Q2 | O1: 2028 Q3 | P1: 2028 Q4 | Q1: 2029 Q1 | R1: 2029 Q2 | S1: 2029 Q3 | T1: 2029 Q4 | U1: 2030 Q1 | V1: 2030 Q2 | W1: 2030 Q3 | X1: 2030 Q4 | Y1: 2031 Q1 | Z1: 2031 Q2 | AA1: 2031 Q3 | AB1: 2031 Q4 | AC1: 2032 Q1 | AD1: 2032 Q2 | AE1: 2032 Q3 | AF1: 2032 Q4 | AG1: 2033 Q1 | AH1: 2033 Q2 | AI1: 2033 Q3 | AJ1: 2033 Q4 | AK1: 2034 Q1 | AL1: 2034 Q2 | AM1: 2034 Q3 | AN1: 2034 Q4 | AO1: 2035 Q1 | AP1: 2035 Q2
A2: Akron - OH | B2: 1181.4438 | C2: 1183.5099 | D2: 1185.9302 | E2: 1203.77 | F2: 1223.5649 | G2: 1223.8147 | H2: 1224.5104 | I2: 1240.825 | J2: 1259.4132 | K2: 1258.321 | L2: 1257.8435 | M2: 1273.3934 | N2: 1291.2803 | O2: 1288.8624 | P2: 1287.0892 | Q2: 1301.9863 | R2: 1319.3583 | S2: 1316.1497 | T2: 1313.8744 | U2: 1328.6089 | V2: 1346.0155 | W2: 1342.5812 | X2: 1339.9794 | Y2: 1354.8585 | Z2: 1372.3235 | AA2: 1368.4305 | AB2: 1365.533 | AC2: 1380.3046 | AD2: 1397.8439 | AE2: 1393.6801 | AF2: 1390.4014 | AG2: 1405.248 | AH2: 1422.9115 | AI2: 1418.5092 | AJ2: 1415.0214 | AK2: 1429.9717 | AL2: 1447.7803 | AM2: 1443.172 | AN2: 1439.6437 | AO2: 1454.7261 | AP2: 1472.7227
A3: Albany - NY | B3: 1646.1119 | C3: 1653.7125 | D3: 1661.5854 | E3: 1685.197 | F3: 1710.0248 | G3: 1715.6156 | H3: 1721.8296 | I3: 1743.6442 | J3: 1767.2319 | K3: 1771.7297 | L3: 1777.0433 | M3: 1798.5212 | N3: 1821.5039 | O3: 1824.1285 | P3: 1827.6049 | Q3: 1847.6296 | R3: 1869.3401 | S3: 1870.8049 | T3: 1873.5104 | U3: 1893.5956 | V3: 1915.5884 | W3: 1916.9399 | X3: 1919.439 | Y3: 1939.4756 | Z3: 1961.5043 | AA3: 1962.4097 | AB3: 1964.4133 | AC3: 1984.5232 | AD3: 2006.8842 | AE3: 2007.4451 | AF3: 2009.3185 | AG3: 2029.7321 | AH3: 2052.1855 | AI3: 2052.5566 | AJ3: 2054.2629 | AK3: 2074.7092 | AL3: 2097.447 | AM3: 2097.6299 | AN3: 2099.166 | AO3: 2119.8391 | AP3: 2142.8501
A4: Albuquerque - NM | B4: 1285.2117 | C4: 1290.9596 | D4: 1286.4709 | E4: 1303.5227 | F4: 1327.7657 | G4: 1332.5856 | H4: 1326.7356 | I4: 1342.559 | J4: 1367.3704 | K4: 1372.5872 | L4: 1366.8151 | M4: 1382.9978 | N4: 1407.9402 | O4: 1412.2986 | P4: 1405.1768 | Q4: 1420.7965 | R4: 1445.5237 | S4: 1449.2457 | T4: 1441.5178 | U4: 1457.2644 | V4: 1482.4882 | W4: 1486.3278 | X4: 1478.4255 | Y4: 1494.3726 | Z4: 1520.0323 | AA4: 1523.5964 | AB4: 1515.1261 | AC4: 1531.1711 | AD4: 1557.1577 | AE4: 1560.6998 | AF4: 1551.9227 | AG4: 1568.2596 | AH4: 1594.7407 | AI4: 1598.1936 | AJ4: 1588.9463 | AK4: 1605.5714 | AL4: 1632.6106 | AM4: 1635.9061 | AN4: 1626.2964 | AO4: 1643.1624 | AP4: 1670.6794
A5: Anchorage - AK | B5: 1450.4218 | C5: 1452.6047 | D5: 1450.2614 | E5: 1471.7357 | F5: 1502.2538 | G5: 1501.9877 | H5: 1497.1013 | I5: 1517.1682 | J5: 1547.4042 | K5: 1546.2278 | L5: 1540.4519 | M5: 1560.0135 | N5: 1589.6646 | O5: 1587.0461 | P5: 1579.8735 | Q5: 1598.9811 | R5: 1628.6346 | S5: 1625.4921 | T5: 1617.8561 | U5: 1637.2764 | V5: 1667.5887 | W5: 1664.3918 | X5: 1656.5981 | Y5: 1676.4962 | Z5: 1707.5419 | AA5: 1703.9586 | AB5: 1695.6736 | AC5: 1715.7175 | AD5: 1747.1506 | AE5: 1743.5204 | AF5: 1734.9069 | AG5: 1755.2617 | AH5: 1787.26 | AI5: 1783.2264 | AJ5: 1774.2784 | AK5: 1794.9293 | AL5: 1827.4773 | AM5: 1823.3898 | AN5: 1814.2806 | AO5: 1835.2402 | AP5: 1868.3505
A6: Asheville - NC | B6: 1688.0381 | C6: 1692.0095 | D6: 1692.3958 | E6: 1710.4611 | F6: 1731.3979 | G6: 1735.8444 | H6: 1737.0638 | I6: 1756.7344 | J6: 1780.0291 | K6: 1787.2716 | L6: 1790.7267 | M6: 1812.2072 | N6: 1836.55 | O6: 1843.099 | P6: 1845.3124 | Q6: 1866.2141 | R6: 1890.0389 | S6: 1895.9054 | T6: 1897.5527 | U6: 1918.4294 | V6: 1942.6803 | W6: 1948.3218 | X6: 1949.4275 | Y6: 1970.2994 | Z6: 1994.4332 | AA6: 1999.441 | AB6: 2000.1127 | AC6: 2021.0752 | AD6: 2045.3771 | AE6: 2050.2434 | AF6: 2050.3232 | AG6: 2071.4089 | AH6: 2096.1265 | AI6: 2100.6985 | AJ6: 2100.5676 | AK6: 2121.7695 | AL6: 2146.6804 | AM6: 2151.1582 | AN6: 2150.6001 | AO6: 2172.1147 | AP6: 2197.2029
A7: Atlanta - GA | B7: 1668.8685 | C7: 1666.6951 | D7: 1658.1897 | E7: 1675.6898 | F7: 1697.3202 | G7: 1695.5814 | H7: 1689.7577 | I7: 1712.8566 | J7: 1740.6056 | K7: 1743.7012 | L7: 1740.3181 | M7: 1764.6973 | N7: 1792.3401 | O7: 1793.7581 | P7: 1788.5753 | Q7: 1812.2827 | R7: 1839.6359 | S7: 1840.5129 | T7: 1834.9227 | U7: 1859.3296 | V7: 1887.6549 | W7: 1888.7731 | X7: 1883.2334 | Y7: 1908.3062 | Z7: 1937.2167 | AA7: 1938.1782 | AB7: 1932.1152 | AC7: 1957.4738 | AD7: 1986.7786 | AE7: 1987.3904 | AF7: 1980.9919 | AG7: 2006.8497 | AH7: 2036.7426 | AI7: 2037.1945 | AJ7: 2030.4611 | AK7: 2056.7949 | AL7: 2087.4668 | AM7: 2087.7285 | AN7: 2080.6213 | AO7: 2107.4224 | AP7: 2138.6787
A8: Augusta - GA | B8: 1262.0284 | C8: 1264.2003 | D8: 1267.0104 | E8: 1281.8507 | F8: 1297.3851 | G8: 1300.2252 | H8: 1303.7611 | I8: 1319.8311 | J8: 1337.2474 | K8: 1342.0171 | L8: 1347.0704 | M8: 1364.334 | N8: 1381.9805 | O8: 1385.62 | P8: 1389.3722 | Q8: 1405.7076 | R8: 1422.5912 | S8: 1425.4669 | T8: 1428.6906 | U8: 1445.0139 | V8: 1462.1245 | W8: 1464.8264 | X8: 1467.7439 | Y8: 1484.1027 | Z8: 1501.104 | AA8: 1503.2909 | AB8: 1505.8516 | AC8: 1522.2042 | AD8: 1539.2106 | AE8: 1541.0922 | AF8: 1543.2124 | AG8: 1559.5964 | AH8: 1576.7915 | AI8: 1578.3929 | AJ8: 1580.3976 | AK8: 1596.8911 | AL8: 1614.2642 | AM8: 1615.8162 | AN8: 1617.6328 | AO8: 1634.45 | AP8: 1651.9359
A9: Austin - TX | B9: 1597.6477 | C9: 1592.8553 | D9: 1591.5516 | E9: 1620.1384 | F9: 1650.9556 | G9: 1652.9717 | H9: 1653.4624 | I9: 1683.1823 | J9: 1716.4048 | K9: 1718.5039 | L9: 1717.6946 | M9: 1746.5939 | N9: 1778.5515 | O9: 1777.8719 | P9: 1774.2546 | Q9: 1801.6464 | R9: 1832.423 | S9: 1830.2473 | T9: 1825.4072 | U9: 1852.9758 | V9: 1884.4227 | W9: 1882.076 | X9: 1877.1348 | Y9: 1905.55 | Z9: 1937.7623 | AA9: 1935.1876 | AB9: 1929.7683 | AC9: 1958.458 | AD9: 1991.2334 | AE9: 1988.1831 | AF9: 1982.2109 | AG9: 2011.5001 | AH9: 2044.9821 | AI9: 2041.6195 | AJ9: 2035.4717 | AK9: 2065.374 | AL9: 2099.5808 | AM9: 2095.896 | AN9: 2089.3616 | AO9: 2120.0615 | AP9: 2154.9741
A10: Bakersfield - CA | B10: 1397.2712 | C10: 1410.3289 | D10: 1420.5657 | E10: 1436.0504 | F10: 1451.2557 | G10: 1462.2244 | H10: 1470.7241 | I10: 1484.8682 | J10: 1499.4886 | K10: 1509.9845 | L10: 1518.1322 | M10: 1531.726 | N10: 1545.4661 | O10: 1554.9552 | P10: 1562.0129 | Q10: 1575.0054 | R10: 1588.4458 | S10: 1597.8271 | T10: 1604.8923 | U10: 1618.2185 | V10: 1632.0356 | W10: 1641.6813 | X10: 1648.9426 | Y10: 1662.635 | Z10: 1676.8323 | AA10: 1686.5768 | AB10: 1693.901 | AC10: 1707.8352 | AD10: 1722.2887 | AE10: 1732.3401 | AF10: 1739.6975 | AG10: 1753.8375 | AH10: 1768.5112 | AI10: 1778.6594 | AJ10: 1786.2196 | AK10: 1800.7794 | AL10: 1815.8899 | AM10: 1826.3473 | AN10: 1834.0553 | AO10: 1848.7223 | AP10: 1863.9365
A11: Baltimore - MD | B11: 1748.9147 | C11: 1748.109 | D11: 1749.6179 | E11: 1781.2981 | F11: 1811.5752 | G11: 1809.3715 | H11: 1808.9753 | I11: 1837.5344 | J11: 1866.8435 | K11: 1863.7504 | L11: 1863.0819 | M11: 1893.9386 | N11: 1924.8776 | O11: 1921.4703 | P11: 1919.8044 | Q11: 1950.4403 | R11: 1981.2961 | S11: 1976.9767 | T11: 1974.8506 | U11: 2006.1554 | V11: 2037.4927 | W11: 2032.8502 | X11: 2030.2639 | Y11: 2061.8428 | Z11: 2093.2129 | AA11: 2087.4014 | AB11: 2083.7219 | AC11: 2115.0955 | AD11: 2146.4329 | AE11: 2139.842 | AF11: 2135.6399 | AG11: 2167.3918 | AH11: 2199.3076 | AI11: 2192.3484 | AJ11: 2187.835 | AK11: 2220.3635 | AL11: 2252.8374 | AM11: 2245.4861 | AN11: 2240.6375 | AO11: 2273.7427 | AP11: 2306.7722
A12: Baton Rouge - LA | B12: 1198.8907 | C12: 1201.8524 | D12: 1201.1544 | E12: 1215.4435 | F12: 1231.4956 | G12: 1234.9979 | H12: 1234.9025 | I12: 1250.2343 | J12: 1268.001 | K12: 1273.2565 | L12: 1274.475 | M12: 1290.8325 | N12: 1308.8898 | O12: 1313.2108 | P12: 1313.1548 | Q12: 1328.6899 | R12: 1346.1351 | S12: 1349.7214 | T12: 1349.0078 | U12: 1364.4596 | V12: 1382.0717 | W12: 1385.4978 | X12: 1384.3705 | Y12: 1399.8458 | Z12: 1417.3605 | AA12: 1420.3002 | AB12: 1418.6978 | AC12: 1434.13 | AD12: 1451.6715 | AE12: 1454.4126 | AF12: 1452.3593 | AG12: 1467.9071 | AH12: 1485.7524 | AI12: 1488.2946 | AJ12: 1486.0099 | AK12: 1501.6023 | AL12: 1519.5109 | AM12: 1521.9005 | AN12: 1519.2561 | AO12: 1535.0536 | AP12: 1553.088
A13: Beaumont - TX | B13: 1069.5784 | C13: 1073.2943 | D13: 1079.2769 | E13: 1092.9639 | F13: 1105.1907 | G13: 1107.9957 | H13: 1113.1388 | I13: 1125.7837 | J13: 1138.1061 | K13: 1141.1575 | L13: 1146.6017 | M13: 1159.4674 | N13: 1171.6294 | O13: 1173.8405 | P13: 1178.427 | Q13: 1190.7153 | R13: 1202.4325 | S13: 1204.077 | T13: 1208.4076 | U13: 1220.7537 | V13: 1232.5823 | W13: 1234.1947 | X13: 1238.5616 | Y13: 1251.0216 | Z13: 1263.0035 | AA13: 1264.3788 | AB13: 1268.5864 | AC13: 1281.1161 | AD13: 1293.0994 | AE13: 1294.3344 | AF13: 1298.4822 | AG13: 1311.0754 | AH13: 1323.1626 | AI13: 1324.2325 | AJ13: 1328.292 | AK13: 1341.1989 | AL13: 1353.589 | AM13: 1354.5085 | AN13: 1358.4886 | AO13: 1371.5199 | AP13: 1383.9822
... A151: Youngstown - OH | B151: 868.98279 | C151: 876.1004 | D151: 883.13538 | E151: 892.30817 | F151: 900.91772 | G151: 906.77289 | H151: 912.62006 | I151: 920.53406 | J151: 928.13013 | K151: 933.24261 | L151: 938.42731 | M151: 945.66339 | N151: 952.54718 | O151: 956.77185 | P151: 961.06256 | Q151: 967.68793 | R151: 974.06732 | S151: 977.91321 | T151: 981.95831 | U151: 988.36658 | V151: 994.61609 | W151: 998.3642 | X151: 1002.281 | Y151: 1008.7376 | Z151: 1014.8633 | AA151: 1018.3132 | AB151: 1022.0339 | AC151: 1028.2339 | AD151: 1034.2615 | AE151: 1037.6866 | AF151: 1041.2152 | AG151: 1047.356 | AH151: 1053.3179 | AI151: 1056.626 | AJ151: 1060.1024 | AK151: 1066.2634 | AL151: 1072.2408 | AM151: 1075.4388 | AN151: 1078.9 | AO151: 1084.9888 | AP151: 1090.8849
E153: 1 | M153: 3 | U153: 5 | AO153: 10
A154: Geography Name | B154: =B1 -> 2025 Q2 | C154: =C1 -> 2025 Q3 | D154: =D1 -> 2025 Q4 | E154: =E1 -> 2026 Q1 | F154: =F1 -> 2026 Q2 | G154: =G1 -> 2026 Q3 | H154: =H1 -> 2026 Q4 | I154: =I1 -> 2027 Q1 | ... AP154: =AP1 -> 2035 Q2
A155: Akron - OH | B155: =B2/$B2 -> 1 | C155: =C2/$B2 -> 1.0017487 | D155: =D2/$B2 -> 1.0037973 | E155: =E2/$B2 -> 1.0188974 | F155: =F2/$B2 -> 1.0356522 | G155: =G2/$B2 -> 1.0358636 | H155: =H2/$B2 -> 1.0364525 | I155: =I2/$B2 -> 1.0502615 | ... AP155: =AP2/$B2 -> 1.2465448
A156: Albany - NY | B156: =B3/$B3 -> 1 | C156: =C3/$B3 -> 1.0046173 | D156: =D3/$B3 -> 1.0094 | E156: =E3/$B3 -> 1.0237439 | F156: =F3/$B3 -> 1.0388265 | G156: =G3/$B3 -> 1.0422229 | H156: =H3/$B3 -> 1.0459979 | I156: =I3/$B3 -> 1.0592501 | ... AP156: =AP3/$B3 -> 1.3017645
A157: Albuquerque - NM | B157: =B4/$B4 -> 1 | C157: =C4/$B4 -> 1.0044724 | D157: =D4/$B4 -> 1.0009798 | E157: =E4/$B4 -> 1.0142475 | F157: =F4/$B4 -> 1.0331106 | G157: =G4/$B4 -> 1.0368608 | H157: =H4/$B4 -> 1.032309 | I157: =I4/$B4 -> 1.0446209 | ... AP157: =AP4/$B4 -> 1.2999255
A158: Anchorage - AK | B158: =B5/$B5 -> 1 | C158: =C5/$B5 -> 1.0015051 | D158: =D5/$B5 -> 0.99988941 | E158: =E5/$B5 -> 1.014695 | F158: =F5/$B5 -> 1.0357358 | G158: =G5/$B5 -> 1.0355524 | H158: =H5/$B5 -> 1.0321834 | I158: =I5/$B5 -> 1.0460187 | ... AP158: =AP5/$B5 -> 1.2881429
A159: Asheville - NC | B159: =B6/$B6 -> 1 | C159: =C6/$B6 -> 1.0023527 | D159: =D6/$B6 -> 1.0025815 | E159: =E6/$B6 -> 1.0132835 | F159: =F6/$B6 -> 1.0256865 | G159: =G6/$B6 -> 1.0283206 | H159: =H6/$B6 -> 1.029043 | I159: =I6/$B6 -> 1.0406959 | ... AP159: =AP6/$B6 -> 1.3016311
A160: Atlanta - GA | B160: =B7/$B7 -> 1 | C160: =C7/$B7 -> 0.99869764 | D160: =D7/$B7 -> 0.99360115 | E160: =E7/$B7 -> 1.0040874 | F160: =F7/$B7 -> 1.0170485 | G160: =G7/$B7 -> 1.0160066 | H160: =H7/$B7 -> 1.012517 | I160: =I7/$B7 -> 1.026358 | ... AP160: =AP7/$B7 -> 1.2815142
A161: Augusta - GA | B161: =B8/$B8 -> 1 | C161: =C8/$B8 -> 1.0017209 | D161: =D8/$B8 -> 1.0039476 | E161: =E8/$B8 -> 1.0157067 | F161: =F8/$B8 -> 1.0280158 | G161: =G8/$B8 -> 1.0302662 | H161: =H8/$B8 -> 1.0330679 | I161: =I8/$B8 -> 1.0458014 | ... AP161: =AP8/$B8 -> 1.308953
A162: Austin - TX | B162: =B9/$B9 -> 1 | C162: =C9/$B9 -> 0.99700037 | D162: =D9/$B9 -> 0.99618435 | E162: =E9/$B9 -> 1.0140774 | F162: =F9/$B9 -> 1.0333665 | G162: =G9/$B9 -> 1.0346284 | H162: =H9/$B9 -> 1.0349355 | I162: =I9/$B9 -> 1.0535378 | ... AP162: =AP9/$B9 -> 1.3488419
A163: Bakersfield - CA | B163: =B10/$B10 -> 1 | C163: =C10/$B10 -> 1.0093451 | D163: =D10/$B10 -> 1.0166714 | E163: =E10/$B10 -> 1.0277535 | F163: =F10/$B10 -> 1.0386357 | G163: =G10/$B10 -> 1.0464857 | H163: =H10/$B10 -> 1.0525688 | I163: =I10/$B10 -> 1.0626914 | ... AP163: =AP10/$B10 -> 1.3339833
A164: Baltimore - MD | B164: =B11/$B11 -> 1 | C164: =C11/$B11 -> 0.99953933 | D164: =D11/$B11 -> 1.0004021 | E164: =E11/$B11 -> 1.0185163 | F164: =F11/$B11 -> 1.0358282 | G164: =G11/$B11 -> 1.0345682 | H164: =H11/$B11 -> 1.0343417 | I164: =I11/$B11 -> 1.0506713 | ... AP164: =AP11/$B11 -> 1.3189736
A165: Baton Rouge - LA | B165: =B12/$B12 -> 1 | C165: =C12/$B12 -> 1.0024703 | D165: =D12/$B12 -> 1.0018881 | E165: =E12/$B12 -> 1.0138067 | F165: =F12/$B12 -> 1.0271959 | G165: =G12/$B12 -> 1.0301172 | H165: =H12/$B12 -> 1.0300375 | I165: =I12/$B12 -> 1.0428258 | ... AP165: =AP12/$B12 -> 1.2954375
A166: Beaumont - TX | B166: =B13/$B13 -> 1 | C166: =C13/$B13 -> 1.0034742 | D166: =D13/$B13 -> 1.0090676 | E166: =E13/$B13 -> 1.0218642 | F166: =F13/$B13 -> 1.0332956 | G166: =G13/$B13 -> 1.0359182 | H166: =H13/$B13 -> 1.0407267 | I166: =I13/$B13 -> 1.052549 | ... AP166: =AP13/$B13 -> 1.2939512
... A304: Youngstown - OH | B304: =B151/$B151 -> 1 | C304: =C151/$B151 -> 1.0081907 | D304: =D151/$B151 -> 1.0162864 | E304: =E151/$B151 -> 1.0268422 | F304: =F151/$B151 -> 1.0367498 | G304: =G151/$B151 -> 1.0434877 | H304: =H151/$B151 -> 1.0502165 | I304: =I151/$B151 -> 1.0593237 | ... AP304: =AP151/$B151 -> 1.2553585
A306: Market | B306: 1 | C306: 3 | D306: 5 | E306: 10 | G306: Market | H306: 1 | I306: 1 Year Rank | K306: Market | L306: 3 | M306: 3 Year Rank | O306: Market | P306: 5 | Q306: 5 Year Rank | S306: Market | T306: 10 | U306: 10 Year Rank
A307: Akron - OH | B307: =E155 -> 1.0188974 | C307: =M155 -> 1.0778281 | D307: =U155 -> 1.1245637 | E307: =AO155 -> 1.2313121 | G307: Akron - OH | H307: 1.0188974 | I307: =RANK(H307,H$307:H$456) -> 69 | K307: Akron - OH | L307: 1.0778281 | M307: =RANK(L307,L$307:L$456) -> 104 | O307: Akron - OH | P307: 1.1245637 | Q307: =RANK(P307,P$307:P$456) -> 132 | S307: Akron - OH | T307: 1.2313121 | U307: =RANK(T307,T$307:T$456) -> 145
A308: Albany - NY | B308: =E156 -> 1.0237439 | C308: =M156 -> 1.0925874 | D308: =U156 -> 1.1503444 | E308: =AO156 -> 1.2877855 | G308: Albany - NY | H308: 1.0237439 | I308: =RANK(H308,H$307:H$456) -> 32 | K308: Albany - NY | L308: 1.0925874 | M308: =RANK(L308,L$307:L$456) -> 23 | O308: Albany - NY | P308: 1.1503444 | Q308: =RANK(P308,P$307:P$456) -> 36 | S308: Albany - NY | T308: 1.2877855 | U308: =RANK(T308,T$307:T$456) -> 81
A309: Albuquerque - NM | B309: =E157 -> 1.0142475 | C309: =M157 -> 1.0760856 | D309: =U157 -> 1.1338711 | E309: =AO157 -> 1.278515 | G309: Albuquerque - NM | H309: 1.0142475 | I309: =RANK(H309,H$307:H$456) -> 106 | K309: Albuquerque - NM | L309: 1.0760856 | M309: =RANK(L309,L$307:L$456) -> 116 | O309: Albuquerque - NM | P309: 1.1338711 | Q309: =RANK(P309,P$307:P$456) -> 110 | S309: Albuquerque - NM | T309: 1.278515 | U309: =RANK(T309,T$307:T$456) -> 103
A310: Anchorage - AK | B310: =E158 -> 1.014695 | C310: =M158 -> 1.0755586 | D310: =U158 -> 1.1288278 | E310: =AO158 -> 1.2653149 | G310: Anchorage - AK | H310: 1.014695 | I310: =RANK(H310,H$307:H$456) -> 97 | K310: Anchorage - AK | L310: 1.0755586 | M310: =RANK(L310,L$307:L$456) -> 119 | O310: Anchorage - AK | P310: 1.1288278 | Q310: =RANK(P310,P$307:P$456) -> 120 | S310: Anchorage - AK | T310: 1.2653149 | U310: =RANK(T310,T$307:T$456) -> 118
A311: Asheville - NC | B311: =E159 -> 1.0132835 | C311: =M159 -> 1.0735582 | D311: =U159 -> 1.1364847 | E311: =AO159 -> 1.2867688 | G311: Asheville - NC | H311: 1.0132835 | I311: =RANK(H311,H$307:H$456) -> 117 | K311: Asheville - NC | L311: 1.0735582 | M311: =RANK(L311,L$307:L$456) -> 123 | O311: Asheville - NC | P311: 1.1364847 | Q311: =RANK(P311,P$307:P$456) -> 102 | S311: Asheville - NC | T311: 1.2867688 | U311: =RANK(T311,T$307:T$456) -> 85
A312: Atlanta - GA | B312: =E160 -> 1.0040874 | C312: =M160 -> 1.0574214 | D312: =U160 -> 1.1141259 | E312: =AO160 -> 1.2627851 | G312: Atlanta - GA | H312: 1.0040874 | I312: =RANK(H312,H$307:H$456) -> 146 | K312: Atlanta - GA | L312: 1.0574214 | M312: =RANK(L312,L$307:L$456) -> 147 | O312: Atlanta - GA | P312: 1.1141259 | Q312: =RANK(P312,P$307:P$456) -> 145 | S312: Atlanta - GA | T312: 1.2627851 | U312: =RANK(T312,T$307:T$456) -> 119
A313: Augusta - GA | B313: =E161 -> 1.0157067 | C313: =M161 -> 1.0810644 | D313: =U161 -> 1.1449931 | E313: =AO161 -> 1.2950976 | G313: Augusta - GA | H313: 1.0157067 | I313: =RANK(H313,H$307:H$456) -> 88 | K313: Augusta - GA | L313: 1.0810644 | M313: =RANK(L313,L$307:L$456) -> 82 | O313: Augusta - GA | P313: 1.1449931 | Q313: =RANK(P313,P$307:P$456) -> 68 | S313: Augusta - GA | T313: 1.2950976 | U313: =RANK(T313,T$307:T$456) -> 65
A314: Austin - TX | B314: =E162 -> 1.0140774 | C314: =M162 -> 1.0932284 | D314: =U162 -> 1.159815 | E314: =AO162 -> 1.3269894 | G314: Austin - TX | H314: 1.0140774 | I314: =RANK(H314,H$307:H$456) -> 110 | K314: Austin - TX | L314: 1.0932284 | M314: =RANK(L314,L$307:L$456) -> 20 | O314: Austin - TX | P314: 1.159815 | Q314: =RANK(P314,P$307:P$456) -> 10 | S314: Austin - TX | T314: 1.3269894 | U314: =RANK(T314,T$307:T$456) -> 10
A315: Bakersfield - CA | B315: =E163 -> 1.0277535 | C315: =M163 -> 1.0962266 | D315: =U163 -> 1.1581277 | E315: =AO163 -> 1.3230948 | G315: Bakersfield - CA | H315: 1.0277535 | I315: =RANK(H315,H$307:H$456) -> 10 | K315: Bakersfield - CA | L315: 1.0962266 | M315: =RANK(L315,L$307:L$456) -> 9 | O315: Bakersfield - CA | P315: 1.1581277 | Q315: =RANK(P315,P$307:P$456) -> 11 | S315: Bakersfield - CA | T315: 1.3230948 | U315: =RANK(T315,T$307:T$456) -> 12
A316: Baltimore - MD | B316: =E164 -> 1.0185163 | C316: =M164 -> 1.0829222 | D316: =U164 -> 1.1470859 | E316: =AO164 -> 1.3000878 | G316: Baltimore - MD | H316: 1.0185163 | I316: =RANK(H316,H$307:H$456) -> 72 | K316: Baltimore - MD | L316: 1.0829222 | M316: =RANK(L316,L$307:L$456) -> 68 | O316: Baltimore - MD | P316: 1.1470859 | Q316: =RANK(P316,P$307:P$456) -> 60 | S316: Baltimore - MD | T316: 1.3000878 | U316: =RANK(T316,T$307:T$456) -> 53
A317: Baton Rouge - LA | B317: =E165 -> 1.0138067 | C317: =M165 -> 1.076689 | D317: =U165 -> 1.1381017 | E317: =AO165 -> 1.2803949 | G317: Baton Rouge - LA | H317: 1.0138067 | I317: =RANK(H317,H$307:H$456) -> 112 | K317: Baton Rouge - LA | L317: 1.076689 | M317: =RANK(L317,L$307:L$456) -> 112 | O317: Baton Rouge - LA | P317: 1.1381017 | Q317: =RANK(P317,P$307:P$456) -> 98 | S317: Baton Rouge - LA | T317: 1.2803949 | U317: =RANK(T317,T$307:T$456) -> 101
A318: Beaumont - TX | B318: =E166 -> 1.0218642 | C318: =M166 -> 1.0840416 | D318: =U166 -> 1.141341 | E318: =AO166 -> 1.2822996 | G318: Beaumont - TX | H318: 1.0218642 | I318: =RANK(H318,H$307:H$456) -> 48 | K318: Beaumont - TX | L318: 1.0840416 | M318: =RANK(L318,L$307:L$456) -> 63 | O318: Beaumont - TX | P318: 1.141341 | Q318: =RANK(P318,P$307:P$456) -> 84 | S318: Beaumont - TX | T318: 1.2822996 | U318: =RANK(T318,T$307:T$456) -> 96
... A456: Youngstown - OH | B456: =E304 -> 1.0268422 | C456: =M304 -> 1.0882418 | D456: =U304 -> 1.1373834 | E456: =AO304 -> 1.2485734 | G456: Youngstown - OH | H456: 1.0268422 | I456: =RANK(H456,H$307:H$456) -> 12 | K456: Youngstown - OH | L456: 1.0882418 | M456: =RANK(L456,L$307:L$456) -> 46 | O456: Youngstown - OH | P456: 1.1373834 | Q456: =RANK(P456,P$307:P$456) -> 99 | S456: Youngstown - OH | T456: 1.2485734 | U456: =RANK(T456,T$307:T$456) -> 131

Sheet Effective Rent-Forward
A1: Property Class Name | B1: Slice | C1: As Of | D1: Geography Name | E1: Concept Name | F1: 2025 Q2 EST | G1: 2025 Q3 | H1: 2025 Q4 | I1: 2026 Q1 | J1: 2026 Q2 | K1: 2026 Q3 | L1: 2026 Q4 | M1: 2027 Q1 | N1: 2027 Q2 | O1: 2027 Q3 | P1: 2027 Q4 | Q1: 2028 Q1 | R1: 2028 Q2 | S1: 2028 Q3 | T1: 2028 Q4 | U1: 2029 Q1 | V1: 2029 Q2 | W1: 2029 Q3 | X1: 2029 Q4 | Y1: 2030 Q1 | Z1: 2030 Q2 | AA1: 2030 Q3 | AB1: 2030 Q4 | AC1: 2031 Q1 | AD1: 2031 Q2 | AE1: 2031 Q3 | AF1: 2031 Q4 | AG1: 2032 Q1 | AH1: 2032 Q2 | AI1: 2032 Q3 | AJ1: 2032 Q4 | AK1: 2033 Q1 | AL1: 2033 Q2 | AM1: 2033 Q3 | AN1: 2033 Q4 | AO1: 2034 Q1 | AP1: 2034 Q2 | AQ1: 2034 Q3 | AR1: 2034 Q4 | AS1: 2035 Q1 | AT1: 2035 Q2
A2: Multi-Family | B2: All | C2: 2025 Q2 | D2: Akron - OH USA | E2: Market Effective Rent/Unit | F2: 1173.7147 | G2: 1175.7521 | H2: 1178.1387 | I2: 1195.8826 | J2: 1215.5674 | K2: 1215.7994 | L2: 1216.4722 | M2: 1232.7014 | N2: 1251.189 | O2: 1250.0874 | P2: 1249.5944 | Q2: 1265.0646 | R2: 1282.8558 | S2: 1280.4369 | T2: 1278.6558 | U2: 1293.4785 | V2: 1310.7584 | W2: 1307.5538 | X2: 1305.2738 | Y2: 1319.9353 | Z2: 1337.2505 | AA2: 1333.8212 | AB2: 1331.2163 | AC2: 1346.0217 | AD2: 1363.3959 | AE2: 1359.5105 | AF2: 1356.6105 | AG2: 1371.3103 | AH2: 1388.7587 | AI2: 1384.6039 | AJ2: 1381.3253 | AK2: 1396.1002 | AL2: 1413.6722 | AM2: 1409.2792 | AN2: 1405.7932 | AO2: 1420.6708 | AP2: 1438.3881 | AQ2: 1433.7904 | AR2: 1430.2635 | AS2: 1445.2723 | AT2: 1463.1763
A3: Multi-Family | B3: All | C3: 2025 Q2 | D3: Albany - NY USA | E3: Market Effective Rent/Unit | F3: 1637.1587 | G3: 1644.7206 | H3: 1652.5503 | I3: 1676.0369 | J3: 1700.7361 | K3: 1706.3 | L3: 1712.4794 | M3: 1734.1796 | N3: 1757.6462 | O3: 1762.1228 | P3: 1767.4073 | Q3: 1788.7728 | R3: 1811.6388 | S3: 1814.2527 | T3: 1817.7087 | U3: 1837.6295 | V3: 1859.2306 | W3: 1860.6909 | X3: 1863.3813 | Y3: 1883.3627 | Z3: 1905.2441 | AA3: 1906.592 | AB3: 1909.0769 | AC3: 1929.0104 | AD3: 1950.9277 | AE3: 1951.8318 | AF3: 1953.8241 | AG3: 1973.8303 | AH3: 1996.0789 | AI3: 1996.6399 | AJ3: 1998.5023 | AK3: 2018.8116 | AL3: 2041.1519 | AM3: 2041.5247 | AN3: 2043.2212 | AO3: 2063.5623 | AP3: 2086.1863 | AQ3: 2086.3721 | AR3: 2087.8992 | AS3: 2108.4663 | AT3: 2131.3623
A4: Multi-Family | B4: All | C4: 2025 Q2 | D4: Albuquerque - NM USA | E4: Market Effective Rent/Unit | F4: 1274.3367 | G4: 1280.0214 | H4: 1275.5364 | I4: 1292.4575 | J4: 1316.5404 | K4: 1321.3048 | L4: 1315.4692 | M4: 1331.1732 | N4: 1355.8215 | O4: 1360.9786 | P4: 1355.2192 | Q4: 1371.2806 | R4: 1396.0601 | S4: 1400.3665 | T4: 1393.2681 | U4: 1408.7716 | V4: 1433.3398 | W4: 1437.0151 | X4: 1429.3147 | Y4: 1444.9442 | Z4: 1470.0059 | AA4: 1473.797 | AB4: 1465.9238 | AC4: 1481.7516 | AD4: 1507.2478 | AE4: 1510.7655 | AF4: 1502.3267 | AG4: 1518.2542 | AH4: 1544.0743 | AI4: 1547.5707 | AJ4: 1538.8264 | AK4: 1555.0437 | AL4: 1581.3562 | AM4: 1584.7632 | AN4: 1575.5527 | AO4: 1592.0552 | AP4: 1618.9224 | AQ4: 1622.1736 | AR4: 1612.6018 | AS4: 1629.3447 | AT4: 1656.6873
A5: Multi-Family | B5: All | C5: 2025 Q2 | D5: Anchorage - AK USA | E5: Market Effective Rent/Unit | F5: 1439.4951 | G5: 1441.6759 | H5: 1439.3665 | I5: 1460.6713 | J5: 1490.9493 | K5: 1490.6996 | L5: 1485.8669 | M5: 1505.7767 | N5: 1535.7736 | O5: 1534.6224 | P5: 1528.907 | Q5: 1548.3129 | R5: 1577.7323 | S5: 1575.1467 | T5: 1568.0463 | U5: 1587.0032 | V5: 1616.4232 | W5: 1613.3197 | X5: 1605.7579 | Y5: 1625.0258 | Z5: 1655.1002 | AA5: 1651.9446 | AB5: 1644.2275 | AC5: 1663.9678 | AD5: 1694.7703 | AE5: 1691.228 | AF5: 1683.0266 | AG5: 1702.911 | AH5: 1734.0995 | AI5: 1730.5129 | AJ5: 1721.9832 | AK5: 1742.1777 | AL5: 1773.9264 | AM5: 1769.9402 | AN5: 1761.0786 | AO5: 1781.569 | AP5: 1813.8611 | AQ5: 1809.8215 | AR5: 1800.8022 | AS5: 1821.5966 | AT5: 1854.4487
A6: Multi-Family | B6: All | C6: 2025 Q2 | D6: Asheville - NC USA | E6: Market Effective Rent/Unit | F6: 1660.3861 | G6: 1664.3049 | H6: 1664.6427 | I6: 1682.3953 | J6: 1703.0485 | K6: 1707.4297 | L6: 1708.583 | M6: 1727.912 | N6: 1750.8865 | O6: 1758.0181 | P6: 1761.3689 | Q6: 1782.4778 | R6: 1806.4849 | S6: 1812.9347 | T6: 1815.0625 | U6: 1835.6035 | V6: 1859.1027 | W6: 1864.8826 | X6: 1866.4543 | Y6: 1886.9706 | Z6: 1910.8925 | AA6: 1916.4513 | AB6: 1917.4879 | AC6: 1937.9998 | AD6: 1961.8077 | AE6: 1966.7444 | AF6: 1967.3535 | AG6: 1987.9558 | AH6: 2011.932 | AI6: 2016.7307 | AJ6: 2016.7571 | AK6: 2037.4786 | AL6: 2061.8662 | AM6: 2066.3752 | AN6: 2066.1926 | AO6: 2087.0288 | AP6: 2111.6084 | AQ6: 2116.0259 | AR6: 2115.4226 | AS6: 2136.5659 | AT6: 2161.322
A7: Multi-Family | B7: All | C7: 2025 Q2 | D7: Atlanta - GA USA | E7: Market Effective Rent/Unit | F7: 1638.7471 | G7: 1636.5583 | H7: 1628.1398 | I7: 1645.3846 | J7: 1666.7172 | K7: 1664.9517 | L7: 1659.1624 | M7: 1681.9042 | N7: 1709.2465 | O7: 1712.2264 | P7: 1708.8317 | Q7: 1732.8328 | R7: 1760.0737 | S7: 1761.4041 | T7: 1756.239 | U7: 1779.5812 | V7: 1806.5394 | W7: 1807.3359 | X7: 1801.7682 | Y7: 1825.7988 | Z7: 1853.7145 | AA7: 1854.7457 | AB7: 1849.2252 | AC7: 1873.9116 | AD7: 1902.4048 | AE7: 1903.2806 | AF7: 1897.2439 | AG7: 1922.213 | AH7: 1951.0963 | AI7: 1951.6265 | AJ7: 1945.2578 | AK7: 1970.7189 | AL7: 2000.1825 | AM7: 2000.5538 | AN7: 1993.8539 | AO7: 2019.7845 | AP7: 2050.0166 | AQ7: 2050.1992 | AR7: 2043.13 | AS7: 2069.5215 | AT7: 2100.3308
A8: Multi-Family | B8: All | C8: 2025 Q2 | D8: Augusta - GA USA | E8: Market Effective Rent/Unit | F8: 1248.1744 | G8: 1250.2963 | H8: 1253.0529 | I8: 1267.7577 | J8: 1283.1492 | K8: 1285.9312 | L8: 1289.4059 | M8: 1305.3278 | N8: 1322.5818 | O8: 1327.2712 | P8: 1332.2461 | Q8: 1349.3489 | R8: 1366.8324 | S8: 1370.4038 | T8: 1374.0903 | U8: 1390.2771 | V8: 1407.0065 | W8: 1409.8217 | X8: 1412.9845 | Y8: 1429.1603 | Z8: 1446.115 | AA8: 1448.7574 | AB8: 1451.6165 | AC8: 1467.8278 | AD8: 1484.6758 | AE8: 1486.8083 | AF8: 1489.3145 | AG8: 1505.5209 | AH8: 1522.3741 | AI8: 1524.2041 | AJ8: 1526.2745 | AK8: 1542.5122 | AL8: 1559.5535 | AM8: 1561.1052 | AN8: 1563.0605 | AO8: 1579.4081 | AP8: 1596.6255 | AQ8: 1598.1284 | AR8: 1599.8966 | AS8: 1616.5652 | AT8: 1633.8965
A9: Multi-Family | B9: All | C9: 2025 Q2 | D9: Austin - TX USA | E9: Market Effective Rent/Unit | F9: 1559.1013 | G9: 1554.3123 | H9: 1552.9197 | I9: 1580.9395 | J9: 1611.1523 | K9: 1612.9994 | L9: 1613.3503 | M9: 1642.4783 | N9: 1675.0431 | O9: 1676.9661 | P9: 1676.0433 | Q9: 1704.3762 | R9: 1735.7134 | S9: 1734.9198 | T9: 1731.2522 | U9: 1758.1185 | V9: 1788.3074 | W9: 1786.0488 | X9: 1781.1829 | Y9: 1808.2256 | Z9: 1839.0729 | AA9: 1836.6434 | AB9: 1831.6746 | AC9: 1859.5479 | AD9: 1891.147 | AE9: 1888.4907 | AF9: 1883.0509 | AG9: 1911.1967 | AH9: 1943.3499 | AI9: 1940.2256 | AJ9: 1934.2424 | AK9: 1962.9775 | AL9: 1995.8257 | AM9: 1992.3927 | AN9: 1986.2338 | AO9: 2015.572 | AP9: 2049.1326 | AQ9: 2045.3807 | AR9: 2038.84 | AS9: 2068.9617 | AT9: 2103.2163
A10: Multi-Family | B10: All | C10: 2025 Q2 | D10: Bakersfield - CA USA | E10: Market Effective Rent/Unit | F10: 1388.4956 | G10: 1401.4734 | H10: 1411.6449 | I10: 1427.0361 | J10: 1442.156 | K10: 1453.0576 | L10: 1461.5021 | M10: 1475.5624 | N10: 1490.1024 | O10: 1500.5352 | P10: 1508.6293 | Q10: 1522.1439 | R10: 1535.8064 | S10: 1545.2391 | T10: 1552.2515 | U10: 1565.168 | V10: 1578.5339 | W10: 1587.8599 | X10: 1594.8779 | Y10: 1608.1267 | Z10: 1621.8671 | AA10: 1631.455 | AB10: 1638.6691 | AC10: 1652.2826 | AD10: 1666.4016 | AE10: 1676.0864 | AF10: 1683.3634 | AG10: 1697.2155 | AH10: 1711.5918 | AI10: 1721.582 | AJ10: 1728.8915 | AK10: 1742.9478 | AL10: 1757.543 | AM10: 1767.6301 | AN10: 1775.1415 | AO10: 1789.6168 | AP10: 1804.645 | AQ10: 1815.0402 | AR10: 1822.6982 | AS10: 1837.2802 | AT10: 1852.4121
A11: Multi-Family | B11: All | C11: 2025 Q2 | D11: Baltimore - MD USA | E11: Market Effective Rent/Unit | F11: 1732.5806 | G11: 1731.8152 | H11: 1733.2949 | I11: 1764.6938 | J11: 1794.6754 | K11: 1792.5269 | L11: 1792.1185 | M11: 1820.4266 | N11: 1849.4498 | O11: 1846.422 | P11: 1845.744 | Q11: 1876.3293 | R11: 1906.9677 | S11: 1903.6299 | T11: 1901.9637 | U11: 1932.3311 | V11: 1962.8871 | W11: 1958.6464 | X11: 1956.5243 | Y11: 1987.5551 | Z11: 2018.5878 | AA11: 2014.0287 | AB11: 2011.4501 | AC11: 2042.7531 | AD11: 2073.8179 | AE11: 2068.1018 | AF11: 2064.4397 | AG11: 2095.54 | AH11: 2126.573 | AI11: 2120.0857 | AJ11: 2115.9055 | AK11: 2147.3811 | AL11: 2178.9871 | AM11: 2172.1357 | AN11: 2167.6465 | AO11: 2199.8923 | AP11: 2232.051 | AQ11: 2224.8127 | AR11: 2219.991 | AS11: 2252.8091 | AT11: 2285.5181
A12: Multi-Family | B12: All | C12: 2025 Q2 | D12: Baton Rouge - LA USA | E12: Market Effective Rent/Unit | F12: 1187.1682 | G12: 1190.0919 | H12: 1189.3975 | I12: 1203.5527 | J12: 1219.4728 | K12: 1222.9315 | L12: 1222.8335 | M12: 1238.0226 | N12: 1255.6414 | O12: 1260.8363 | P12: 1262.0398 | Q12: 1278.2456 | R12: 1296.1536 | S12: 1300.4236 | T12: 1300.3643 | U12: 1315.7559 | V12: 1333.0592 | W12: 1336.6013 | X12: 1335.8906 | Y12: 1351.2002 | Z12: 1368.6697 | AA12: 1372.0522 | AB12: 1370.9321 | AC12: 1386.2656 | AD12: 1403.6387 | AE12: 1406.5406 | AF12: 1404.9498 | AG12: 1420.2413 | AH12: 1437.6422 | AI12: 1440.3467 | AJ12: 1438.3091 | AK12: 1453.7156 | AL12: 1471.4187 | AM12: 1473.9259 | AN12: 1471.6597 | AO12: 1487.1101 | AP12: 1504.876 | AQ12: 1507.233 | AR12: 1504.6096 | AS12: 1520.2644 | AT12: 1538.156
A13: Multi-Family | B13: All | C13: 2025 Q2 | D13: Beaumont - TX USA | E13: Market Effective Rent/Unit | F13: 1063.3517 | G13: 1067.0374 | H13: 1072.9893 | I13: 1086.6083 | J13: 1098.7694 | K13: 1101.5499 | L13: 1106.6677 | M13: 1119.2502 | N13: 1131.506 | O13: 1134.5319 | P13: 1139.949 | Q13: 1152.7524 | R13: 1164.8497 | S13: 1167.0386 | T13: 1171.6029 | U13: 1183.8331 | V13: 1195.4879 | W13: 1197.1134 | X13: 1201.4237 | Y13: 1213.7117 | Z13: 1225.478 | AA13: 1227.0723 | AB13: 1231.4193 | AC13: 1243.8208 | AD13: 1255.7389 | AE13: 1257.0968 | AF13: 1261.2858 | AG13: 1273.7574 | AH13: 1285.6772 | AI13: 1286.8959 | AJ13: 1291.0249 | AK13: 1303.5603 | AL13: 1315.5841 | AM13: 1316.6378 | AN13: 1320.6796 | AO13: 1333.5262 | AP13: 1345.8529 | AQ13: 1346.7573 | AR13: 1350.72 | AS13: 1363.6907 | AT13: 1376.0889
... A151: Multi-Family | B151: All | C151: 2025 Q2 | D151: Youngstown - OH USA | E151: Market Effective Rent/Unit | F151: 865.22693 | G151: 872.3147 | H151: 879.32184 | I151: 888.46008 | J151: 897.03534 | K151: 902.86639 | L151: 908.68982 | M151: 916.57385 | N151: 924.14111 | O151: 929.23322 | P151: 934.3985 | Q151: 941.60797 | R151: 948.46527 | S151: 952.67291 | T151: 956.94769 | U151: 963.54889 | V151: 969.90375 | W151: 973.73553 | X151: 977.76477 | Y151: 984.15161 | Z151: 990.37811 | AA151: 994.11157 | AB151: 998.01416 | AC151: 1004.4473 | AD151: 1010.5511 | AE151: 1013.9871 | AF151: 1017.6951 | AG151: 1023.872 | AH151: 1029.8793 | AI151: 1033.2922 | AJ151: 1036.8069 | AK151: 1042.9265 | AL151: 1048.8662 | AM151: 1052.1627 | AN151: 1055.627 | AO151: 1061.7667 | AP151: 1067.7218 | AQ151: 1070.9082 | AR151: 1074.3582 | AS151: 1080.426 | AT151: 1086.3
I153: 1 | Q153: 3 | Y153: 5 | AS153: 10
A154: Property Class Name | B154: Slice | C154: As Of | D154: Geography Name | E154: Concept Name | F154: =F1 -> 2025 Q2 EST | G154: =G1 -> 2025 Q3 | H154: =H1 -> 2025 Q4 | I154: =I1 -> 2026 Q1 | J154: =J1 -> 2026 Q2 | K154: =K1 -> 2026 Q3 | L154: =L1 -> 2026 Q4 | M154: =M1 -> 2027 Q1 | ... AS154: =AS1 -> 2035 Q1
A155: Multi-Family | B155: All | C155: 2024 Q3 | D155: Akron - OH USA | E155: Market Effective Rent/Unit | F155: =F2/$F2 -> 1 | G155: =G2/$F2 -> 1.0017358 | H155: =H2/$F2 -> 1.0037692 | I155: =I2/$F2 -> 1.0188869 | J155: =J2/$F2 -> 1.0356583 | K155: =K2/$F2 -> 1.035856 | L155: =L2/$F2 -> 1.0364292 | M155: =M2/$F2 -> 1.0502564 | ... AS155: =AS2/$F2 -> 1.2313659
A156: Multi-Family | B156: All | C156: 2024 Q3 | D156: Albany - NY USA | E156: Market Effective Rent/Unit | F156: =F3/$F3 -> 1 | G156: =G3/$F3 -> 1.0046189 | H156: =H3/$F3 -> 1.0094014 | I156: =I3/$F3 -> 1.0237473 | J156: =J3/$F3 -> 1.038834 | K156: =K3/$F3 -> 1.0422325 | L156: =L3/$F3 -> 1.046007 | M156: =M3/$F3 -> 1.0592617 | ... AS156: =AS3/$F3 -> 1.2878814
A157: Multi-Family | B157: All | C157: 2024 Q3 | D157: Albuquerque - NM USA | E157: Market Effective Rent/Unit | F157: =F4/$F4 -> 1 | G157: =G4/$F4 -> 1.0044609 | H157: =H4/$F4 -> 1.0009414 | I157: =I4/$F4 -> 1.0142198 | J157: =J4/$F4 -> 1.0331182 | K157: =K4/$F4 -> 1.0368569 | L157: =L4/$F4 -> 1.0322776 | M157: =M4/$F4 -> 1.0446009 | ... AS157: =AS4/$F4 -> 1.2785826
A158: Multi-Family | B158: All | C158: 2024 Q3 | D158: Anchorage - AK USA | E158: Market Effective Rent/Unit | F158: =F5/$F5 -> 1 | G158: =G5/$F5 -> 1.001515 | H158: =H5/$F5 -> 0.99991062 | I158: =I5/$F5 -> 1.0147108 | J158: =J5/$F5 -> 1.0357446 | K158: =K5/$F5 -> 1.0355711 | L158: =L5/$F5 -> 1.032214 | M158: =M5/$F5 -> 1.046045 | ... AS158: =AS5/$F5 -> 1.2654413
A159: Multi-Family | B159: All | C159: 2024 Q3 | D159: Asheville - NC USA | E159: Market Effective Rent/Unit | F159: =F6/$F6 -> 1 | G159: =G6/$F6 -> 1.0023602 | H159: =H6/$F6 -> 1.0025636 | I159: =I6/$F6 -> 1.0132554 | J159: =J6/$F6 -> 1.0256942 | K159: =K6/$F6 -> 1.0283329 | L159: =L6/$F6 -> 1.0290275 | M159: =M6/$F6 -> 1.0406688 | ... AS159: =AS6/$F6 -> 1.2867886
A160: Multi-Family | B160: All | C160: 2024 Q3 | D160: Atlanta - GA USA | E160: Market Effective Rent/Unit | F160: =F7/$F7 -> 1 | G160: =G7/$F7 -> 0.99866439 | H160: =H7/$F7 -> 0.99352719 | I160: =I7/$F7 -> 1.0040504 | J160: =J7/$F7 -> 1.017068 | K160: =K7/$F7 -> 1.0159906 | L160: =L7/$F7 -> 1.0124579 | M160: =M7/$F7 -> 1.0263354 | ... AS160: =AS7/$F7 -> 1.2628682
A161: Multi-Family | B161: All | C161: 2024 Q3 | D161: Augusta - GA USA | E161: Market Effective Rent/Unit | F161: =F8/$F8 -> 1 | G161: =G8/$F8 -> 1.0016999 | H161: =H8/$F8 -> 1.0039084 | I161: =I8/$F8 -> 1.0156895 | J161: =J8/$F8 -> 1.0280207 | K161: =K8/$F8 -> 1.0302495 | L161: =L8/$F8 -> 1.0330334 | M161: =M8/$F8 -> 1.0457895 | ... AS161: =AS8/$F8 -> 1.2951436
A162: Multi-Family | B162: All | C162: 2024 Q3 | D162: Austin - TX USA | E162: Market Effective Rent/Unit | F162: =F9/$F9 -> 1 | G162: =G9/$F9 -> 0.99692832 | H162: =H9/$F9 -> 0.99603513 | I162: =I9/$F9 -> 1.0140069 | J162: =J9/$F9 -> 1.0333853 | K162: =K9/$F9 -> 1.03457 | L162: =L9/$F9 -> 1.0347951 | M162: =M9/$F9 -> 1.0534776 | ... AS162: =AS9/$F9 -> 1.3270219
A163: Multi-Family | B163: All | C163: 2024 Q3 | D163: Bakersfield - CA USA | E163: Market Effective Rent/Unit | F163: =F10/$F10 -> 1 | G163: =G10/$F10 -> 1.0093467 | H163: =H10/$F10 -> 1.0166722 | I163: =I10/$F10 -> 1.027757 | J163: =J10/$F10 -> 1.0386464 | K163: =K10/$F10 -> 1.0464978 | L163: =L10/$F10 -> 1.0525795 | M163: =M10/$F10 -> 1.0627058 | ... AS163: =AS10/$F10 -> 1.3232164
A164: Multi-Family | B164: All | C164: 2024 Q3 | D164: Baltimore - MD USA | E164: Market Effective Rent/Unit | F164: =F11/$F11 -> 1 | G164: =G11/$F11 -> 0.99955824 | H164: =H11/$F11 -> 1.0004123 | I164: =I11/$F11 -> 1.0185349 | J164: =J11/$F11 -> 1.0358395 | K164: =K11/$F11 -> 1.0345994 | L164: =L11/$F11 -> 1.0343637 | M164: =M11/$F11 -> 1.0507024 | ... AS164: =AS11/$F11 -> 1.3002622
A165: Multi-Family | B165: All | C165: 2024 Q3 | D165: Baton Rouge - LA USA | E165: Market Effective Rent/Unit | F165: =F12/$F12 -> 1 | G165: =G12/$F12 -> 1.0024628 | H165: =H12/$F12 -> 1.0018778 | I165: =I12/$F12 -> 1.0138013 | J165: =J12/$F12 -> 1.0272114 | K165: =K12/$F12 -> 1.0301249 | L165: =L12/$F12 -> 1.0300423 | M165: =M12/$F12 -> 1.0428367 | ... AS165: =AS12/$F12 -> 1.2805805
A166: Multi-Family | B166: All | C166: 2024 Q3 | D166: Beaumont - TX USA | E166: Market Effective Rent/Unit | F166: =F13/$F13 -> 1 | G166: =G13/$F13 -> 1.0034661 | H166: =H13/$F13 -> 1.0090634 | I166: =I13/$F13 -> 1.021871 | J166: =J13/$F13 -> 1.0333076 | K166: =K13/$F13 -> 1.0359225 | L166: =L13/$F13 -> 1.0407354 | M166: =M13/$F13 -> 1.0525683 | ... AS166: =AS13/$F13 -> 1.2824456
... A304: Multi-Family | B304: All | C304: 2024 Q3 | D304: Youngstown - OH USA | E304: Market Effective Rent/Unit | F304: =F151/$F151 -> 1 | G304: =G151/$F151 -> 1.0081918 | H304: =H151/$F151 -> 1.0162904 | I304: =I151/$F151 -> 1.0268521 | J304: =J151/$F151 -> 1.0367631 | K304: =K151/$F151 -> 1.0435024 | L304: =L151/$F151 -> 1.0502329 | M304: =M151/$F151 -> 1.059345 | ... AS304: =AS151/$F151 -> 1.2487198
B306: 1 | C306: 3 | D306: 5 | E306: 10 | G306: Market | H306: Index | I306: 1 | L306: Market | M306: Index | N306: 3 | P306: Market | Q306: Index | R306: 5 | T306: Market | U306: Index | V306: 10
A307: =D155 -> Akron - OH USA | B307: =I155 -> 1.0188869 | C307: =Q155 -> 1.0778297 | D307: =Y155 -> 1.1245793 | E307: =AS155 -> 1.2313659 | G307: Akron - OH USA | H307: 1.0188869 | I307: =RANK(H307,H$307:H$456) -> 69 | L307: Akron - OH USA | M307: 1.0778297 | N307: =RANK(M307,M$307:M$456) -> 104 | P307: Akron - OH USA | Q307: 1.1245793 | R307: =RANK(Q307,Q$307:Q$456) -> 133 | T307: Akron - OH USA | U307: 1.2313659 | V307: =RANK(U307,U$307:U$456) -> 145
A308: =D156 -> Albany - NY USA | B308: =I156 -> 1.0237473 | C308: =Q156 -> 1.0926081 | D308: =Y156 -> 1.1503849 | E308: =AS156 -> 1.2878814 | G308: Albany - NY USA | H308: 1.0237473 | I308: =RANK(H308,H$307:H$456) -> 31 | L308: Albany - NY USA | M308: 1.0926081 | N308: =RANK(M308,M$307:M$456) -> 23 | P308: Albany - NY USA | Q308: 1.1503849 | R308: =RANK(Q308,Q$307:Q$456) -> 36 | T308: Albany - NY USA | U308: 1.2878814 | V308: =RANK(U308,U$307:U$456) -> 81
A309: =D157 -> Albuquerque - NM USA | B309: =I157 -> 1.0142198 | C309: =Q157 -> 1.0760741 | D309: =Y157 -> 1.1338795 | E309: =AS157 -> 1.2785826 | G309: Albuquerque - NM USA | H309: 1.0142198 | I309: =RANK(H309,H$307:H$456) -> 106 | L309: Albuquerque - NM USA | M309: 1.0760741 | N309: =RANK(M309,M$307:M$456) -> 116 | P309: Albuquerque - NM USA | Q309: 1.1338795 | R309: =RANK(Q309,Q$307:Q$456) -> 110 | T309: Albuquerque - NM USA | U309: 1.2785826 | V309: =RANK(U309,U$307:U$456) -> 103
A310: =D158 -> Anchorage - AK USA | B310: =I158 -> 1.0147108 | C310: =Q158 -> 1.0755944 | D310: =Y158 -> 1.1288859 | E310: =AS158 -> 1.2654413 | G310: Anchorage - AK USA | H310: 1.0147108 | I310: =RANK(H310,H$307:H$456) -> 97 | L310: Anchorage - AK USA | M310: 1.0755944 | N310: =RANK(M310,M$307:M$456) -> 119 | P310: Anchorage - AK USA | Q310: 1.1288859 | R310: =RANK(Q310,Q$307:Q$456) -> 120 | T310: Anchorage - AK USA | U310: 1.2654413 | V310: =RANK(U310,U$307:U$456) -> 118
A311: =D159 -> Asheville - NC USA | B311: =I159 -> 1.0132554 | C311: =Q159 -> 1.0735321 | D311: =Y159 -> 1.1364649 | E311: =AS159 -> 1.2867886 | G311: Asheville - NC USA | H311: 1.0132554 | I311: =RANK(H311,H$307:H$456) -> 117 | L311: Asheville - NC USA | M311: 1.0735321 | N311: =RANK(M311,M$307:M$456) -> 123 | P311: Asheville - NC USA | Q311: 1.1364649 | R311: =RANK(Q311,Q$307:Q$456) -> 102 | T311: Asheville - NC USA | U311: 1.2867886 | V311: =RANK(U311,U$307:U$456) -> 85
A312: =D160 -> Atlanta - GA USA | B312: =I160 -> 1.0040504 | C312: =Q160 -> 1.0574132 | D312: =Y160 -> 1.1141432 | E312: =AS160 -> 1.2628682 | G312: Atlanta - GA USA | H312: 1.0040504 | I312: =RANK(H312,H$307:H$456) -> 146 | L312: Atlanta - GA USA | M312: 1.0574132 | N312: =RANK(M312,M$307:M$456) -> 147 | P312: Atlanta - GA USA | Q312: 1.1141432 | R312: =RANK(Q312,Q$307:Q$456) -> 145 | T312: Atlanta - GA USA | U312: 1.2628682 | V312: =RANK(U312,U$307:U$456) -> 119
A313: =D161 -> Augusta - GA USA | B313: =I161 -> 1.0156895 | C313: =Q161 -> 1.0810579 | D313: =Y161 -> 1.1450004 | E313: =AS161 -> 1.2951436 | G313: Augusta - GA USA | H313: 1.0156895 | I313: =RANK(H313,H$307:H$456) -> 89 | L313: Augusta - GA USA | M313: 1.0810579 | N313: =RANK(M313,M$307:M$456) -> 82 | P313: Augusta - GA USA | Q313: 1.1450004 | R313: =RANK(Q313,Q$307:Q$456) -> 68 | T313: Augusta - GA USA | U313: 1.2951436 | V313: =RANK(U313,U$307:U$456) -> 65
A314: =D162 -> Austin - TX USA | B314: =I162 -> 1.0140069 | C314: =Q162 -> 1.0931786 | D314: =Y162 -> 1.1597871 | E314: =AS162 -> 1.3270219 | G314: Austin - TX USA | H314: 1.0140069 | I314: =RANK(H314,H$307:H$456) -> 110 | L314: Austin - TX USA | M314: 1.0931786 | N314: =RANK(M314,M$307:M$456) -> 21 | P314: Austin - TX USA | Q314: 1.1597871 | R314: =RANK(Q314,Q$307:Q$456) -> 10 | T314: Austin - TX USA | U314: 1.3270219 | V314: =RANK(U314,U$307:U$456) -> 10
A315: =D163 -> Bakersfield - CA USA | B315: =I163 -> 1.027757 | C315: =Q163 -> 1.096254 | D315: =Y163 -> 1.1581792 | E315: =AS163 -> 1.3232164 | G315: Bakersfield - CA USA | H315: 1.027757 | I315: =RANK(H315,H$307:H$456) -> 10 | L315: Bakersfield - CA USA | M315: 1.096254 | N315: =RANK(M315,M$307:M$456) -> 9 | P315: Bakersfield - CA USA | Q315: 1.1581792 | R315: =RANK(Q315,Q$307:Q$456) -> 11 | T315: Bakersfield - CA USA | U315: 1.3232164 | V315: =RANK(U315,U$307:U$456) -> 12
A316: =D164 -> Baltimore - MD USA | B316: =I164 -> 1.0185349 | C316: =Q164 -> 1.082968 | D316: =Y164 -> 1.1471646 | E316: =AS164 -> 1.3002622 | G316: Baltimore - MD USA | H316: 1.0185349 | I316: =RANK(H316,H$307:H$456) -> 72 | L316: Baltimore - MD USA | M316: 1.082968 | N316: =RANK(M316,M$307:M$456) -> 68 | P316: Baltimore - MD USA | Q316: 1.1471646 | R316: =RANK(Q316,Q$307:Q$456) -> 60 | T316: Baltimore - MD USA | U316: 1.3002622 | V316: =RANK(U316,U$307:U$456) -> 53
A317: =D165 -> Baton Rouge - LA USA | B317: =I165 -> 1.0138013 | C317: =Q165 -> 1.0767182 | D317: =Y165 -> 1.1381708 | E317: =AS165 -> 1.2805805 | G317: Baton Rouge - LA USA | H317: 1.0138013 | I317: =RANK(H317,H$307:H$456) -> 112 | L317: Baton Rouge - LA USA | M317: 1.0767182 | N317: =RANK(M317,M$307:M$456) -> 111 | P317: Baton Rouge - LA USA | Q317: 1.1381708 | R317: =RANK(Q317,Q$307:Q$456) -> 98 | T317: Baton Rouge - LA USA | U317: 1.2805805 | V317: =RANK(U317,U$307:U$456) -> 101
A318: =D166 -> Beaumont - TX USA | B318: =I166 -> 1.021871 | C318: =Q166 -> 1.0840745 | D318: =Y166 -> 1.1414019 | E318: =AS166 -> 1.2824456 | G318: Beaumont - TX USA | H318: 1.021871 | I318: =RANK(H318,H$307:H$456) -> 48 | L318: Beaumont - TX USA | M318: 1.0840745 | N318: =RANK(M318,M$307:M$456) -> 63 | P318: Beaumont - TX USA | Q318: 1.1414019 | R318: =RANK(Q318,Q$307:Q$456) -> 84 | T318: Beaumont - TX USA | U318: 1.2824456 | V318: =RANK(U318,U$307:U$456) -> 96
... A456: =D304 -> Youngstown - OH USA | B456: =I304 -> 1.0268521 | C456: =Q304 -> 1.0882786 | D456: =Y304 -> 1.1374491 | E456: =AS304 -> 1.2487198 | G456: Youngstown - OH USA | H456: 1.0268521 | I456: =RANK(H456,H$307:H$456) -> 12 | L456: Youngstown - OH USA | M456: 1.0882786 | N456: =RANK(M456,M$307:M$456) -> 46 | P456: Youngstown - OH USA | Q456: 1.1374491 | R456: =RANK(Q456,Q$307:Q$456) -> 99 | T456: Youngstown - OH USA | U456: 1.2487198 | V456: =RANK(U456,U$307:U$456) -> 131

Sheet Effective Rent Historical
A2: Market | B2: 5 | C2: Rank | F2: Market | G2: 10 Yr. Growth | H2: 10 Yr. Rank
A3: Akron - OH | B3: 1.2441837 | C3: 54 | F3: Akron - OH | G3: 1.3777297 | H3: 100
A4: Albany - NY | B4: 1.2273008 | C4: 75 | F4: Albany - NY | G4: 1.3677893 | H4: 105
A5: Albuquerque - NM | B5: 1.3329811 | C5: 2 | F5: Albuquerque - NM | G5: 1.5925724 | H5: 9
A6: Anchorage - AK | B6: 1.3306378 | C6: 3 | F6: Anchorage - AK | G6: 1.3418414 | H6: 116
A7: Asheville - NC | B7: 1.2303962 | C7: 73 | F7: Asheville - NC | G7: 1.4032976 | H7: 79
A8: Atlanta - GA | B8: 1.1865798 | C8: 110 | F8: Atlanta - GA | G8: 1.427681 | H8: 68
A9: Augusta - GA | B9: 1.2229214 | C9: 77 | F9: Augusta - GA | G9: 1.4346483 | H9: 63
A10: Austin - TX | B10: 1.0823012 | C10: 147 | F10: Austin - TX | G10: 1.2221777 | H10: 145
A11: Bakersfield - CA | B11: 1.272914 | C11: 30 | F11: Bakersfield - CA | G11: 1.5091631 | H11: 28
A12: Baltimore - MD | B12: 1.2277341 | C12: 74 | F12: Baltimore - MD | G12: 1.351481 | H12: 112
A13: Baton Rouge - LA | B13: 1.157363 | C13: 128 | F13: Baton Rouge - LA | G13: 1.2237951 | H13: 143
A14: Beaumont - TX | B14: 1.1822709 | C14: 114 | F14: Beaumont - TX | G14: 1.3470371 | H14: 115
... A152: Youngstown - OH | B152: 1.2706456 | C152: 32 | F152: Youngstown - OH | G152: 1.3698302 | H152: 103

Sheet Historical Employment
B3: 5 Year Growth | C3: 5 | D3: 5 Year Rank | F3: 10 Year Growth | G3: 10 | H3: 10 Year rank
B4: Akron - OH | C4: 1.1309415 | D4: 139 | F4: Akron - OH | G4: 1.0110517 | H4: 142
B5: Albany - NY | C5: 1.1717793 | D5: 107 | F5: Albany - NY | G5: 1.0546378 | H5: 122
B6: Albuquerque - NM | C6: 1.1941732 | D6: 74 | F6: Albuquerque - NM | G6: 1.130607 | H6: 74
B7: Anchorage - AK | C7: 1.1985396 | D7: 69 | F7: Anchorage - AK | G7: 1.0275159 | H7: 136
B8: Asheville - NC | C8: 1.2481689 | D8: 24 | F8: Asheville - NC | G8: 1.1660639 | H8: 56
B9: Atlanta - GA | C9: 1.2165204 | D9: 51 | F9: Atlanta - GA | G9: 1.2195931 | H9: 38
B10: Augusta - GA | C10: 1.120197 | D10: 147 | F10: Augusta - GA | G10: 1.0996338 | H10: 95
B11: Austin - TX | C11: 1.3307286 | D11: 3 | F11: Austin - TX | G11: 1.4389322 | H11: 1
B12: Bakersfield - CA | C12: 1.1916887 | D12: 78 | F12: Bakersfield - CA | G12: 1.1564461 | H12: 60
B13: Baltimore - MD | C13: 1.1310733 | D13: 138 | F13: Baltimore - MD | G13: 1.0490906 | H13: 125
B14: Baton Rouge - LA | C14: 1.1689146 | D14: 109 | F14: Baton Rouge - LA | G14: 1.0576431 | H14: 120
B15: Beaumont - TX | C15: 1.1294958 | D15: 143 | F15: Beaumont - TX | G15: 1.0113123 | H15: 141
... B153: Youngstown - OH | C153: 1.1564215 | D153: 121 | F153: Youngstown - OH | G153: 0.94377474 | H153: 150

Sheet Forward Employment
A1: Geography Name | B1: 2025 Q2 EST | C1: 2025 Q3 | D1: 2025 Q4 | E1: 2026 Q1 | F1: 2026 Q2 | G1: 2026 Q3 | H1: 2026 Q4 | I1: 2027 Q1 | J1: 2027 Q2 | K1: 2027 Q3 | L1: 2027 Q4 | M1: 2028 Q1 | N1: 2028 Q2 | O1: 2028 Q3 | P1: 2028 Q4 | Q1: 2029 Q1 | R1: 2029 Q2 | S1: 2029 Q3 | T1: 2029 Q4 | U1: 2030 Q1 | V1: 2030 Q2 | W1: 2030 Q3 | X1: 2030 Q4 | Y1: 2031 Q1 | Z1: 2031 Q2 | AA1: 2031 Q3 | AB1: 2031 Q4 | AC1: 2032 Q1 | AD1: 2032 Q2 | AE1: 2032 Q3 | AF1: 2032 Q4 | AG1: 2033 Q1 | AH1: 2033 Q2 | AI1: 2033 Q3 | AJ1: 2033 Q4 | AK1: 2034 Q1 | AL1: 2034 Q2 | AM1: 2034 Q3 | AN1: 2034 Q4 | AO1: 2035 Q1 | AP1: 2035 Q2 | AQ1: 2024 Q3 QTD | AR1: 2024 Q3 EST | AS1: 2024 Q4 | AT1: 2025 Q1 | AU1: 2025 Q2 | AV1: 2025 Q3 | AW1: 2025 Q4 | AX1: 2026 Q1 | AY1: 2026 Q2 | AZ1: 2026 Q3 | BA1: 2026 Q4 | BB1: 2027 Q1 | BC1: 2027 Q2 | BD1: 2027 Q3 | BE1: 2027 Q4 | BF1: 2028 Q1 | BG1: 2028 Q2 | BH1: 2028 Q3 | BI1: 2028 Q4 | BJ1: 2029 Q1 | BK1: 2029 Q2 | BL1: 2029 Q3 | BM1: 2029 Q4 | BN1: 2030 Q1 | BO1: 2030 Q2 | BP1: 2030 Q3 | BQ1: 2030 Q4 | BR1: 2031 Q1 | BS1: 2031 Q2 | BT1: 2031 Q3 | BU1: 2031 Q4 | BV1: 2032 Q1 | BW1: 2032 Q2 | BX1: 2032 Q3 | BY1: 2032 Q4 | BZ1: 2033 Q1 | CA1: 2033 Q2 | CB1: 2033 Q3 | CC1: 2033 Q4 | CD1: 2034 Q1 | CE1: 2034 Q2 | CF1: 2034 Q3
A2: Akron - OH (USA) | B2: 339633.41 | C2: 339951 | D2: 340241.78 | E2: 340309.91 | F2: 340419.72 | G2: 340465.91 | H2: 340505.19 | I2: 340525.91 | J2: 340571.81 | K2: 340598.38 | L2: 340557.41 | M2: 340388.88 | N2: 340208.19 | O2: 340040 | P2: 339946 | Q2: 339902.59 | R2: 339907.91 | S2: 339911.41 | T2: 339919 | U2: 339913.91 | V2: 339932.59 | W2: 339946.09 | X2: 339953.78 | Y2: 339951.91 | Z2: 339964.19 | AA2: 339984.19 | AB2: 340004.59 | AC2: 340022.72 | AD2: 340042.91 | AE2: 340062.28 | AF2: 340077.22 | AG2: 340093.19 | AH2: 340109.19 | AI2: 340126 | AJ2: 340140 | AK2: 340154.59 | AL2: 340168 | AM2: 340178.19 | AN2: 340184 | AO2: 340191.72 | AP2: 340197.12 | AR2: 342944.69 | AS2: 343372.19 | AT2: 343696.91 | AU2: 343964.28 | AV2: 344115 | AW2: 344259.62 | AX2: 344354.88 | AY2: 344478 | AZ2: 344545 | BA2: 344594.59 | BB2: 344614.81 | BC2: 344656.31 | BD2: 344703.72 | BE2: 344751.19 | BF2: 344776.22 | BG2: 344809.91 | BH2: 344842.91 | BI2: 344870.91 | BJ2: 344900 | BK2: 344948.5 | BL2: 344973.78 | BM2: 344996.5 | BN2: 345013.78 | BO2: 345055.59 | BP2: 345095.09 | BQ2: 345126.5 | BR2: 345150 | BS2: 345191 | BT2: 345241.31 | BU2: 345297.41 | BV2: 345352.28 | BW2: 345407.72 | BX2: 345463.72 | BY2: 345514.09 | BZ2: 345566.41 | CA2: 345618.59 | CB2: 345672.09 | CC2: 345722.41 | CD2: 345773.59 | CE2: 345823.59 | CF2: 345871.09
A3: Albany - NY (USA) | B3: 480289.88 | C3: 481004.31 | D3: 481737.91 | E3: 482202.31 | F3: 482716.62 | G3: 483092.91 | H3: 483430.22 | I3: 483722.09 | J3: 484061.72 | K3: 484351 | L3: 484548.81 | M3: 484568.12 | N3: 484548.62 | O3: 484556.62 | P3: 484643.88 | Q3: 484796.12 | R3: 485053.31 | S3: 485288.91 | T3: 485537 | U3: 485776.22 | V3: 486016 | W3: 486260.81 | X3: 486492.09 | Y3: 486728.69 | Z3: 486981.91 | AA3: 487257.81 | AB3: 487536.28 | AC3: 487806.09 | AD3: 488077 | AE3: 488357.91 | AF3: 488630.72 | AG3: 488899.59 | AH3: 489167.91 | AI3: 489437.72 | AJ3: 489702 | AK3: 489966.72 | AL3: 490232 | AM3: 490492.09 | AN3: 490746.62 | AO3: 491003.38 | AP3: 491258 | AR3: 474671.38 | AS3: 475443.31 | AT3: 476065.31 | AU3: 476632.91 | AV3: 477040.09 | AW3: 477475.31 | AX3: 477807.72 | AY3: 478180.22 | AZ3: 478443.59 | BA3: 478655.91 | BB3: 478812.28 | BC3: 478997.31 | BD3: 479183.5 | BE3: 479366.78 | BF3: 479512.22 | BG3: 479670.59 | BH3: 479842.28 | BI3: 480008.5 | BJ3: 480190 | BK3: 480446.19 | BL3: 480643.59 | BM3: 480844.69 | BN3: 481044.91 | BO3: 481255.62 | BP3: 481473.59 | BQ3: 481676 | BR3: 481875.22 | BS3: 482098.38 | BT3: 482343.69 | BU3: 482597.28 | BV3: 482844.78 | BW3: 483093.19 | BX3: 483351.91 | BY3: 483602.59 | BZ3: 483851.09 | CA3: 484100.72 | CB3: 484353.59 | CC3: 484601 | CD3: 484850.19 | CE3: 485101.19 | CF3: 485346.81
A4: Albuquerque - NM (USA) | B4: 429506.41 | C4: 430431.22 | D4: 431311.31 | E4: 431912.5 | F4: 432563 | G4: 433107.59 | H4: 433621.09 | I4: 434060.91 | J4: 434560.69 | K4: 435024 | L4: 435402.31 | M4: 435623.59 | N4: 435804.5 | O4: 436003.28 | P4: 436284 | Q4: 436617.19 | R4: 437006.72 | S4: 437371.5 | T4: 437736.38 | U4: 438101.41 | V4: 438451.19 | W4: 438805.78 | X4: 439152.91 | Y4: 439471.41 | Z4: 439797.69 | AA4: 440137 | AB4: 440473.31 | AC4: 440809.69 | AD4: 441148.19 | AE4: 441482.5 | AF4: 441810.5 | AG4: 442134.09 | AH4: 442456.78 | AI4: 442783.38 | AJ4: 443107.31 | AK4: 443433.59 | AL4: 443762.09 | AM4: 444089 | AN4: 444413.22 | AO4: 444737.31 | AP4: 445062 | AR4: 426783.91 | AS4: 427875.5 | AT4: 428606.19 | AU4: 429302.19 | AV4: 429881.19 | AW4: 430471.72 | AX4: 430982.91 | AY4: 431522.31 | AZ4: 431970.31 | BA4: 432387.22 | BB4: 432752.69 | BC4: 433167.12 | BD4: 433578 | BE4: 433988.59 | BF4: 434355.28 | BG4: 434720.31 | BH4: 435101.72 | BI4: 435474.22 | BJ4: 435841.5 | BK4: 436231.81 | BL4: 436573.59 | BM4: 436908.12 | BN4: 437241 | BO4: 437551.31 | BP4: 437864.09 | BQ4: 438169.59 | BR4: 438447.38 | BS4: 438734.72 | BT4: 439032.28 | BU4: 439333.19 | BV4: 439633.69 | BW4: 439934.59 | BX4: 440230.91 | BY4: 440521.09 | BZ4: 440806.88 | CA4: 441090.22 | CB4: 441376.09 | CC4: 441659.31 | CD4: 441945.31 | CE4: 442232.22 | CF4: 442516.38
A5: Anchorage - AK (USA) | B5: 186439.7 | C5: 186729.7 | D5: 186991.11 | E5: 187121.7 | F5: 187292 | G5: 187409 | H5: 187514.2 | I5: 187592.5 | J5: 187721.3 | K5: 187840.5 | L5: 187916.59 | M5: 187933.81 | N5: 187950.81 | O5: 187969.61 | P5: 188027.5 | Q5: 188103.11 | R5: 188206.89 | S5: 188298.59 | T5: 188388.8 | U5: 188481.5 | V5: 188598.5 | W5: 188712.3 | X5: 188819.31 | Y5: 188929.09 | Z5: 189037.8 | AA5: 189154.91 | AB5: 189271.89 | AC5: 189389.8 | AD5: 189507.91 | AE5: 189625.5 | AF5: 189741.7 | AG5: 189860 | AH5: 189979.5 | AI5: 190097.91 | AJ5: 190214.41 | AK5: 190329.41 | AL5: 190444 | AM5: 190557.3 | AN5: 190667.5 | AO5: 190778.31 | AP5: 190886.91 | AR5: 183737.91 | AS5: 184243.19 | AT5: 184562.81 | AU5: 184829.3 | AV5: 184990.7 | AW5: 185137.41 | AX5: 185250.91 | AY5: 185434.59 | AZ5: 185580.91 | BA5: 185702 | BB5: 185805.09 | BC5: 185935 | BD5: 186069.59 | BE5: 186194.91 | BF5: 186319 | BG5: 186450.19 | BH5: 186578.41 | BI5: 186701.09 | BJ5: 186822.3 | BK5: 186972.59 | BL5: 187101.5 | BM5: 187226.89 | BN5: 187351.89 | BO5: 187499.41 | BP5: 187644.5 | BQ5: 187782.2 | BR5: 187920.3 | BS5: 188054.2 | BT5: 188199.09 | BU5: 188346.41 | BV5: 188494.91 | BW5: 188644.61 | BX5: 188794.09 | BY5: 188941.41 | BZ5: 189090.7 | CA5: 189241 | CB5: 189388.8 | CC5: 189534.19 | CD5: 189679.5 | CE5: 189825 | CF5: 189968.31
A6: Asheville - NC (USA) | B6: 210598.91 | C6: 211097.5 | D6: 211574.41 | E6: 211917.41 | F6: 212279 | G6: 212600.41 | H6: 212918.3 | I6: 213233.59 | J6: 213571.8 | K6: 213887.09 | L6: 214158.91 | M6: 214358.8 | N6: 214555.69 | O6: 214754.59 | P6: 215001.91 | Q6: 215267.3 | R6: 215558.11 | S6: 215851.5 | T6: 216144.3 | U6: 216431.8 | V6: 216744.91 | W6: 217061.5 | X6: 217375.91 | Y6: 217692.2 | Z6: 217992.91 | AA6: 218300.2 | AB6: 218612.11 | AC6: 218913 | AD6: 219221.69 | AE6: 219531.69 | AF6: 219846.41 | AG6: 220155.39 | AH6: 220468 | AI6: 220785.2 | AJ6: 221094.7 | AK6: 221408.7 | AL6: 221718.09 | AM6: 222031.91 | AN6: 222339.2 | AO6: 222652 | AP6: 222960.69 | AR6: 209171.7 | AS6: 209706.8 | AT6: 210156.41 | AU6: 210589.5 | AV6: 210929.7 | AW6: 211253.3 | AX6: 211531 | AY6: 211843.59 | AZ6: 212124.09 | BA6: 212395.09 | BB6: 212666.91 | BC6: 212959 | BD6: 213251 | BE6: 213541.31 | BF6: 213823 | BG6: 214112.8 | BH6: 214393.5 | BI6: 214678.41 | BJ6: 214957.59 | BK6: 215260.41 | BL6: 215547.61 | BM6: 215830.31 | BN6: 216110.11 | BO6: 216424.61 | BP6: 216740.41 | BQ6: 217055.2 | BR6: 217371.91 | BS6: 217672.81 | BT6: 217982.8 | BU6: 218298.91 | BV6: 218604.2 | BW6: 218919.41 | BX6: 219234.7 | BY6: 219555.69 | BZ6: 219873.31 | CA6: 220195.8 | CB6: 220522.2 | CC6: 220842.11 | CD6: 221166.2 | CE6: 221485.59 | CF6: 221809.3
A7: Atlanta - GA (USA) | B7: 3141739 | C7: 3150411 | D7: 3158669 | E7: 3165581 | F7: 3172862 | G7: 3179424 | H7: 3185856 | I7: 3192321 | J7: 3198990 | K7: 3205433 | L7: 3211139 | M7: 3215908 | N7: 3220440 | O7: 3225012 | P7: 3230259 | Q7: 3235819 | R7: 3241631 | S7: 3247537 | T7: 3253451 | U7: 3259323 | V7: 3265271 | W7: 3271160 | X7: 3277087 | Y7: 3283095 | Z7: 3288953 | AA7: 3294800 | AB7: 3300658 | AC7: 3306442 | AD7: 3312298 | AE7: 3318123 | AF7: 3323984 | AG7: 3329909 | AH7: 3335834 | AI7: 3341749 | AJ7: 3347641 | AK7: 3353560 | AL7: 3359488 | AM7: 3365406 | AN7: 3371309 | AO7: 3377261 | AP7: 3383230 | AR7: 3111803 | AS7: 3120624 | AT7: 3128382 | AU7: 3136417 | AV7: 3143405 | AW7: 3150265 | AX7: 3157052 | AY7: 3163725 | AZ7: 3169654 | BA7: 3175383 | BB7: 3181058 | BC7: 3187073 | BD7: 3193141 | BE7: 3199191 | BF7: 3205230 | BG7: 3211222 | BH7: 3217055 | BI7: 3222906 | BJ7: 3228667 | BK7: 3234424 | BL7: 3240072 | BM7: 3245644 | BN7: 3251218 | BO7: 3256867 | BP7: 3262466 | BQ7: 3268110 | BR7: 3273815 | BS7: 3279402 | BT7: 3284970 | BU7: 3290588 | BV7: 3296121 | BW7: 3301712 | BX7: 3307277 | BY7: 3312880 | BZ7: 3318548 | CA7: 3324209 | CB7: 3329857 | CC7: 3335491 | CD7: 3341151 | CE7: 3346815 | CF7: 3352468
A8: Augusta - GA (USA) | B8: 250150.3 | C8: 250526.31 | D8: 250887.61 | E8: 251091.7 | F8: 251354.7 | G8: 251579.09 | H8: 251810.7 | I8: 252010.09 | J8: 252256 | K8: 252487.59 | L8: 252674.39 | M8: 252773.61 | N8: 252841.8 | O8: 252910.91 | P8: 253027.2 | Q8: 253170.7 | R8: 253353.81 | S8: 253529.5 | T8: 253703.8 | U8: 253871.91 | V8: 254055.5 | W8: 254250.59 | X8: 254437.19 | Y8: 254599.39 | Z8: 254753.91 | AA8: 254920.2 | AB8: 255089 | AC8: 255259.59 | AD8: 255428.5 | AE8: 255597 | AF8: 255761.2 | AG8: 255922.81 | AH8: 256078 | AI8: 256236.91 | AJ8: 256387 | AK8: 256539.89 | AL8: 256690.19 | AM8: 256840.7 | AN8: 256980.41 | AO8: 257123.69 | AP8: 257261.11 | AR8: 248651.2 | AS8: 249224.7 | AT8: 249631.61 | AU8: 249986.5 | AV8: 250246.7 | AW8: 250498.39 | AX8: 250698.39 | AY8: 250924.7 | AZ8: 251115.91 | BA8: 251306.39 | BB8: 251470.7 | BC8: 251678.09 | BD8: 251891.59 | BE8: 252105.39 | BF8: 252295 | BG8: 252473.69 | BH8: 252647.59 | BI8: 252818 | BJ8: 252981.8 | BK8: 253167.61 | BL8: 253329.5 | BM8: 253483.8 | BN8: 253631.81 | BO8: 253795.5 | BP8: 253970.59 | BQ8: 254137.69 | BR8: 254279.3 | BS8: 254413.3 | BT8: 254558.59 | BU8: 254709.2 | BV8: 254861.09 | BW8: 255010.41 | BX8: 255159.5 | BY8: 255304.91 | BZ8: 255448.2 | CA8: 255584.5 | CB8: 255724.39 | CC8: 255855.89 | CD8: 255989.91 | CE8: 256120.78 | CF8: 256252.11
A9: Austin - TX (USA) | B9: 1383679 | C9: 1390396 | D9: 1397112 | E9: 1403302 | F9: 1409547 | G9: 1415499 | H9: 1421368 | I9: 1427137 | J9: 1432972 | K9: 1438712 | L9: 1444169 | M9: 1447914 | N9: 1451475 | O9: 1455110 | P9: 1459092 | Q9: 1463313 | R9: 1467730 | S9: 1472245 | T9: 1476802 | U9: 1481367 | V9: 1485981 | W9: 1490621 | X9: 1495253 | Y9: 1499873 | Z9: 1504510 | AA9: 1509174 | AB9: 1513875 | AC9: 1518577 | AD9: 1523303 | AE9: 1528034 | AF9: 1532761 | AG9: 1537517 | AH9: 1542285 | AI9: 1547080 | AJ9: 1551857 | AK9: 1556667 | AL9: 1561479 | AM9: 1566299 | AN9: 1571093 | AO9: 1575927 | AP9: 1580758 | AR9: 1372121 | AS9: 1378855 | AT9: 1384786 | AU9: 1390668 | AV9: 1396238 | AW9: 1401897 | AX9: 1407733 | AY9: 1413623 | AZ9: 1419340 | BA9: 1424941 | BB9: 1430479 | BC9: 1436092 | BD9: 1441730 | BE9: 1447400 | BF9: 1451838 | BG9: 1456283 | BH9: 1460805 | BI9: 1465376 | BJ9: 1469984 | BK9: 1474645 | BL9: 1479308 | BM9: 1483976 | BN9: 1488652 | BO9: 1493369 | BP9: 1498098 | BQ9: 1502812 | BR9: 1507507 | BS9: 1512220 | BT9: 1516963 | BU9: 1521757 | BV9: 1526550 | BW9: 1531367 | BX9: 1536186 | BY9: 1540999 | BZ9: 1545842 | CA9: 1550702 | CB9: 1555584 | CC9: 1560449 | CD9: 1565345 | CE9: 1570248 | CF9: 1575158
A10: Bakersfield - CA (USA) | B10: 296925.28 | C10: 297626.31 | D10: 298325.19 | E10: 298860.59 | F10: 299406.59 | G10: 299896.41 | H10: 300377.59 | I10: 300831.78 | J10: 301292.59 | K10: 301730.5 | L10: 302129.41 | M10: 302439.91 | N10: 302731.69 | O10: 303011.69 | P10: 303333.72 | Q10: 303702.78 | R10: 304133 | S10: 304550 | T10: 304973.38 | U10: 305391.81 | V10: 305819.88 | W10: 306240.91 | X10: 306660.88 | Y10: 307090.09 | Z10: 307537.69 | AA10: 307988.31 | AB10: 308441.72 | AC10: 308899.69 | AD10: 309354.81 | AE10: 309812.59 | AF10: 310267.5 | AG10: 310723.5 | AH10: 311178 | AI10: 311631.19 | AJ10: 312091 | AK10: 312548.19 | AL10: 313009.88 | AM10: 313466.62 | AN10: 313927.72 | AO10: 314385.41 | AP10: 314843.19 | AR10: 295969.5 | AS10: 296756.41 | AT10: 297452.31 | AU10: 298079.41 | AV10: 298636.69 | AW10: 299206.59 | AX10: 299743.28 | AY10: 300283.19 | AZ10: 300751.31 | BA10: 301205.69 | BB10: 301649.09 | BC10: 302079.41 | BD10: 302510 | BE10: 302941.72 | BF10: 303358.78 | BG10: 303773.81 | BH10: 304187.19 | BI10: 304584.59 | BJ10: 304992.19 | BK10: 305441.31 | BL10: 305856.19 | BM10: 306274.09 | BN10: 306687.91 | BO10: 307113.41 | BP10: 307531.09 | BQ10: 307946.28 | BR10: 308369.28 | BS10: 308812.81 | BT10: 309260.81 | BU10: 309713.81 | BV10: 310172.5 | BW10: 310627.28 | BX10: 311082.5 | BY10: 311533.69 | BZ10: 311984.72 | CA10: 312434.69 | CB10: 312882.81 | CC10: 313337.09 | CD10: 313789.72 | CE10: 314246.5 | CF10: 314698.09
A11: Baltimore - MD (USA) | B11: 1433426 | C11: 1435993 | D11: 1438415 | E11: 1439844 | F11: 1441458 | G11: 1442773 | H11: 1444085 | I11: 1445300 | J11: 1446702 | K11: 1447971 | L11: 1448976 | M11: 1449567 | N11: 1450076 | O11: 1450686 | P11: 1451558 | Q11: 1452583 | R11: 1453760 | S11: 1454880 | T11: 1456021 | U11: 1457149 | V11: 1458262 | W11: 1459360 | X11: 1460440 | Y11: 1461543 | Z11: 1462490 | AA11: 1463475 | AB11: 1464452 | AC11: 1465422 | AD11: 1466407 | AE11: 1467369 | AF11: 1468345 | AG11: 1469301 | AH11: 1470271 | AI11: 1471234 | AJ11: 1472191 | AK11: 1473144 | AL11: 1474094 | AM11: 1475047 | AN11: 1475996 | AO11: 1476950 | AP11: 1477901 | AR11: 1423064 | AS11: 1426282 | AT11: 1428495 | AU11: 1430696 | AV11: 1432347 | AW11: 1433929 | AX11: 1435221 | AY11: 1436667 | AZ11: 1437865 | BA11: 1439031 | BB11: 1440081 | BC11: 1441362 | BD11: 1442637 | BE11: 1443879 | BF11: 1445060 | BG11: 1446223 | BH11: 1447424 | BI11: 1448611 | BJ11: 1449746 | BK11: 1450967 | BL11: 1452061 | BM11: 1453152 | BN11: 1454260 | BO11: 1455385 | BP11: 1456499 | BQ11: 1457580 | BR11: 1458693 | BS11: 1459650 | BT11: 1460644 | BU11: 1461655 | BV11: 1462654 | BW11: 1463667 | BX11: 1464662 | BY11: 1465675 | BZ11: 1466669 | CA11: 1467680 | CB11: 1468680 | CC11: 1469678 | CD11: 1470673 | CE11: 1471667 | CF11: 1472657
A12: Baton Rouge - LA (USA) | B12: 426655.41 | C12: 427671.81 | D12: 428631.41 | E12: 429226.91 | F12: 429869.12 | G12: 430389.72 | H12: 430890.19 | I12: 431298 | J12: 431751.31 | K12: 432165.59 | L12: 432483.62 | M12: 432686.31 | N12: 432870.78 | O12: 433076.69 | P12: 433339.12 | Q12: 433639.41 | R12: 434028.59 | S12: 434397.5 | T12: 434784.91 | U12: 435166.5 | V12: 435554.09 | W12: 435933.69 | X12: 436311.31 | Y12: 436693.5 | Z12: 437026.78 | AA12: 437391.38 | AB12: 437750.22 | AC12: 438099.5 | AD12: 438447.81 | AE12: 438805.12 | AF12: 439157.72 | AG12: 439501.91 | AH12: 439859.59 | AI12: 440214.81 | AJ12: 440572.12 | AK12: 440921 | AL12: 441277.72 | AM12: 441627.28 | AN12: 441979.41 | AO12: 442320.81 | AP12: 442670.41 | AR12: 426095.31 | AS12: 427010.91 | AT12: 427800.5 | AU12: 428502.41 | AV12: 429017.5 | AW12: 429535.5 | AX12: 429952.5 | AY12: 430456 | AZ12: 430882 | BA12: 431301.5 | BB12: 431674.41 | BC12: 432088.81 | BD12: 432494.5 | BE12: 432888.5 | BF12: 433274.41 | BG12: 433670.69 | BH12: 434069.31 | BI12: 434459.59 | BJ12: 434853.5 | BK12: 435322.59 | BL12: 435732.78 | BM12: 436147.88 | BN12: 436546.22 | BO12: 436953.31 | BP12: 437352.22 | BQ12: 437750.22 | BR12: 438145.81 | BS12: 438509.72 | BT12: 438903.19 | BU12: 439309 | BV12: 439713.81 | BW12: 440120.31 | BX12: 440529.38 | BY12: 440933 | BZ12: 441328.88 | CA12: 441735.28 | CB12: 442140.81 | CC12: 442550 | CD12: 442960.22 | CE12: 443376.59 | CF12: 443787.41
A13: Beaumont - TX (USA) | B13: 167926.19 | C13: 168173.8 | D13: 168413.09 | E13: 168562 | F13: 168741.2 | G13: 168870.19 | H13: 168980.61 | I13: 169059.5 | J13: 169154.2 | K13: 169232.5 | L13: 169277.89 | M13: 169268.8 | N13: 169245.8 | O13: 169234.3 | P13: 169260.19 | Q13: 169299.89 | R13: 169377 | S13: 169456.09 | T13: 169536.89 | U13: 169621.7 | V13: 169727.8 | W13: 169837 | X13: 169946.91 | Y13: 170049.81 | Z13: 170154.5 | AA13: 170261.59 | AB13: 170373.31 | AC13: 170476.89 | AD13: 170585.41 | AE13: 170690 | AF13: 170796.5 | AG13: 170900.41 | AH13: 171002.7 | AI13: 171111.89 | AJ13: 171213.7 | AK13: 171319.11 | AL13: 171421.09 | AM13: 171524.8 | AN13: 171622.7 | AO13: 171726.3 | AP13: 171825.89 | AR13: 166503.41 | AS13: 166760.89 | AT13: 166954 | AU13: 167137.69 | AV13: 167278.91 | AW13: 167409 | AX13: 167505.09 | AY13: 167636.5 | AZ13: 167728 | BA13: 167799.3 | BB13: 167857.8 | BC13: 167925.8 | BD13: 167987.7 | BE13: 168047.61 | BF13: 168108.8 | BG13: 168174.19 | BH13: 168252.7 | BI13: 168342.11 | BJ13: 168433.11 | BK13: 168550.59 | BL13: 168658.91 | BM13: 168764.5 | BN13: 168865.8 | BO13: 168990.91 | BP13: 169119.8 | BQ13: 169249.09 | BR13: 169370 | BS13: 169491.7 | BT13: 169616.11 | BU13: 169746.59 | BV13: 169868.3 | BW13: 169995.8 | BX13: 170120 | BY13: 170245.8 | BZ13: 170369.91 | CA13: 170493.7 | CB13: 170624 | CC13: 170747.3 | CD13: 170873.39 | CE13: 170997.09 | CF13: 171122.5
... A151: Youngstown - OH (USA) | B151: 212578 | C151: 212605.11 | D151: 212617.2 | E151: 212523 | F151: 212470.7 | G151: 212389.3 | H151: 212304.7 | I151: 212199.3 | J151: 212119.59 | K151: 212019.89 | L151: 211878.09 | M151: 211660.2 | N151: 211443.5 | O151: 211235.31 | P151: 211064.89 | Q151: 210910.2 | R151: 210785.09 | S151: 210648.3 | T151: 210509.09 | U151: 210361.2 | V151: 210237.11 | W151: 210111.41 | X151: 209978.89 | Y151: 209847.5 | Z151: 209732.41 | AA151: 209628 | AB151: 209526.59 | AC151: 209422 | AD151: 209319 | AE151: 209219.09 | AF151: 209118.81 | AG151: 209020 | AH151: 208922.89 | AI151: 208828.41 | AJ151: 208731.09 | AK151: 208634.91 | AL151: 208536.8 | AM151: 208437.11 | AN151: 208333.2 | AO151: 208231.91 | AP151: 208129.39 | AR151: 213537.7 | AS151: 213625.5 | AT151: 213646.11 | AU151: 213651.39 | AV151: 213574.7 | AW151: 213486.41 | AX151: 213374.8 | AY151: 213304.31 | AZ151: 213209.2 | BA151: 213107.61 | BB151: 212982.7 | BC151: 212880.8 | BD151: 212775.3 | BE151: 212666.7 | BF151: 212546.41 | BG151: 212433 | BH151: 212317 | BI151: 212197.3 | BJ151: 212069.2 | BK151: 211958.69 | BL151: 211822.59 | BM151: 211681.11 | BN151: 211534.11 | BO151: 211412.2 | BP151: 211288.3 | BQ151: 211157 | BR151: 211027.8 | BS151: 210915.3 | BT151: 210814.19 | BU151: 210718.31 | BV151: 210619.2 | BW151: 210522.09 | BX151: 210428.7 | BY151: 210335 | BZ151: 210242.59 | CA151: 210152.2 | CB151: 210064.3 | CC151: 209973.41 | CD151: 209883.61 | CE151: 209791.8 | CF151: 209698.7
E153: 1 | M153: 3 | U153: 5 | AO153: 10
A154: Geography Name | B154: =B1 -> 2025 Q2 EST | C154: =C1 -> 2025 Q3 | D154: =D1 -> 2025 Q4 | E154: =E1 -> 2026 Q1 | F154: =F1 -> 2026 Q2 | G154: =G1 -> 2026 Q3 | H154: =H1 -> 2026 Q4 | I154: =I1 -> 2027 Q1 | ... AP154: =AP1 -> 2035 Q2
A155: Akron - OH (USA) | C155: =(C2/$B2) -> 1.0009351 | D155: =(D2/$B2) -> 1.0017913 | E155: =(E2/$B2) -> 1.0019919 | F155: =(F2/$B2) -> 1.0023152 | G155: =(G2/$B2) -> 1.0024512 | H155: =(H2/$B2) -> 1.0025668 | I155: =(I2/$B2) -> 1.0026278 | J155: =(J2/$B2) -> 1.002763 | ... AP155: =(AP2/$B2) -> 1.0016598
A156: Albany - NY (USA) | C156: =(C3/$B3) -> 1.0014875 | D156: =(D3/$B3) -> 1.0030149 | E156: =(E3/$B3) -> 1.0039818 | F156: =(F3/$B3) -> 1.0050527 | G156: =(G3/$B3) -> 1.0058361 | H156: =(H3/$B3) -> 1.0065384 | I156: =(I3/$B3) -> 1.0071461 | J156: =(J3/$B3) -> 1.0078533 | ... AP156: =(AP3/$B3) -> 1.0228365
A157: Albuquerque - NM (USA) | C157: =(C4/$B4) -> 1.0021532 | D157: =(D4/$B4) -> 1.0042023 | E157: =(E4/$B4) -> 1.005602 | F157: =(F4/$B4) -> 1.0071165 | G157: =(G4/$B4) -> 1.0083845 | H157: =(H4/$B4) -> 1.00958 | I157: =(I4/$B4) -> 1.010604 | J157: =(J4/$B4) -> 1.0117677 | ... AP157: =(AP4/$B4) -> 1.0362174
A158: Anchorage - AK (USA) | C158: =(C5/$B5) -> 1.0015555 | D158: =(D5/$B5) -> 1.0029576 | E158: =(E5/$B5) -> 1.003658 | F158: =(F5/$B5) -> 1.0045714 | G158: =(G5/$B5) -> 1.005199 | H158: =(H5/$B5) -> 1.0057633 | I158: =(I5/$B5) -> 1.0061832 | J158: =(J5/$B5) -> 1.006874 | ... AP158: =(AP5/$B5) -> 1.0238533
A159: Asheville - NC (USA) | C159: =(C6/$B6) -> 1.0023675 | D159: =(D6/$B6) -> 1.004632 | E159: =(E6/$B6) -> 1.0062607 | F159: =(F6/$B6) -> 1.0079777 | G159: =(G6/$B6) -> 1.0095038 | H159: =(H6/$B6) -> 1.0110133 | I159: =(I6/$B6) -> 1.0125105 | J159: =(J6/$B6) -> 1.0141164 | ... AP159: =(AP6/$B6) -> 1.0586982
A160: Atlanta - GA (USA) | C160: =(C7/$B7) -> 1.0027603 | D160: =(D7/$B7) -> 1.0053887 | E160: =(E7/$B7) -> 1.0075888 | F160: =(F7/$B7) -> 1.0099063 | G160: =(G7/$B7) -> 1.0119949 | H160: =(H7/$B7) -> 1.0140422 | I160: =(I7/$B7) -> 1.0161 | J160: =(J7/$B7) -> 1.0182227 | ... AP160: =(AP7/$B7) -> 1.0768654
A161: Augusta - GA (USA) | C161: =(C8/$B8) -> 1.0015032 | D161: =(D8/$B8) -> 1.0029475 | E161: =(E8/$B8) -> 1.0037634 | F161: =(F8/$B8) -> 1.0048147 | G161: =(G8/$B8) -> 1.0057118 | H161: =(H8/$B8) -> 1.0066376 | I161: =(I8/$B8) -> 1.0074347 | J161: =(J8/$B8) -> 1.0084178 | ... AP161: =(AP8/$B8) -> 1.0284262
A162: Austin - TX (USA) | C162: =(C9/$B9) -> 1.0048544 | D162: =(D9/$B9) -> 1.0097082 | E162: =(E9/$B9) -> 1.0141818 | F162: =(F9/$B9) -> 1.0186951 | G162: =(G9/$B9) -> 1.0229967 | H162: =(H9/$B9) -> 1.0272383 | I162: =(I9/$B9) -> 1.0314076 | J162: =(J9/$B9) -> 1.0356246 | ... AP162: =(AP9/$B9) -> 1.1424312
A163: Bakersfield - CA (USA) | C163: =(C10/$B10) -> 1.002361 | D163: =(D10/$B10) -> 1.0047147 | E163: =(E10/$B10) -> 1.0065178 | F163: =(F10/$B10) -> 1.0083567 | G163: =(G10/$B10) -> 1.0100063 | H163: =(H10/$B10) -> 1.0116269 | I163: =(I10/$B10) -> 1.0131565 | J163: =(J10/$B10) -> 1.0147085 | ... AP163: =(AP10/$B10) -> 1.0603448
A164: Baltimore - MD (USA) | C164: =(C11/$B11) -> 1.0017908 | D164: =(D11/$B11) -> 1.0034805 | E164: =(E11/$B11) -> 1.0044774 | F164: =(F11/$B11) -> 1.0056034 | G164: =(G11/$B11) -> 1.0065207 | H164: =(H11/$B11) -> 1.007436 | I164: =(I11/$B11) -> 1.0082837 | J164: =(J11/$B11) -> 1.0092617 | ... AP164: =(AP11/$B11) -> 1.0310271
A165: Baton Rouge - LA (USA) | C165: =(C12/$B12) -> 1.0023823 | D165: =(D12/$B12) -> 1.0046314 | E165: =(E12/$B12) -> 1.0060271 | F165: =(F12/$B12) -> 1.0075324 | G165: =(G12/$B12) -> 1.0087525 | H165: =(H12/$B12) -> 1.0099255 | I165: =(I12/$B12) -> 1.0108814 | J165: =(J12/$B12) -> 1.0119438 | ... AP165: =(AP12/$B12) -> 1.0375361
A166: Beaumont - TX (USA) | C166: =(C13/$B13) -> 1.0014745 | D166: =(D13/$B13) -> 1.0028995 | E166: =(E13/$B13) -> 1.0037863 | F166: =(F13/$B13) -> 1.0048534 | G166: =(G13/$B13) -> 1.0056215 | H166: =(H13/$B13) -> 1.0062791 | I166: =(I13/$B13) -> 1.0067489 | J166: =(J13/$B13) -> 1.0073128 | ... AP166: =(AP13/$B13) -> 1.0232227
... A304: Youngstown - OH (USA) | C304: =(C151/$B151) -> 1.0001275 | D304: =(D151/$B151) -> 1.0001844 | E304: =(E151/$B151) -> 0.99974127 | F304: =(F151/$B151) -> 0.99949526 | G304: =(G151/$B151) -> 0.99911231 | H304: =(H151/$B151) -> 0.99871437 | I304: =(I151/$B151) -> 0.99821852 | J304: =(J151/$B151) -> 0.99784359 | ... AP304: =(AP151/$B151) -> 0.97907305
A307: Geography Name | B307: 1 | C307: 3 | D307: 5 | E307: 10 | G307: Geography Name | H307: 1 | I307: 1 Year Growth | K307: Geography Name | L307: 3 | M307: 3 Year Growth | O307: Geography Name | P307: 5 | Q307: 5 Year Growth | S307: Geography Name | T307: 10 | U307: 10 Year Growth
A308: Akron - OH (USA) | B308: =E155 -> 1.0019919 | C308: =M155 -> 1.0022244 | D308: =U155 -> 1.0008259 | E308: =AO155 -> 1.0016439 | G308: Akron - OH (USA) | H308: 1.0019919 | I308: =RANK(H308,H$308:H$457) -> 146 | K308: Akron - OH (USA) | L308: 1.0022244 | M308: =RANK(L308,L$308:L$457) -> 146 | O308: Akron - OH (USA) | P308: 1.0008259 | Q308: =RANK(P308,P$308:P$457) -> 146 | S308: Akron - OH (USA) | T308: 1.0016439 | U308: =RANK(T308,T$308:T$457) -> 145
A309: Albany - NY (USA) | B309: =E156 -> 1.0039818 | C309: =M156 -> 1.0089076 | D309: =U156 -> 1.011423 | E309: =AO156 -> 1.0223063 | G309: Albany - NY (USA) | H309: 1.0039818 | I309: =RANK(H309,H$308:H$457) -> 115 | K309: Albany - NY (USA) | L309: 1.0089076 | M309: =RANK(L309,L$308:L$457) -> 117 | O309: Albany - NY (USA) | P309: 1.011423 | Q309: =RANK(P309,P$308:P$457) -> 119 | S309: Albany - NY (USA) | T309: 1.0223063 | U309: =RANK(T309,T$308:T$457) -> 121
A310: Albuquerque - NM (USA) | B310: =E157 -> 1.005602 | C310: =M157 -> 1.0142424 | D310: =U157 -> 1.0200113 | E310: =AO157 -> 1.0354614 | G310: Albuquerque - NM (USA) | H310: 1.005602 | I310: =RANK(H310,H$308:H$457) -> 77 | K310: Albuquerque - NM (USA) | L310: 1.0142424 | M310: =RANK(L310,L$308:L$457) -> 86 | O310: Albuquerque - NM (USA) | P310: 1.0200113 | Q310: =RANK(P310,P$308:P$457) -> 89 | S310: Albuquerque - NM (USA) | T310: 1.0354614 | U310: =RANK(T310,T$308:T$457) -> 100
A311: Anchorage - AK (USA) | B311: =E158 -> 1.003658 | C311: =M158 -> 1.0080139 | D311: =U158 -> 1.0109515 | E311: =AO158 -> 1.0232708 | G311: Anchorage - AK (USA) | H311: 1.003658 | I311: =RANK(H311,H$308:H$457) -> 123 | K311: Anchorage - AK (USA) | L311: 1.0080139 | M311: =RANK(L311,L$308:L$457) -> 123 | O311: Anchorage - AK (USA) | P311: 1.0109515 | Q311: =RANK(P311,P$308:P$457) -> 122 | S311: Anchorage - AK (USA) | T311: 1.0232708 | U311: =RANK(T311,T$308:T$457) -> 118
A312: Asheville - NC (USA) | B312: =E159 -> 1.0062607 | C312: =M159 -> 1.0178533 | D312: =U159 -> 1.0276967 | E312: =AO159 -> 1.0572325 | G312: Asheville - NC (USA) | H312: 1.0062607 | I312: =RANK(H312,H$308:H$457) -> 61 | K312: Asheville - NC (USA) | L312: 1.0178533 | M312: =RANK(L312,L$308:L$457) -> 61 | O312: Asheville - NC (USA) | P312: 1.0276967 | Q312: =RANK(P312,P$308:P$457) -> 59 | S312: Asheville - NC (USA) | T312: 1.0572325 | U312: =RANK(T312,T$308:T$457) -> 58
A313: Atlanta - GA (USA) | B313: =E160 -> 1.0075888 | C313: =M160 -> 1.0236076 | D313: =U160 -> 1.0374264 | E313: =AO160 -> 1.0749655 | G313: Atlanta - GA (USA) | H313: 1.0075888 | I313: =RANK(H313,H$308:H$457) -> 34 | K313: Atlanta - GA (USA) | L313: 1.0236076 | M313: =RANK(L313,L$308:L$457) -> 32 | O313: Atlanta - GA (USA) | P313: 1.0374264 | Q313: =RANK(P313,P$308:P$457) -> 31 | S313: Atlanta - GA (USA) | T313: 1.0749655 | U313: =RANK(T313,T$308:T$457) -> 34
A314: Augusta - GA (USA) | B314: =E161 -> 1.0037634 | C314: =M161 -> 1.0104869 | D314: =U161 -> 1.0148775 | E314: =AO161 -> 1.0278768 | G314: Augusta - GA (USA) | H314: 1.0037634 | I314: =RANK(H314,H$308:H$457) -> 121 | K314: Augusta - GA (USA) | L314: 1.0104869 | M314: =RANK(L314,L$308:L$457) -> 113 | O314: Augusta - GA (USA) | P314: 1.0148775 | Q314: =RANK(P314,P$308:P$457) -> 112 | S314: Augusta - GA (USA) | T314: 1.0278768 | U314: =RANK(T314,T$308:T$457) -> 111
A315: Austin - TX (USA) | B315: =E162 -> 1.0141818 | C315: =M162 -> 1.0464233 | D315: =U162 -> 1.0706002 | E315: =AO162 -> 1.1389397 | G315: Austin - TX (USA) | H315: 1.0141818 | I315: =RANK(H315,H$308:H$457) -> 1 | K315: Austin - TX (USA) | L315: 1.0464233 | M315: =RANK(L315,L$308:L$457) -> 1 | O315: Austin - TX (USA) | P315: 1.0706002 | Q315: =RANK(P315,P$308:P$457) -> 1 | S315: Austin - TX (USA) | T315: 1.1389397 | U315: =RANK(T315,T$308:T$457) -> 2
A316: Bakersfield - CA (USA) | B316: =E163 -> 1.0065178 | C316: =M163 -> 1.0185724 | D316: =U163 -> 1.028514 | E316: =AO163 -> 1.0588031 | G316: Bakersfield - CA (USA) | H316: 1.0065178 | I316: =RANK(H316,H$308:H$457) -> 54 | K316: Bakersfield - CA (USA) | L316: 1.0185724 | M316: =RANK(L316,L$308:L$457) -> 57 | O316: Bakersfield - CA (USA) | P316: 1.028514 | Q316: =RANK(P316,P$308:P$457) -> 56 | S316: Bakersfield - CA (USA) | T316: 1.0588031 | U316: =RANK(T316,T$308:T$457) -> 53
A317: Baltimore - MD (USA) | B317: =E164 -> 1.0044774 | C317: =M164 -> 1.0112604 | D317: =U164 -> 1.0165499 | E317: =AO164 -> 1.0303636 | G317: Baltimore - MD (USA) | H317: 1.0044774 | I317: =RANK(H317,H$308:H$457) -> 100 | K317: Baltimore - MD (USA) | L317: 1.0112604 | M317: =RANK(L317,L$308:L$457) -> 106 | O317: Baltimore - MD (USA) | P317: 1.0165499 | Q317: =RANK(P317,P$308:P$457) -> 105 | S317: Baltimore - MD (USA) | T317: 1.0303636 | U317: =RANK(T317,T$308:T$457) -> 108
A318: Baton Rouge - LA (USA) | B318: =E165 -> 1.0060271 | C318: =M165 -> 1.0141353 | D318: =U165 -> 1.0199484 | E318: =AO165 -> 1.0367168 | G318: Baton Rouge - LA (USA) | H318: 1.0060271 | I318: =RANK(H318,H$308:H$457) -> 66 | K318: Baton Rouge - LA (USA) | L318: 1.0141353 | M318: =RANK(L318,L$308:L$457) -> 87 | O318: Baton Rouge - LA (USA) | P318: 1.0199484 | Q318: =RANK(P318,P$308:P$457) -> 90 | S318: Baton Rouge - LA (USA) | T318: 1.0367168 | U318: =RANK(T318,T$308:T$457) -> 97
A319: Beaumont - TX (USA) | B319: =E166 -> 1.0037863 | C319: =M166 -> 1.0079952 | D319: =U166 -> 1.0100968 | E319: =AO166 -> 1.0226296 | G319: Beaumont - TX (USA) | H319: 1.0037863 | I319: =RANK(H319,H$308:H$457) -> 119 | K319: Beaumont - TX (USA) | L319: 1.0079952 | M319: =RANK(L319,L$308:L$457) -> 124 | O319: Beaumont - TX (USA) | P319: 1.0100968 | Q319: =RANK(P319,P$308:P$457) -> 125 | S319: Beaumont - TX (USA) | T319: 1.0226296 | U319: =RANK(T319,T$308:T$457) -> 119
... A457: Youngstown - OH (USA) | B457: =E304 -> 0.99974127 | C457: =M304 -> 0.99568254 | D457: =U304 -> 0.98957184 | E457: =AO304 -> 0.9795553 | G457: Youngstown - OH (USA) | H457: 0.99974127 | I457: =RANK(H457,H$308:H$457) -> 150 | K457: Youngstown - OH (USA) | L457: 0.99568254 | M457: =RANK(L457,L$308:L$457) -> 150 | O457: Youngstown - OH (USA) | P457: 0.98957184 | Q457: =RANK(P457,P$308:P$457) -> 150 | S457: Youngstown - OH (USA) | T457: 0.9795553 | U457: =RANK(T457,T$308:T$457) -> 150

Sheet Supply Forward
A1: Geography Name | B1: 2025 Q2 EST | C1: 2025 Q3 | D1: 2025 Q4 | E1: 2026 Q1 | F1: 2026 Q2 | G1: 2026 Q3 | H1: 2026 Q4 | I1: 2027 Q1 | J1: 2027 Q2 | K1: 2027 Q3 | L1: 2027 Q4 | M1: 2028 Q1 | N1: 2028 Q2 | O1: 2028 Q3 | P1: 2028 Q4 | Q1: 2029 Q1 | R1: 2029 Q2 | S1: 2029 Q3 | T1: 2029 Q4 | U1: 2030 Q1 | V1: 2030 Q2 | W1: 2030 Q3 | X1: 2030 Q4 | Y1: 2031 Q1 | Z1: 2031 Q2 | AA1: 2031 Q3 | AB1: 2031 Q4 | AC1: 2032 Q1 | AD1: 2032 Q2 | AE1: 2032 Q3 | AF1: 2032 Q4 | AG1: 2033 Q1 | AH1: 2033 Q2 | AI1: 2033 Q3 | AJ1: 2033 Q4 | AK1: 2034 Q1 | AL1: 2034 Q2 | AM1: 2034 Q3 | AN1: 2034 Q4 | AO1: 2035 Q1 | AP1: 2035 Q2
A2: Akron - OH | B2: 38114 | C2: 38112 | D2: 38110 | E2: 38108 | F2: 38105 | G2: 38105 | H2: 38164 | I2: 38183 | J2: 38207 | K2: 38237 | L2: 38270 | M2: 38305 | N2: 38343 | O2: 38381 | P2: 38421 | Q2: 38462 | R2: 38503 | S2: 38545 | T2: 38586 | U2: 38628 | V2: 38670 | W2: 38712 | X2: 38755 | Y2: 38797 | Z2: 38839 | AA2: 38881 | AB2: 38923 | AC2: 38965 | AD2: 39007 | AE2: 39049 | AF2: 39091 | AG2: 39133 | AH2: 39175 | AI2: 39217 | AJ2: 39259 | AK2: 39301 | AL2: 39343 | AM2: 39385 | AN2: 39427 | AO2: 39469 | AP2: 39511
A3: Albany - NY | B3: 58947 | C3: 58945 | D3: 59086 | E3: 59083 | F3: 59149 | G3: 59216 | H3: 59279 | I3: 59428 | J3: 59529 | K3: 59646 | L3: 59775 | M3: 59915 | N3: 60063 | O3: 60216 | P3: 60374 | Q3: 60536 | R3: 61028 | S3: 61193 | T3: 61360 | U3: 61528 | V3: 61696 | W3: 61864 | X3: 62033 | Y3: 62202 | Z3: 62371 | AA3: 62539 | AB3: 62708 | AC3: 62877 | AD3: 63045 | AE3: 63214 | AF3: 63382 | AG3: 63550 | AH3: 63718 | AI3: 63886 | AJ3: 64054 | AK3: 64221 | AL3: 64389 | AM3: 64557 | AN3: 64724 | AO3: 64892 | AP3: 65060
A4: Albuquerque - NM | B4: 56446 | C4: 56916 | D4: 56914 | E4: 57244 | F4: 57568 | G4: 57565 | H4: 57699 | I4: 57972 | J4: 58059 | K4: 58166 | L4: 58287 | M4: 58421 | N4: 58566 | O4: 58718 | P4: 58877 | Q4: 59042 | R4: 59212 | S4: 59384 | T4: 59560 | U4: 59738 | V4: 59918 | W4: 60099 | X4: 60282 | Y4: 60466 | Z4: 60651 | AA4: 60836 | AB4: 61023 | AC4: 61210 | AD4: 61397 | AE4: 61585 | AF4: 61773 | AG4: 61961 | AH4: 62150 | AI4: 62339 | AJ4: 62528 | AK4: 62717 | AL4: 62907 | AM4: 63097 | AN4: 63286 | AO4: 63477 | AP4: 63667
A5: Anchorage - AK | B5: 13071 | C5: 13070 | D5: 13070 | E5: 13069 | F5: 13068 | G5: 13067 | H5: 13067 | I5: 13066 | J5: 13066 | K5: 13067 | L5: 13068 | M5: 13070 | N5: 13072 | O5: 13074 | P5: 13077 | Q5: 13079 | R5: 13082 | S5: 13085 | T5: 13088 | U5: 13091 | V5: 13094 | W5: 13097 | X5: 13100 | Y5: 13103 | Z5: 13106 | AA5: 13110 | AB5: 13113 | AC5: 13116 | AD5: 13119 | AE5: 13122 | AF5: 13125 | AG5: 13129 | AH5: 13132 | AI5: 13135 | AJ5: 13138 | AK5: 13141 | AL5: 13144 | AM5: 13148 | AN5: 13151 | AO5: 13154 | AP5: 13157
A6: Asheville - NC | B6: 22918 | C6: 23544 | D6: 23842 | E6: 24272 | F6: 24486 | G6: 24670 | H6: 24799 | I6: 25191 | J6: 25290 | K6: 25407 | L6: 25539 | M6: 25682 | N6: 25834 | O6: 25993 | P6: 26157 | Q6: 26326 | R6: 26498 | S6: 26672 | T6: 26847 | U6: 27024 | V6: 27201 | W6: 27379 | X6: 27557 | Y6: 27736 | Z6: 27915 | AA6: 28093 | AB6: 28272 | AC6: 28451 | AD6: 28629 | AE6: 28808 | AF6: 28986 | AG6: 29164 | AH6: 29343 | AI6: 29521 | AJ6: 29699 | AK6: 29877 | AL6: 30055 | AM6: 30233 | AN6: 30411 | AO6: 30588 | AP6: 30766
A7: Atlanta - GA | B7: 539804 | C7: 542410 | D7: 544199 | E7: 546181 | F7: 548060 | G7: 549635 | H7: 551415 | I7: 552190 | J7: 553512 | K7: 554820 | L7: 556318 | M7: 558250 | N7: 560037 | O7: 561925 | P7: 563892 | Q7: 566174 | R7: 568234 | S7: 570319 | T7: 572418 | U7: 574526 | V7: 576639 | W7: 578754 | X7: 580869 | Y7: 582985 | Z7: 585101 | AA7: 587219 | AB7: 589339 | AC7: 591457 | AD7: 593571 | AE7: 595681 | AF7: 597787 | AG7: 599888 | AH7: 601986 | AI7: 604079 | AJ7: 606169 | AK7: 608255 | AL7: 610339 | AM7: 612420 | AN7: 614497 | AO7: 616573 | AP7: 618651
A8: Augusta - GA | B8: 31488 | C8: 31487 | D8: 31486 | E8: 31796 | F8: 31794 | G8: 31791 | H8: 31814 | I8: 31856 | J8: 31912 | K8: 31979 | L8: 32054 | M8: 32137 | N8: 32224 | O8: 32316 | P8: 32411 | Q8: 32508 | R8: 32607 | S8: 32708 | T8: 32809 | U8: 32911 | V8: 33013 | W8: 33116 | X8: 33219 | Y8: 33322 | Z8: 33425 | AA8: 33528 | AB8: 33631 | AC8: 33735 | AD8: 33838 | AE8: 33941 | AF8: 34044 | AG8: 34146 | AH8: 34249 | AI8: 34352 | AJ8: 34454 | AK8: 34557 | AL8: 34660 | AM8: 34762 | AN8: 34865 | AO8: 34967 | AP8: 35070
A9: Austin - TX | B9: 325494 | C9: 328080 | D9: 330290 | E9: 332274 | F9: 334215 | G9: 336031 | H9: 338032 | I9: 340187 | J9: 342623 | K9: 345007 | L9: 346448 | M9: 348184 | N9: 350159 | O9: 352320 | P9: 354626 | Q9: 357042 | R9: 359539 | S9: 362094 | T9: 364687 | U9: 367306 | V9: 369938 | W9: 372577 | X9: 375220 | Y9: 377863 | Z9: 380502 | AA9: 383135 | AB9: 385762 | AC9: 388380 | AD9: 390989 | AE9: 393591 | AF9: 396183 | AG9: 398765 | AH9: 401336 | AI9: 403896 | AJ9: 406445 | AK9: 408985 | AL9: 411515 | AM9: 414037 | AN9: 416550 | AO9: 419055 | AP9: 421554
A10: Bakersfield - CA | B10: 26180 | C10: 26179 | D10: 26406 | E10: 26405 | F10: 26403 | G10: 26446 | H10: 26444 | I10: 26489 | J10: 26496 | K10: 26510 | L10: 26529 | M10: 26551 | N10: 26577 | O10: 26606 | P10: 26636 | Q10: 26668 | R10: 26700 | S10: 26734 | T10: 26769 | U10: 26804 | V10: 26839 | W10: 26875 | X10: 26911 | Y10: 26947 | Z10: 26983 | AA10: 27020 | AB10: 27057 | AC10: 27093 | AD10: 27130 | AE10: 27167 | AF10: 27204 | AG10: 27240 | AH10: 27277 | AI10: 27314 | AJ10: 27351 | AK10: 27388 | AL10: 27425 | AM10: 27462 | AN10: 27499 | AO10: 27536 | AP10: 27573
A11: Baltimore - MD | B11: 215456 | C11: 215645 | D11: 216046 | E11: 216503 | F11: 216917 | G11: 217132 | H11: 217407 | I11: 218102 | J11: 218495 | K11: 218927 | L11: 219389 | M11: 219878 | N11: 220389 | O11: 220920 | P11: 221469 | Q11: 222032 | R11: 222608 | S11: 223196 | T11: 223792 | U11: 224397 | V11: 225007 | W11: 225625 | X11: 226248 | Y11: 226877 | Z11: 227510 | AA11: 228147 | AB11: 228787 | AC11: 229430 | AD11: 230074 | AE11: 230721 | AF11: 231367 | AG11: 232015 | AH11: 232664 | AI11: 233315 | AJ11: 233967 | AK11: 234619 | AL11: 235273 | AM11: 235927 | AN11: 236583 | AO11: 237239 | AP11: 237897
A12: Baton Rouge - LA | B12: 44500 | C12: 44499 | D12: 44657 | E12: 44653 | F12: 44990 | G12: 44986 | H12: 45111 | I12: 45158 | J12: 45222 | K12: 45298 | L12: 45384 | M12: 45479 | N12: 45579 | O12: 45684 | P12: 45792 | Q12: 45904 | R12: 46017 | S12: 46132 | T12: 46248 | U12: 46365 | V12: 46482 | W12: 46600 | X12: 46718 | Y12: 46836 | Z12: 46954 | AA12: 47072 | AB12: 47190 | AC12: 47308 | AD12: 47426 | AE12: 47544 | AF12: 47662 | AG12: 47780 | AH12: 47897 | AI12: 48015 | AJ12: 48132 | AK12: 48250 | AL12: 48367 | AM12: 48484 | AN12: 48602 | AO12: 48719 | AP12: 48836
A13: Beaumont - TX | B13: 18644 | C13: 18643 | D13: 18642 | E13: 18642 | F13: 18641 | G13: 18640 | H13: 18641 | I13: 18645 | J13: 18651 | K13: 18658 | L13: 18667 | M13: 18676 | N13: 18686 | O13: 18697 | P13: 18708 | Q13: 18720 | R13: 18732 | S13: 18744 | T13: 18757 | U13: 18769 | V13: 18782 | W13: 18795 | X13: 18808 | Y13: 18821 | Z13: 18834 | AA13: 18848 | AB13: 18861 | AC13: 18874 | AD13: 18888 | AE13: 18901 | AF13: 18914 | AG13: 18928 | AH13: 18941 | AI13: 18955 | AJ13: 18968 | AK13: 18982 | AL13: 18995 | AM13: 19009 | AN13: 19022 | AO13: 19036 | AP13: 19049
... A151: Youngstown - OH | B151: 18006 | C151: 18005 | D151: 18004 | E151: 18003 | F151: 18001 | G151: 18000 | H151: 17999 | I151: 17998 | J151: 17996 | K151: 17995 | L151: 17994 | M151: 17992 | N151: 17991 | O151: 17990 | P151: 17989 | Q151: 17987 | R151: 17986 | S151: 17985 | T151: 17984 | U151: 17982 | V151: 17981 | W151: 17980 | X151: 17979 | Y151: 17977 | Z151: 17976 | AA151: 17975 | AB151: 17974 | AC151: 17972 | AD151: 17971 | AE151: 17970 | AF151: 17968 | AG151: 17967 | AH151: 17966 | AI151: 17964 | AJ151: 17963 | AK151: 17962 | AL151: 17960 | AM151: 17959 | AN151: 17958 | AO151: 17956 | AP151: 17955
E153: 1 | M153: 3 | U153: 5 | AO153: 10
A154: Geography Name | B154: =B1 -> 2025 Q2 EST | C154: =C1 -> 2025 Q3 | D154: =D1 -> 2025 Q4 | E154: =E1 -> 2026 Q1 | F154: =F1 -> 2026 Q2 | G154: =G1 -> 2026 Q3 | H154: =H1 -> 2026 Q4 | I154: =I1 -> 2027 Q1 | ... AP154: =AP1 -> 2035 Q2
A155: Akron - OH | B155: =(B2/$B2) -> 1 | C155: =(C2/$B2) -> 0.99994753 | D155: =(D2/$B2) -> 0.99989505 | E155: =(E2/$B2) -> 0.99984258 | F155: =(F2/$B2) -> 0.99976387 | G155: =(G2/$B2) -> 0.99976387 | H155: =(H2/$B2) -> 1.0013119 | I155: =(I2/$B2) -> 1.0018104 | ... AP155: =(AP2/$B2) -> 1.0366532
A156: Albany - NY | B156: =(B3/$B3) -> 1 | C156: =(C3/$B3) -> 0.99996607 | D156: =(D3/$B3) -> 1.0023581 | E156: =(E3/$B3) -> 1.0023072 | F156: =(F3/$B3) -> 1.0034268 | G156: =(G3/$B3) -> 1.0045634 | H156: =(H3/$B3) -> 1.0056322 | I156: =(I3/$B3) -> 1.0081599 | ... AP156: =(AP3/$B3) -> 1.1037033
A157: Albuquerque - NM | B157: =(B4/$B4) -> 1 | C157: =(C4/$B4) -> 1.0083265 | D157: =(D4/$B4) -> 1.0082911 | E157: =(E4/$B4) -> 1.0141374 | F157: =(F4/$B4) -> 1.0198774 | G157: =(G4/$B4) -> 1.0198243 | H157: =(H4/$B4) -> 1.0221982 | I157: =(I4/$B4) -> 1.0270347 | ... AP157: =(AP4/$B4) -> 1.1279276
A158: Anchorage - AK | B158: =(B5/$B5) -> 1 | C158: =(C5/$B5) -> 0.99992349 | D158: =(D5/$B5) -> 0.99992349 | E158: =(E5/$B5) -> 0.99984699 | F158: =(F5/$B5) -> 0.99977048 | G158: =(G5/$B5) -> 0.99969398 | H158: =(H5/$B5) -> 0.99969398 | I158: =(I5/$B5) -> 0.99961747 | ... AP158: =(AP5/$B5) -> 1.0065795
A159: Asheville - NC | B159: =(B6/$B6) -> 1 | C159: =(C6/$B6) -> 1.0273148 | D159: =(D6/$B6) -> 1.0403177 | E159: =(E6/$B6) -> 1.0590802 | F159: =(F6/$B6) -> 1.0684178 | G159: =(G6/$B6) -> 1.0764465 | H159: =(H6/$B6) -> 1.0820752 | I159: =(I6/$B6) -> 1.0991797 | ... AP159: =(AP6/$B6) -> 1.3424383
A160: Atlanta - GA | B160: =(B7/$B7) -> 1 | C160: =(C7/$B7) -> 1.0048277 | D160: =(D7/$B7) -> 1.0081418 | E160: =(E7/$B7) -> 1.0118135 | F160: =(F7/$B7) -> 1.0152944 | G160: =(G7/$B7) -> 1.0182122 | H160: =(H7/$B7) -> 1.0215097 | I160: =(I7/$B7) -> 1.0229454 | ... AP160: =(AP7/$B7) -> 1.146066
A161: Augusta - GA | B161: =(B8/$B8) -> 1 | C161: =(C8/$B8) -> 0.99996824 | D161: =(D8/$B8) -> 0.99993648 | E161: =(E8/$B8) -> 1.0097815 | F161: =(F8/$B8) -> 1.009718 | G161: =(G8/$B8) -> 1.0096227 | H161: =(H8/$B8) -> 1.0103532 | I161: =(I8/$B8) -> 1.011687 | ... AP161: =(AP8/$B8) -> 1.1137576
A162: Austin - TX | B162: =(B9/$B9) -> 1 | C162: =(C9/$B9) -> 1.0079448 | D162: =(D9/$B9) -> 1.0147345 | E162: =(E9/$B9) -> 1.0208299 | F162: =(F9/$B9) -> 1.0267931 | G162: =(G9/$B9) -> 1.0323723 | H162: =(H9/$B9) -> 1.0385199 | I162: =(I9/$B9) -> 1.0451406 | ... AP162: =(AP9/$B9) -> 1.2951206
A163: Bakersfield - CA | B163: =(B10/$B10) -> 1 | C163: =(C10/$B10) -> 0.9999618 | D163: =(D10/$B10) -> 1.0086325 | E163: =(E10/$B10) -> 1.0085943 | F163: =(F10/$B10) -> 1.008518 | G163: =(G10/$B10) -> 1.0101604 | H163: =(H10/$B10) -> 1.010084 | I163: =(I10/$B10) -> 1.0118029 | ... AP163: =(AP10/$B10) -> 1.0532086
A164: Baltimore - MD | B164: =(B11/$B11) -> 1 | C164: =(C11/$B11) -> 1.0008772 | D164: =(D11/$B11) -> 1.0027384 | E164: =(E11/$B11) -> 1.0048595 | F164: =(F11/$B11) -> 1.006781 | G164: =(G11/$B11) -> 1.0077789 | H164: =(H11/$B11) -> 1.0090552 | I164: =(I11/$B11) -> 1.0122809 | ... AP164: =(AP11/$B11) -> 1.1041558
A165: Baton Rouge - LA | B165: =(B12/$B12) -> 1 | C165: =(C12/$B12) -> 0.99997753 | D165: =(D12/$B12) -> 1.0035281 | E165: =(E12/$B12) -> 1.0034382 | F165: =(F12/$B12) -> 1.0110112 | G165: =(G12/$B12) -> 1.0109213 | H165: =(H12/$B12) -> 1.0137303 | I165: =(I12/$B12) -> 1.0147865 | ... AP165: =(AP12/$B12) -> 1.0974382
A166: Beaumont - TX | B166: =(B13/$B13) -> 1 | C166: =(C13/$B13) -> 0.99994636 | D166: =(D13/$B13) -> 0.99989273 | E166: =(E13/$B13) -> 0.99989273 | F166: =(F13/$B13) -> 0.99983909 | G166: =(G13/$B13) -> 0.99978545 | H166: =(H13/$B13) -> 0.99983909 | I166: =(I13/$B13) -> 1.0000536 | ... AP166: =(AP13/$B13) -> 1.0217228
... A304: Youngstown - OH | B304: =(B151/$B151) -> 1 | C304: =(C151/$B151) -> 0.99994446 | D304: =(D151/$B151) -> 0.99988893 | E304: =(E151/$B151) -> 0.99983339 | F304: =(F151/$B151) -> 0.99972231 | G304: =(G151/$B151) -> 0.99966678 | H304: =(H151/$B151) -> 0.99961124 | I304: =(I151/$B151) -> 0.9995557 | ... AP304: =(AP151/$B151) -> 0.99716761
B306: 1 | C306: 3 | D306: 5 | E306: 10 | G306: Market | H306: 1 | I306: 1 Yr. Ranking | K306: Market | L306: 3 | M306: 3 Yr. Ranking | O306: Market | P306: 5 | Q306: 5 Yr. Ranking | S306: Market | T306: 10 | U306: 10 Yr. Ranking
A307: Akron - OH | B307: =F155 -> 0.99976387 | C307: =M155 -> 1.0050113 | D307: =U155 -> 1.0134859 | E307: =AO155 -> 1.0355512 | G307: Akron - OH | H307: 0.99976387 | I307: =RANK(H307,H$307:H$456,1) -> 6 | K307: Akron - OH | L307: 1.0050113 | M307: =RANK(L307,L$307:L$456,1) -> 15 | O307: Akron - OH | P307: 1.0134859 | Q307: =RANK(P307,P$307:P$456,1) -> 17 | S307: Akron - OH | T307: 1.0355512 | U307: =RANK(T307,T$307:T$456,1) -> 18
A308: Albany - NY | B308: =F156 -> 1.0034268 | C308: =N156 -> 1.0189323 | D308: =V156 -> 1.0466351 | E308: =AP156 -> 1.1037033 | G308: Albany - NY | H308: 1.0034268 | I308: =RANK(H308,H$307:H$456,1) -> 30 | K308: Albany - NY | L308: 1.0189323 | M308: =RANK(L308,L$307:L$456,1) -> 42 | O308: Albany - NY | P308: 1.0466351 | Q308: =RANK(P308,P$307:P$456,1) -> 55 | S308: Albany - NY | T308: 1.1037033 | U308: =RANK(T308,T$307:T$456,1) -> 52
A309: Albuquerque - NM | B309: =F157 -> 1.0198774 | C309: =N157 -> 1.037558 | D309: =V157 -> 1.0615101 | E309: =AP157 -> 1.1279276 | G309: Albuquerque - NM | H309: 1.0198774 | I309: =RANK(H309,H$307:H$456,1) -> 104 | K309: Albuquerque - NM | L309: 1.037558 | M309: =RANK(L309,L$307:L$456,1) -> 83 | O309: Albuquerque - NM | P309: 1.0615101 | Q309: =RANK(P309,P$307:P$456,1) -> 76 | S309: Albuquerque - NM | T309: 1.1279276 | U309: =RANK(T309,T$307:T$456,1) -> 68
A310: Anchorage - AK | B310: =F158 -> 0.99977048 | C310: =N158 -> 1.0000765 | D310: =V158 -> 1.0017596 | E310: =AP158 -> 1.0065795 | G310: Anchorage - AK | H310: 0.99977048 | I310: =RANK(H310,H$307:H$456,1) -> 7 | K310: Anchorage - AK | L310: 1.0000765 | M310: =RANK(L310,L$307:L$456,1) -> 2 | O310: Anchorage - AK | P310: 1.0017596 | Q310: =RANK(P310,P$307:P$456,1) -> 3 | S310: Anchorage - AK | T310: 1.0065795 | U310: =RANK(T310,T$307:T$456,1) -> 3
A311: Asheville - NC | B311: =F159 -> 1.0684178 | C311: =N159 -> 1.1272362 | D311: =V159 -> 1.1868837 | E311: =AP159 -> 1.3424383 | G311: Asheville - NC | H311: 1.0684178 | I311: =RANK(H311,H$307:H$456,1) -> 149 | K311: Asheville - NC | L311: 1.1272362 | M311: =RANK(L311,L$307:L$456,1) -> 145 | O311: Asheville - NC | P311: 1.1868837 | Q311: =RANK(P311,P$307:P$456,1) -> 143 | S311: Asheville - NC | T311: 1.3424383 | U311: =RANK(T311,T$307:T$456,1) -> 141
A312: Atlanta - GA | B312: =F160 -> 1.0152944 | C312: =N160 -> 1.0374821 | D312: =V160 -> 1.0682377 | E312: =AP160 -> 1.146066 | G312: Atlanta - GA | H312: 1.0152944 | I312: =RANK(H312,H$307:H$456,1) -> 93 | K312: Atlanta - GA | L312: 1.0374821 | M312: =RANK(L312,L$307:L$456,1) -> 82 | O312: Atlanta - GA | P312: 1.0682377 | Q312: =RANK(P312,P$307:P$456,1) -> 84 | S312: Atlanta - GA | T312: 1.146066 | U312: =RANK(T312,T$307:T$456,1) -> 85
A313: Augusta - GA | B313: =F161 -> 1.009718 | C313: =N161 -> 1.023374 | D313: =V161 -> 1.0484311 | E313: =AP161 -> 1.1137576 | G313: Augusta - GA | H313: 1.009718 | I313: =RANK(H313,H$307:H$456,1) -> 63 | K313: Augusta - GA | L313: 1.023374 | M313: =RANK(L313,L$307:L$456,1) -> 52 | O313: Augusta - GA | P313: 1.0484311 | Q313: =RANK(P313,P$307:P$456,1) -> 56 | S313: Augusta - GA | T313: 1.1137576 | U313: =RANK(T313,T$307:T$456,1) -> 58
A314: Austin - TX | B314: =F162 -> 1.0267931 | C314: =N162 -> 1.0757771 | D314: =V162 -> 1.1365432 | E314: =AP162 -> 1.2951206 | G314: Austin - TX | H314: 1.0267931 | I314: =RANK(H314,H$307:H$456,1) -> 126 | K314: Austin - TX | L314: 1.0757771 | M314: =RANK(L314,L$307:L$456,1) -> 128 | O314: Austin - TX | P314: 1.1365432 | Q314: =RANK(P314,P$307:P$456,1) -> 131 | S314: Austin - TX | T314: 1.2951206 | U314: =RANK(T314,T$307:T$456,1) -> 132
A315: Bakersfield - CA | B315: =F163 -> 1.008518 | C315: =N163 -> 1.0151642 | D315: =V163 -> 1.0251719 | E315: =AP163 -> 1.0532086 | G315: Bakersfield - CA | H315: 1.008518 | I315: =RANK(H315,H$307:H$456,1) -> 54 | K315: Bakersfield - CA | L315: 1.0151642 | M315: =RANK(L315,L$307:L$456,1) -> 34 | O315: Bakersfield - CA | P315: 1.0251719 | Q315: =RANK(P315,P$307:P$456,1) -> 29 | S315: Bakersfield - CA | T315: 1.0532086 | U315: =RANK(T315,T$307:T$456,1) -> 27
A316: Baltimore - MD | B316: =F164 -> 1.006781 | C316: =N164 -> 1.0228956 | D316: =V164 -> 1.0443292 | E316: =AP164 -> 1.1041558 | G316: Baltimore - MD | H316: 1.006781 | I316: =RANK(H316,H$307:H$456,1) -> 43 | K316: Baltimore - MD | L316: 1.0228956 | M316: =RANK(L316,L$307:L$456,1) -> 48 | O316: Baltimore - MD | P316: 1.0443292 | Q316: =RANK(P316,P$307:P$456,1) -> 50 | S316: Baltimore - MD | T316: 1.1041558 | U316: =RANK(T316,T$307:T$456,1) -> 53
A317: Baton Rouge - LA | B317: =F165 -> 1.0110112 | C317: =N165 -> 1.0242472 | D317: =V165 -> 1.0445393 | E317: =AP165 -> 1.0974382 | G317: Baton Rouge - LA | H317: 1.0110112 | I317: =RANK(H317,H$307:H$456,1) -> 70 | K317: Baton Rouge - LA | L317: 1.0242472 | M317: =RANK(L317,L$307:L$456,1) -> 53 | O317: Baton Rouge - LA | P317: 1.0445393 | Q317: =RANK(P317,P$307:P$456,1) -> 51 | S317: Baton Rouge - LA | T317: 1.0974382 | U317: =RANK(T317,T$307:T$456,1) -> 47
A318: Beaumont - TX | B318: =F166 -> 0.99983909 | C318: =N166 -> 1.0022527 | D318: =V166 -> 1.0074018 | E318: =AP166 -> 1.0217228 | G318: Beaumont - TX | H318: 0.99983909 | I318: =RANK(H318,H$307:H$456,1) -> 21 | K318: Beaumont - TX | L318: 1.0022527 | M318: =RANK(L318,L$307:L$456,1) -> 6 | O318: Beaumont - TX | P318: 1.0074018 | Q318: =RANK(P318,P$307:P$456,1) -> 7 | S318: Beaumont - TX | T318: 1.0217228 | U318: =RANK(T318,T$307:T$456,1) -> 10
A319: Birmingham - AL | B319: =F167 -> 1.0206662 | C319: =N167 -> 1.0349208 | D319: =V167 -> 1.0538574 | E319: =AP167 -> 1.1031819 | G319: Birmingham - AL | H319: 1.0206662 | I319: =RANK(H319,H$307:H$456,1) -> 106 | K319: Birmingham - AL | L319: 1.0349208 | M319: =RANK(L319,L$307:L$456,1) -> 79 | O319: Birmingham - AL | P319: 1.0538574 | Q319: =RANK(P319,P$307:P$456,1) -> 65 | S319: Birmingham - AL | T319: 1.1031819 | U319: =RANK(T319,T$307:T$456,1) -> 51
... A456: Youngstown - OH | B456: =F304 -> 0.99972231 | C456: =N304 -> 0.99916694 | D456: =V304 -> 0.99861157 | E456: =AP304 -> 0.99716761 | G456: Youngstown - OH | H456: 0.99972231 | I456: =RANK(H456,H$307:H$456,1) -> 1 | K456: Youngstown - OH | L456: 0.99916694 | M456: =RANK(L456,L$307:L$456,1) -> 1 | O456: Youngstown - OH | P456: 0.99861157 | Q456: =RANK(P456,P$307:P$456,1) -> 1 | S456: Youngstown - OH | T456: 0.99716761 | U456: =RANK(T456,T$307:T$456,1) -> 1

Sheet Supply Historical
A1: Property Class Name | B1: Slice | C1: As Of | D1: Geography Name | E1: Concept Name | F1: 2020 Q2 | G1: 2020 Q3 | H1: 2020 Q4 | I1: 2021 Q1 | J1: 2021 Q2 | K1: 2021 Q3 | L1: 2021 Q4 | M1: 2022 Q1 | N1: 2022 Q2 | O1: 2022 Q3 | P1: 2022 Q4 | Q1: 2023 Q1 | R1: 2023 Q2 | S1: 2023 Q3 | T1: 2023 Q4 | U1: 2024 Q1 | V1: 2024 Q2 | W1: 2024 Q3 | X1: 2024 Q4 | Y1: 2025 Q1
A2: Multi-Family | B2: All | C2: 2025 Q2 | D2: Akron - OH USA | E2: Inventory Units | F2: 36104 | G2: 36104 | H2: 36104 | I2: 36302 | J2: 36626 | K2: 36800 | L2: 36800 | M2: 36900 | N2: 37039 | O2: 37086 | P2: 37236 | Q2: 37236 | R2: 37334 | S2: 37365 | T2: 37649 | U2: 37649 | V2: 37995 | W2: 37995 | X2: 37995 | Y2: 38011
A3: Multi-Family | B3: All | C3: 2025 Q2 | D3: Albany - NY USA | E3: Inventory Units | F3: 53611 | G3: 53754 | H3: 54293 | I3: 54632 | J3: 54746 | K3: 54783 | L3: 55045 | M3: 55397 | N3: 55397 | O3: 55766 | P3: 56106 | Q3: 56725 | R3: 56891 | S3: 56987 | T3: 57064 | U3: 57240 | V3: 57539 | W3: 58062 | X3: 58276 | Y3: 58625
A4: Multi-Family | B4: All | C4: 2025 Q2 | D4: Albuquerque - NM USA | E4: Inventory Units | F4: 53012 | G4: 53012 | H4: 53382 | I4: 53390 | J4: 53534 | K4: 53636 | L4: 53636 | M4: 53636 | N4: 53636 | O4: 53636 | P4: 53662 | Q4: 53677 | R4: 53883 | S4: 54372 | T4: 55004 | U4: 55753 | V4: 55991 | W4: 55991 | X4: 56192 | Y4: 56217
A5: Multi-Family | B5: All | C5: 2025 Q2 | D5: Anchorage - AK USA | E5: Inventory Units | F5: 13040 | G5: 12976 | H5: 12976 | I5: 12976 | J5: 12976 | K5: 13016 | L5: 13016 | M5: 13016 | N5: 12995 | O5: 12995 | P5: 12995 | Q5: 13006 | R5: 13006 | S5: 13006 | T5: 13006 | U5: 13054 | V5: 13091 | W5: 13095 | X5: 13071 | Y5: 13071
A6: Multi-Family | B6: All | C6: 2025 Q2 | D6: Asheville - NC USA | E6: Inventory Units | F6: 17603 | G6: 17716 | H6: 17716 | I6: 18164 | J6: 18372 | K6: 18932 | L6: 19194 | M6: 19194 | N6: 19676 | O6: 20009 | P6: 20102 | Q6: 20405 | R6: 20701 | S6: 20701 | T6: 20903 | U6: 20903 | V6: 21491 | W6: 21667 | X6: 21667 | Y6: 22147
A7: Multi-Family | B7: All | C7: 2025 Q2 | D7: Atlanta - GA USA | E7: Inventory Units | F7: 452802 | G7: 459268 | H7: 461536 | I7: 464791 | J7: 466180 | K7: 467712 | L7: 469808 | M7: 471644 | N7: 474336 | O7: 478962 | P7: 484292 | Q7: 487609 | R7: 495142 | S7: 499478 | T7: 505463 | U7: 511357 | V7: 520072 | W7: 525988 | X7: 530902 | Y7: 535991
A8: Multi-Family | B8: All | C8: 2025 Q2 | D8: Augusta - GA USA | E8: Inventory Units | F8: 25625 | G8: 25929 | H8: 25938 | I8: 26486 | J8: 26486 | K8: 26641 | L8: 27155 | M8: 27617 | N8: 28034 | O8: 28324 | P8: 28912 | Q8: 29024 | R8: 29099 | S8: 29409 | T8: 29409 | U8: 29948 | V8: 30368 | W8: 30877 | X8: 31019 | Y8: 31488
A9: Multi-Family | B9: All | C9: 2025 Q2 | D9: Austin - TX USA | E9: Inventory Units | F9: 233017 | G9: 234948 | H9: 238556 | I9: 241054 | J9: 243350 | K9: 246155 | L9: 250337 | M9: 254861 | N9: 258172 | O9: 261542 | P9: 264792 | Q9: 268168 | R9: 273985 | S9: 280659 | T9: 286014 | U9: 294802 | V9: 302363 | W9: 312373 | X9: 317876 | Y9: 321484
A10: Multi-Family | B10: All | C10: 2025 Q2 | D10: Bakersfield - CA USA | E10: Inventory Units | F10: 24899 | G10: 24899 | H10: 24899 | I10: 25054 | J10: 25510 | K10: 25688 | L10: 25688 | M10: 25688 | N10: 25688 | O10: 25688 | P10: 25688 | Q10: 25737 | R10: 25737 | S10: 25745 | T10: 25745 | U10: 25839 | V10: 26039 | W10: 26180 | X10: 26180 | Y10: 26180
A11: Multi-Family | B11: All | C11: 2025 Q2 | D11: Baltimore - MD USA | E11: Inventory Units | F11: 202785 | G11: 203380 | H11: 203465 | I11: 204434 | J11: 204646 | K11: 204868 | L11: 205191 | M11: 205398 | N11: 205623 | O11: 205877 | P11: 206371 | Q11: 207052 | R11: 209091 | S11: 209711 | T11: 210084 | U11: 211209 | V11: 212661 | W11: 213827 | X11: 214261 | Y11: 214933
A12: Multi-Family | B12: All | C12: 2025 Q2 | D12: Baton Rouge - LA USA | E12: Inventory Units | F12: 40580 | G12: 40790 | H12: 40790 | I12: 40822 | J12: 41092 | K12: 41247 | L12: 41247 | M12: 41187 | N12: 41356 | O12: 41580 | P12: 41590 | Q12: 41722 | R12: 41722 | S12: 42021 | T12: 42741 | U12: 42749 | V12: 43557 | W12: 44014 | X12: 44116 | Y12: 44168
A13: Multi-Family | B13: All | C13: 2025 Q2 | D13: Beaumont - TX USA | E13: Inventory Units | F13: 17468 | G13: 17468 | H13: 17468 | I13: 17468 | J13: 17468 | K13: 17468 | L13: 17688 | M13: 18154 | N13: 18311 | O13: 18311 | P13: 18311 | Q13: 18321 | R13: 18331 | S13: 18536 | T13: 18536 | U13: 18536 | V13: 18536 | W13: 18644 | X13: 18644 | Y13: 18644
... A151: Multi-Family | B151: All | C151: 2025 Q2 | D151: Youngstown - OH USA | E151: Inventory Units | F151: 18120 | G151: 18120 | H151: 18120 | I151: 18128 | J151: 18128 | K151: 18128 | L151: 18128 | M151: 18128 | N151: 18128 | O151: 18128 | P151: 18128 | Q151: 18128 | R151: 18128 | S151: 18128 | T151: 18128 | U151: 18128 | V151: 18128 | W151: 18105 | X151: 18006 | Y151: 18006
A154: Property Class Name | B154: Slice | C154: As Of | D154: Geography Name | E154: Concept Name | F154: =F1 -> 2020 Q2 | G154: =G1 -> 2020 Q3 | H154: =H1 -> 2020 Q4 | I154: =I1 -> 2021 Q1 | J154: =J1 -> 2021 Q2 | K154: =K1 -> 2021 Q3 | L154: =L1 -> 2021 Q4 | M154: =M1 -> 2022 Q1 | ... Y154: =Y1 -> 2025 Q1
A155: Multi-Family | B155: All | C155: 2025 Q2 | D155: Akron - OH (USA) | E155: Inventory Units | F155: =F2/$F2 -> 1 | G155: =G2/$F2 -> 1 | H155: =H2/$F2 -> 1 | I155: =I2/$F2 -> 1.0054842 | J155: =J2/$F2 -> 1.0144582 | K155: =K2/$F2 -> 1.0192776 | L155: =L2/$F2 -> 1.0192776 | M155: =M2/$F2 -> 1.0220474 | ... Y155: =Y2/$F2 -> 1.0528196
A156: Multi-Family | B156: All | C156: 2025 Q2 | D156: Albany - NY (USA) | E156: Inventory Units | F156: =F3/$F3 -> 1 | G156: =G3/$F3 -> 1.0026674 | H156: =H3/$F3 -> 1.0127213 | I156: =I3/$F3 -> 1.0190446 | J156: =J3/$F3 -> 1.021171 | K156: =K3/$F3 -> 1.0218612 | L156: =L3/$F3 -> 1.0267482 | M156: =M3/$F3 -> 1.0333141 | ... Y156: =Y3/$F3 -> 1.0935256
A157: Multi-Family | B157: All | C157: 2025 Q2 | D157: Albuquerque - NM (USA) | E157: Inventory Units | F157: =F4/$F4 -> 1 | G157: =G4/$F4 -> 1 | H157: =H4/$F4 -> 1.0069796 | I157: =I4/$F4 -> 1.0071305 | J157: =J4/$F4 -> 1.0098468 | K157: =K4/$F4 -> 1.0117709 | L157: =L4/$F4 -> 1.0117709 | M157: =M4/$F4 -> 1.0117709 | ... Y157: =Y4/$F4 -> 1.060458
A158: Multi-Family | B158: All | C158: 2025 Q2 | D158: Anchorage - AK (USA) | E158: Inventory Units | F158: =F5/$F5 -> 1 | G158: =G5/$F5 -> 0.99509202 | H158: =H5/$F5 -> 0.99509202 | I158: =I5/$F5 -> 0.99509202 | J158: =J5/$F5 -> 0.99509202 | K158: =K5/$F5 -> 0.99815951 | L158: =L5/$F5 -> 0.99815951 | M158: =M5/$F5 -> 0.99815951 | ... Y158: =Y5/$F5 -> 1.0023773
A159: Multi-Family | B159: All | C159: 2025 Q2 | D159: Asheville - NC (USA) | E159: Inventory Units | F159: =F6/$F6 -> 1 | G159: =G6/$F6 -> 1.0064194 | H159: =H6/$F6 -> 1.0064194 | I159: =I6/$F6 -> 1.0318696 | J159: =J6/$F6 -> 1.0436857 | K159: =K6/$F6 -> 1.0754985 | L159: =L6/$F6 -> 1.0903823 | M159: =M6/$F6 -> 1.0903823 | ... Y159: =Y6/$F6 -> 1.2581378
A160: Multi-Family | B160: All | C160: 2025 Q2 | D160: Atlanta - GA (USA) | E160: Inventory Units | F160: =F7/$F7 -> 1 | G160: =G7/$F7 -> 1.01428 | H160: =H7/$F7 -> 1.0192888 | I160: =I7/$F7 -> 1.0264774 | J160: =J7/$F7 -> 1.0295449 | K160: =K7/$F7 -> 1.0329283 | L160: =L7/$F7 -> 1.0375573 | M160: =M7/$F7 -> 1.041612 | ... Y160: =Y7/$F7 -> 1.1837205
A161: Multi-Family | B161: All | C161: 2025 Q2 | D161: Augusta - GA (USA) | E161: Inventory Units | F161: =F8/$F8 -> 1 | G161: =G8/$F8 -> 1.0118634 | H161: =H8/$F8 -> 1.0122146 | I161: =I8/$F8 -> 1.0336 | J161: =J8/$F8 -> 1.0336 | K161: =K8/$F8 -> 1.0396488 | L161: =L8/$F8 -> 1.0597073 | M161: =M8/$F8 -> 1.0777366 | ... Y161: =Y8/$F8 -> 1.2288
A162: Multi-Family | B162: All | C162: 2025 Q2 | D162: Austin - TX (USA) | E162: Inventory Units | F162: =F9/$F9 -> 1 | G162: =G9/$F9 -> 1.0082869 | H162: =H9/$F9 -> 1.0237708 | I162: =I9/$F9 -> 1.034491 | J162: =J9/$F9 -> 1.0443444 | K162: =K9/$F9 -> 1.0563822 | L162: =L9/$F9 -> 1.0743293 | M162: =M9/$F9 -> 1.0937442 | ... Y162: =Y9/$F9 -> 1.379659
A163: Multi-Family | B163: All | C163: 2025 Q2 | D163: Bakersfield - CA (USA) | E163: Inventory Units | F163: =F10/$F10 -> 1 | G163: =G10/$F10 -> 1 | H163: =H10/$F10 -> 1 | I163: =I10/$F10 -> 1.0062251 | J163: =J10/$F10 -> 1.0245391 | K163: =K10/$F10 -> 1.031688 | L163: =L10/$F10 -> 1.031688 | M163: =M10/$F10 -> 1.031688 | ... Y163: =Y10/$F10 -> 1.0514478
A164: Multi-Family | B164: All | C164: 2025 Q2 | D164: Baltimore - MD (USA) | E164: Inventory Units | F164: =F11/$F11 -> 1 | G164: =G11/$F11 -> 1.0029341 | H164: =H11/$F11 -> 1.0033533 | I164: =I11/$F11 -> 1.0081318 | J164: =J11/$F11 -> 1.0091772 | K164: =K11/$F11 -> 1.010272 | L164: =L11/$F11 -> 1.0118648 | M164: =M11/$F11 -> 1.0128856 | ... Y164: =Y11/$F11 -> 1.0599058
A165: Multi-Family | B165: All | C165: 2025 Q2 | D165: Baton Rouge - LA (USA) | E165: Inventory Units | F165: =F12/$F12 -> 1 | G165: =G12/$F12 -> 1.005175 | H165: =H12/$F12 -> 1.005175 | I165: =I12/$F12 -> 1.0059635 | J165: =J12/$F12 -> 1.0126171 | K165: =K12/$F12 -> 1.0164367 | L165: =L12/$F12 -> 1.0164367 | M165: =M12/$F12 -> 1.0149581 | ... Y165: =Y12/$F12 -> 1.0884179
A166: Multi-Family | B166: All | C166: 2025 Q2 | D166: Beaumont - TX (USA) | E166: Inventory Units | F166: =F13/$F13 -> 1 | G166: =G13/$F13 -> 1 | H166: =H13/$F13 -> 1 | I166: =I13/$F13 -> 1 | J166: =J13/$F13 -> 1 | K166: =K13/$F13 -> 1 | L166: =L13/$F13 -> 1.0125945 | M166: =M13/$F13 -> 1.0392718 | ... Y166: =Y13/$F13 -> 1.0673231
... A304: Multi-Family | B304: All | C304: 2025 Q2 | D304: Youngstown - OH (USA) | E304: Inventory Units | F304: =F151/$F151 -> 1 | G304: =G151/$F151 -> 1 | H304: =H151/$F151 -> 1 | I304: =I151/$F151 -> 1.0004415 | J304: =J151/$F151 -> 1.0004415 | K304: =K151/$F151 -> 1.0004415 | L304: =L151/$F151 -> 1.0004415 | M304: =M151/$F151 -> 1.0004415 | ... Y304: =Y151/$F151 -> 0.99370861
A307: Geography Name | B307: Inv. | C307: Rank | E307: Geography Name | F307: Inv. | G307: Rank
A308: Akron - OH (USA) | B308: =Y155 -> 1.0528196 | C308: =RANK(B308,$B$308:$B$457,1) -> 26 | E308: Akron - OH (USA) | F308: 1.0528196 | G308: =RANK(F308,$B$308:$B$457,1) -> 26
A309: Albany - NY (USA) | B309: =Y156 -> 1.0935256 | C309: =RANK(B309,$B$308:$B$457,1) -> 64 | E309: Albany - NY (USA) | F309: 1.0935256 | G309: =RANK(F309,$B$308:$B$457,1) -> 64
A310: Albuquerque - NM (USA) | B310: =Y157 -> 1.060458 | C310: =RANK(B310,$B$308:$B$457,1) -> 35 | E310: Albuquerque - NM (USA) | F310: 1.060458 | G310: =RANK(F310,$B$308:$B$457,1) -> 35
A311: Anchorage - AK (USA) | B311: =Y158 -> 1.0023773 | C311: =RANK(B311,$B$308:$B$457,1) -> 2 | E311: Anchorage - AK (USA) | F311: 1.0023773 | G311: =RANK(F311,$B$308:$B$457,1) -> 2
A312: Asheville - NC (USA) | B312: =Y159 -> 1.2581378 | C312: =RANK(B312,$B$308:$B$457,1) -> 124 | E312: Asheville - NC (USA) | F312: 1.2581378 | G312: =RANK(F312,$B$308:$B$457,1) -> 124
A313: Atlanta - GA (USA) | B313: =Y160 -> 1.1837205 | C313: =RANK(B313,$B$308:$B$457,1) -> 102 | E313: Atlanta - GA (USA) | F313: 1.1837205 | G313: =RANK(F313,$B$308:$B$457,1) -> 102
A314: Augusta - GA (USA) | B314: =Y161 -> 1.2288 | C314: =RANK(B314,$B$308:$B$457,1) -> 121 | E314: Augusta - GA (USA) | F314: 1.2288 | G314: =RANK(F314,$B$308:$B$457,1) -> 121
A315: Austin - TX (USA) | B315: =Y162 -> 1.379659 | C315: =RANK(B315,$B$308:$B$457,1) -> 137 | E315: Austin - TX (USA) | F315: 1.379659 | G315: =RANK(F315,$B$308:$B$457,1) -> 137
A316: Bakersfield - CA (USA) | B316: =Y163 -> 1.0514478 | C316: =RANK(B316,$B$308:$B$457,1) -> 22 | E316: Bakersfield - CA (USA) | F316: 1.0514478 | G316: =RANK(F316,$B$308:$B$457,1) -> 22
A317: Baltimore - MD (USA) | B317: =Y164 -> 1.0599058 | C317: =RANK(B317,$B$308:$B$457,1) -> 33 | E317: Baltimore - MD (USA) | F317: 1.0599058 | G317: =RANK(F317,$B$308:$B$457,1) -> 33
A318: Baton Rouge - LA (USA) | B318: =Y165 -> 1.0884179 | C318: =RANK(B318,$B$308:$B$457,1) -> 59 | E318: Baton Rouge - LA (USA) | F318: 1.0884179 | G318: =RANK(F318,$B$308:$B$457,1) -> 59
A319: Beaumont - TX (USA) | B319: =Y166 -> 1.0673231 | C319: =RANK(B319,$B$308:$B$457,1) -> 42 | E319: Beaumont - TX (USA) | F319: 1.0673231 | G319: =RANK(F319,$B$308:$B$457,1) -> 42
... A457: Youngstown - OH (USA) | B457: =Y304 -> 0.99370861 | C457: =RANK(B457,$B$308:$B$457,1) -> 1 | E457: Youngstown - OH (USA) | F457: 0.99370861 | G457: =RANK(F457,$B$308:$B$457,1) -> 1

Sheet UPP Historical
A1: Inventory
A3: Geography Name | B3: 2015 Q2 | C3: 2015 Q3 | D3: 2015 Q4 | E3: 2016 Q1 | F3: 2016 Q2 | G3: 2016 Q3 | H3: 2016 Q4 | I3: 2017 Q1 | J3: 2017 Q2 | K3: 2017 Q3 | L3: 2017 Q4 | M3: 2018 Q1 | N3: 2018 Q2 | O3: 2018 Q3 | P3: 2018 Q4 | Q3: 2019 Q1 | R3: 2019 Q2 | S3: 2019 Q3 | T3: 2019 Q4 | U3: 2020 Q1 | V3: 2020 Q2 | W3: 2020 Q3 | X3: 2020 Q4 | Y3: 2021 Q1 | Z3: 2021 Q2 | AA3: 2021 Q3 | AB3: 2021 Q4 | AC3: 2022 Q1 | AD3: 2022 Q2 | AE3: 2022 Q3 | AF3: 2022 Q4 | AG3: 2023 Q1 | AH3: 2023 Q2 | AI3: 2023 Q3 | AJ3: 2023 Q4 | AK3: 2024 Q1 | AL3: 2024 Q2 | AM3: 2024 Q3 | AN3: 2024 Q4 | AO3: 2025 Q1 | AP3: 2025 Q2 QTD | AQ3: 2025 Q2 EST | AR3: 2025 Q3 | AS3: 2025 Q4 | AT3: 2026 Q1 | AU3: 2026 Q2 | AV3: 2026 Q3 | AW3: 2026 Q4 | AX3: 2027 Q1 | AY3: 2027 Q2 | AZ3: 2027 Q3 | BA3: 2027 Q4 | BB3: 2028 Q1 | BC3: 2028 Q2 | BD3: 2028 Q3 | BE3: 2028 Q4 | BF3: 2029 Q1 | BG3: 2029 Q2 | BH3: 2029 Q3 | BI3: 2029 Q4 | BJ3: 2030 Q1 | BK3: 2030 Q2 | BL3: 2030 Q3 | BM3: 2030 Q4 | BN3: 2031 Q1 | BO3: 2031 Q2 | BP3: 2031 Q3 | BQ3: 2031 Q4 | BR3: 2032 Q1 | BS3: 2032 Q2 | BT3: 2032 Q3 | BU3: 2032 Q4 | BV3: 2033 Q1 | BW3: 2033 Q2 | BX3: 2033 Q3 | BY3: 2033 Q4 | BZ3: 2034 Q1 | CA3: 2034 Q2 | CB3: 2034 Q3 | CC3: 2034 Q4 | CD3: 2035 Q1 | CE3: 2035 Q2
A4: Akron - OH USA | B4: 34598 | C4: 34917 | D4: 34917 | E4: 35153 | F4: 35153 | G4: 35335 | H4: 35446 | I4: 35446 | J4: 35436 | K4: 35628 | L4: 35628 | M4: 35678 | N4: 35678 | O4: 35648 | P4: 35648 | Q4: 35624 | R4: 35792 | S4: 35792 | T4: 35864 | U4: 36122 | V4: 36104 | W4: 36104 | X4: 36104 | Y4: 36302 | Z4: 36626 | AA4: 36800 | AB4: 36800 | AC4: 36900 | AD4: 37039 | AE4: 37086 | AF4: 37236 | AG4: 37236 | AH4: 37334 | AI4: 37365 | AJ4: 37649 | AK4: 37649 | AL4: 37995 | AM4: 37995 | AN4: 37995 | AO4: 38011 | AP4: 38011 | AQ4: 38114 | AR4: 38112 | AS4: 38110 | AT4: 38108 | AU4: 38105 | AV4: 38105 | AW4: 38164 | AX4: 38183 | AY4: 38207 | AZ4: 38237 | BA4: 38270 | BB4: 38305 | BC4: 38343 | BD4: 38381 | BE4: 38421 | BF4: 38462 | BG4: 38503 | BH4: 38545 | BI4: 38586 | BJ4: 38628 | BK4: 38670 | BL4: 38712 | BM4: 38755 | BN4: 38797 | BO4: 38839 | BP4: 38881 | BQ4: 38923 | BR4: 38965 | BS4: 39007 | BT4: 39049 | BU4: 39091 | BV4: 39133 | BW4: 39175 | BX4: 39217 | BY4: 39259 | BZ4: 39301 | CA4: 39343 | CB4: 39385 | CC4: 39427 | CD4: 39469 | CE4: 39511
A5: Albany - NY USA | B5: 46152 | C5: 46551 | D5: 47067 | E5: 48093 | F5: 48328 | G5: 48433 | H5: 48840 | I5: 49618 | J5: 50042 | K5: 50198 | L5: 50876 | M5: 50882 | N5: 51162 | O5: 51467 | P5: 51840 | Q5: 52330 | R5: 52414 | S5: 52464 | T5: 52464 | U5: 53001 | V5: 53611 | W5: 53754 | X5: 54293 | Y5: 54632 | Z5: 54746 | AA5: 54783 | AB5: 55045 | AC5: 55397 | AD5: 55397 | AE5: 55766 | AF5: 56106 | AG5: 56725 | AH5: 56891 | AI5: 56987 | AJ5: 57064 | AK5: 57240 | AL5: 57539 | AM5: 58062 | AN5: 58276 | AO5: 58625 | AP5: 58625 | AQ5: 58947 | AR5: 58945 | AS5: 59086 | AT5: 59083 | AU5: 59149 | AV5: 59216 | AW5: 59279 | AX5: 59428 | AY5: 59529 | AZ5: 59646 | BA5: 59775 | BB5: 59915 | BC5: 60063 | BD5: 60216 | BE5: 60374 | BF5: 60536 | BG5: 61028 | BH5: 61193 | BI5: 61360 | BJ5: 61528 | BK5: 61696 | BL5: 61864 | BM5: 62033 | BN5: 62202 | BO5: 62371 | BP5: 62539 | BQ5: 62708 | BR5: 62877 | BS5: 63045 | BT5: 63214 | BU5: 63382 | BV5: 63550 | BW5: 63718 | BX5: 63886 | BY5: 64054 | BZ5: 64221 | CA5: 64389 | CB5: 64557 | CC5: 64724 | CD5: 64892 | CE5: 65060
A6: Albuquerque - NM USA | B6: 51116 | C6: 51509 | D6: 52094 | E6: 52128 | F6: 52156 | G6: 52385 | H6: 52416 | I6: 52485 | J6: 52485 | K6: 52318 | L6: 52364 | M6: 52433 | N6: 52659 | O6: 52659 | P6: 52728 | Q6: 52855 | R6: 52855 | S6: 52980 | T6: 52980 | U6: 53038 | V6: 53012 | W6: 53012 | X6: 53382 | Y6: 53390 | Z6: 53534 | AA6: 53636 | AB6: 53636 | AC6: 53636 | AD6: 53636 | AE6: 53636 | AF6: 53662 | AG6: 53677 | AH6: 53883 | AI6: 54372 | AJ6: 55004 | AK6: 55753 | AL6: 55991 | AM6: 55991 | AN6: 56192 | AO6: 56217 | AP6: 56237 | AQ6: 56446 | AR6: 56916 | AS6: 56914 | AT6: 57244 | AU6: 57568 | AV6: 57565 | AW6: 57699 | AX6: 57972 | AY6: 58059 | AZ6: 58166 | BA6: 58287 | BB6: 58421 | BC6: 58566 | BD6: 58718 | BE6: 58877 | BF6: 59042 | BG6: 59212 | BH6: 59384 | BI6: 59560 | BJ6: 59738 | BK6: 59918 | BL6: 60099 | BM6: 60282 | BN6: 60466 | BO6: 60651 | BP6: 60836 | BQ6: 61023 | BR6: 61210 | BS6: 61397 | BT6: 61585 | BU6: 61773 | BV6: 61961 | BW6: 62150 | BX6: 62339 | BY6: 62528 | BZ6: 62717 | CA6: 62907 | CB6: 63097 | CC6: 63286 | CD6: 63477 | CE6: 63667
A7: Anchorage - AK USA | B7: 12814 | C7: 12814 | D7: 12814 | E7: 12814 | F7: 12814 | G7: 12866 | H7: 12866 | I7: 12866 | J7: 12866 | K7: 12899 | L7: 12899 | M7: 12979 | N7: 12990 | O7: 12990 | P7: 12990 | Q7: 12990 | R7: 12990 | S7: 12990 | T7: 13040 | U7: 13040 | V7: 13040 | W7: 12976 | X7: 12976 | Y7: 12976 | Z7: 12976 | AA7: 13016 | AB7: 13016 | AC7: 13016 | AD7: 12995 | AE7: 12995 | AF7: 12995 | AG7: 13006 | AH7: 13006 | AI7: 13006 | AJ7: 13006 | AK7: 13054 | AL7: 13091 | AM7: 13095 | AN7: 13071 | AO7: 13071 | AP7: 13071 | AQ7: 13071 | AR7: 13070 | AS7: 13070 | AT7: 13069 | AU7: 13068 | AV7: 13067 | AW7: 13067 | AX7: 13066 | AY7: 13066 | AZ7: 13067 | BA7: 13068 | BB7: 13070 | BC7: 13072 | BD7: 13074 | BE7: 13077 | BF7: 13079 | BG7: 13082 | BH7: 13085 | BI7: 13088 | BJ7: 13091 | BK7: 13094 | BL7: 13097 | BM7: 13100 | BN7: 13103 | BO7: 13106 | BP7: 13110 | BQ7: 13113 | BR7: 13116 | BS7: 13119 | BT7: 13122 | BU7: 13125 | BV7: 13129 | BW7: 13132 | BX7: 13135 | BY7: 13138 | BZ7: 13141 | CA7: 13144 | CB7: 13148 | CC7: 13151 | CD7: 13154 | CE7: 13157
A8: Asheville - NC USA | B8: 12565 | C8: 12894 | D8: 12894 | E8: 13086 | F8: 13086 | G8: 13122 | H8: 13290 | I8: 13278 | J8: 13590 | K8: 14157 | L8: 14976 | M8: 15038 | N8: 15038 | O8: 15797 | P8: 16153 | Q8: 16153 | R8: 16321 | S8: 16321 | T8: 16663 | U8: 17312 | V8: 17603 | W8: 17716 | X8: 17716 | Y8: 18164 | Z8: 18372 | AA8: 18932 | AB8: 19194 | AC8: 19194 | AD8: 19676 | AE8: 20009 | AF8: 20102 | AG8: 20405 | AH8: 20701 | AI8: 20701 | AJ8: 20903 | AK8: 20903 | AL8: 21491 | AM8: 21667 | AN8: 21667 | AO8: 22147 | AP8: 22646 | AQ8: 22918 | AR8: 23544 | AS8: 23842 | AT8: 24272 | AU8: 24486 | AV8: 24670 | AW8: 24799 | AX8: 25191 | AY8: 25290 | AZ8: 25407 | BA8: 25539 | BB8: 25682 | BC8: 25834 | BD8: 25993 | BE8: 26157 | BF8: 26326 | BG8: 26498 | BH8: 26672 | BI8: 26847 | BJ8: 27024 | BK8: 27201 | BL8: 27379 | BM8: 27557 | BN8: 27736 | BO8: 27915 | BP8: 28093 | BQ8: 28272 | BR8: 28451 | BS8: 28629 | BT8: 28808 | BU8: 28986 | BV8: 29164 | BW8: 29343 | BX8: 29521 | BY8: 29699 | BZ8: 29877 | CA8: 30055 | CB8: 30233 | CC8: 30411 | CD8: 30588 | CE8: 30766
A9: Atlanta - GA USA | B9: 404529 | C9: 407142 | D9: 408671 | E9: 409841 | F9: 412522 | G9: 414420 | H9: 416347 | I9: 418880 | J9: 422802 | K9: 425477 | L9: 428367 | M9: 430459 | N9: 431614 | O9: 434492 | P9: 435665 | Q9: 439478 | R9: 442436 | S9: 444618 | T9: 447038 | U9: 449981 | V9: 452802 | W9: 459268 | X9: 461536 | Y9: 464791 | Z9: 466180 | AA9: 467712 | AB9: 469808 | AC9: 471644 | AD9: 474336 | AE9: 478962 | AF9: 484292 | AG9: 487609 | AH9: 495142 | AI9: 499478 | AJ9: 505463 | AK9: 511357 | AL9: 520072 | AM9: 525988 | AN9: 530902 | AO9: 535991 | AP9: 537168 | AQ9: 539804 | AR9: 542410 | AS9: 544199 | AT9: 546181 | AU9: 548060 | AV9: 549635 | AW9: 551415 | AX9: 552190 | AY9: 553512 | AZ9: 554820 | BA9: 556318 | BB9: 558250 | BC9: 560037 | BD9: 561925 | BE9: 563892 | BF9: 566174 | BG9: 568234 | BH9: 570319 | BI9: 572418 | BJ9: 574526 | BK9: 576639 | BL9: 578754 | BM9: 580869 | BN9: 582985 | BO9: 585101 | BP9: 587219 | BQ9: 589339 | BR9: 591457 | BS9: 593571 | BT9: 595681 | BU9: 597787 | BV9: 599888 | BW9: 601986 | BX9: 604079 | BY9: 606169 | BZ9: 608255 | CA9: 610339 | CB9: 612420 | CC9: 614497 | CD9: 616573 | CE9: 618651
A10: Augusta - GA USA | B10: 23350 | C10: 23372 | D10: 23422 | E10: 23842 | F10: 23842 | G10: 24094 | H10: 24094 | I10: 24094 | J10: 24094 | K10: 24492 | L10: 24492 | M10: 24492 | N10: 24772 | O10: 24772 | P10: 24804 | Q10: 25032 | R10: 25513 | S10: 25625 | T10: 25625 | U10: 25625 | V10: 25625 | W10: 25929 | X10: 25938 | Y10: 26486 | Z10: 26486 | AA10: 26641 | AB10: 27155 | AC10: 27617 | AD10: 28034 | AE10: 28324 | AF10: 28912 | AG10: 29024 | AH10: 29099 | AI10: 29409 | AJ10: 29409 | AK10: 29948 | AL10: 30368 | AM10: 30877 | AN10: 31019 | AO10: 31488 | AP10: 31488 | AQ10: 31488 | AR10: 31487 | AS10: 31486 | AT10: 31796 | AU10: 31794 | AV10: 31791 | AW10: 31814 | AX10: 31856 | AY10: 31912 | AZ10: 31979 | BA10: 32054 | BB10: 32137 | BC10: 32224 | BD10: 32316 | BE10: 32411 | BF10: 32508 | BG10: 32607 | BH10: 32708 | BI10: 32809 | BJ10: 32911 | BK10: 33013 | BL10: 33116 | BM10: 33219 | BN10: 33322 | BO10: 33425 | BP10: 33528 | BQ10: 33631 | BR10: 33735 | BS10: 33838 | BT10: 33941 | BU10: 34044 | BV10: 34146 | BW10: 34249 | BX10: 34352 | BY10: 34454 | BZ10: 34557 | CA10: 34660 | CB10: 34762 | CC10: 34865 | CD10: 34967 | CE10: 35070
A11: Austin - TX USA | B11: 183422 | C11: 185635 | D11: 187423 | E11: 190013 | F11: 192239 | G11: 194435 | H11: 198077 | I11: 200123 | J11: 201074 | K11: 205006 | L11: 208472 | M11: 209361 | N11: 212353 | O11: 214699 | P11: 215753 | Q11: 218372 | R11: 220336 | S11: 222470 | T11: 226141 | U11: 229689 | V11: 233017 | W11: 234948 | X11: 238556 | Y11: 241054 | Z11: 243350 | AA11: 246155 | AB11: 250337 | AC11: 254861 | AD11: 258172 | AE11: 261542 | AF11: 264792 | AG11: 268168 | AH11: 273985 | AI11: 280659 | AJ11: 286014 | AK11: 294802 | AL11: 302363 | AM11: 312373 | AN11: 317876 | AO11: 321484 | AP11: 323042 | AQ11: 325494 | AR11: 328080 | AS11: 330290 | AT11: 332274 | AU11: 334215 | AV11: 336031 | AW11: 338032 | AX11: 340187 | AY11: 342623 | AZ11: 345007 | BA11: 346448 | BB11: 348184 | BC11: 350159 | BD11: 352320 | BE11: 354626 | BF11: 357042 | BG11: 359539 | BH11: 362094 | BI11: 364687 | BJ11: 367306 | BK11: 369938 | BL11: 372577 | BM11: 375220 | BN11: 377863 | BO11: 380502 | BP11: 383135 | BQ11: 385762 | BR11: 388380 | BS11: 390989 | BT11: 393591 | BU11: 396183 | BV11: 398765 | BW11: 401336 | BX11: 403896 | BY11: 406445 | BZ11: 408985 | CA11: 411515 | CB11: 414037 | CC11: 416550 | CD11: 419055 | CE11: 421554
A12: Bakersfield - CA USA | B12: 23895 | C12: 23895 | D12: 23895 | E12: 23895 | F12: 24108 | G12: 24108 | H12: 24222 | I12: 24286 | J12: 24286 | K12: 24286 | L12: 24286 | M12: 24286 | N12: 24286 | O12: 24286 | P12: 24286 | Q12: 24286 | R12: 24286 | S12: 24286 | T12: 24430 | U12: 24470 | V12: 24899 | W12: 24899 | X12: 24899 | Y12: 25054 | Z12: 25510 | AA12: 25688 | AB12: 25688 | AC12: 25688 | AD12: 25688 | AE12: 25688 | AF12: 25688 | AG12: 25737 | AH12: 25737 | AI12: 25745 | AJ12: 25745 | AK12: 25839 | AL12: 26039 | AM12: 26180 | AN12: 26180 | AO12: 26180 | AP12: 26180 | AQ12: 26180 | AR12: 26179 | AS12: 26406 | AT12: 26405 | AU12: 26403 | AV12: 26446 | AW12: 26444 | AX12: 26489 | AY12: 26496 | AZ12: 26510 | BA12: 26529 | BB12: 26551 | BC12: 26577 | BD12: 26606 | BE12: 26636 | BF12: 26668 | BG12: 26700 | BH12: 26734 | BI12: 26769 | BJ12: 26804 | BK12: 26839 | BL12: 26875 | BM12: 26911 | BN12: 26947 | BO12: 26983 | BP12: 27020 | BQ12: 27057 | BR12: 27093 | BS12: 27130 | BT12: 27167 | BU12: 27204 | BV12: 27240 | BW12: 27277 | BX12: 27314 | BY12: 27351 | BZ12: 27388 | CA12: 27425 | CB12: 27462 | CC12: 27499 | CD12: 27536 | CE12: 27573
A13: Baltimore - MD USA | B13: 185326 | C13: 186257 | D13: 186510 | E13: 187110 | F13: 187643 | G13: 188107 | H13: 189200 | I13: 189671 | J13: 190350 | K13: 192676 | L13: 193306 | M13: 195024 | N13: 195826 | O13: 196499 | P13: 196864 | Q13: 197631 | R13: 198142 | S13: 198715 | T13: 199617 | U13: 201410 | V13: 202785 | W13: 203380 | X13: 203465 | Y13: 204434 | Z13: 204646 | AA13: 204868 | AB13: 205191 | AC13: 205398 | AD13: 205623 | AE13: 205877 | AF13: 206371 | AG13: 207052 | AH13: 209091 | AI13: 209711 | AJ13: 210084 | AK13: 211209 | AL13: 212661 | AM13: 213827 | AN13: 214261 | AO13: 214933 | AP13: 214933 | AQ13: 215456 | AR13: 215645 | AS13: 216046 | AT13: 216503 | AU13: 216917 | AV13: 217132 | AW13: 217407 | AX13: 218102 | AY13: 218495 | AZ13: 218927 | BA13: 219389 | BB13: 219878 | BC13: 220389 | BD13: 220920 | BE13: 221469 | BF13: 222032 | BG13: 222608 | BH13: 223196 | BI13: 223792 | BJ13: 224397 | BK13: 225007 | BL13: 225625 | BM13: 226248 | BN13: 226877 | BO13: 227510 | BP13: 228147 | BQ13: 228787 | BR13: 229430 | BS13: 230074 | BT13: 230721 | BU13: 231367 | BV13: 232015 | BW13: 232664 | BX13: 233315 | BY13: 233967 | BZ13: 234619 | CA13: 235273 | CB13: 235927 | CC13: 236583 | CD13: 237239 | CE13: 237897
A14: Baton Rouge - LA USA | B14: 35931 | C14: 36039 | D14: 36102 | E14: 36373 | F14: 36704 | G14: 36898 | H14: 36965 | I14: 37241 | J14: 37365 | K14: 37589 | L14: 37589 | M14: 38235 | N14: 38589 | O14: 38589 | P14: 39569 | Q14: 39605 | R14: 39820 | S14: 40304 | T14: 40304 | U14: 40580 | V14: 40580 | W14: 40790 | X14: 40790 | Y14: 40822 | Z14: 41092 | AA14: 41247 | AB14: 41247 | AC14: 41187 | AD14: 41356 | AE14: 41580 | AF14: 41590 | AG14: 41722 | AH14: 41722 | AI14: 42021 | AJ14: 42741 | AK14: 42749 | AL14: 43557 | AM14: 44014 | AN14: 44116 | AO14: 44168 | AP14: 44168 | AQ14: 44500 | AR14: 44499 | AS14: 44657 | AT14: 44653 | AU14: 44990 | AV14: 44986 | AW14: 45111 | AX14: 45158 | AY14: 45222 | AZ14: 45298 | BA14: 45384 | BB14: 45479 | BC14: 45579 | BD14: 45684 | BE14: 45792 | BF14: 45904 | BG14: 46017 | BH14: 46132 | BI14: 46248 | BJ14: 46365 | BK14: 46482 | BL14: 46600 | BM14: 46718 | BN14: 46836 | BO14: 46954 | BP14: 47072 | BQ14: 47190 | BR14: 47308 | BS14: 47426 | BT14: 47544 | BU14: 47662 | BV14: 47780 | BW14: 47897 | BX14: 48015 | BY14: 48132 | BZ14: 48250 | CA14: 48367 | CB14: 48484 | CC14: 48602 | CD14: 48719 | CE14: 48836
A15: Beaumont - TX USA | B15: 16986 | C15: 17066 | D15: 17034 | E15: 17034 | F15: 17034 | G15: 17034 | H15: 17034 | I15: 17034 | J15: 17034 | K15: 17034 | L15: 17034 | M15: 17034 | N15: 17034 | O15: 17034 | P15: 17034 | Q15: 17034 | R15: 17034 | S15: 17084 | T15: 17084 | U15: 17370 | V15: 17468 | W15: 17468 | X15: 17468 | Y15: 17468 | Z15: 17468 | AA15: 17468 | AB15: 17688 | AC15: 18154 | AD15: 18311 | AE15: 18311 | AF15: 18311 | AG15: 18321 | AH15: 18331 | AI15: 18536 | AJ15: 18536 | AK15: 18536 | AL15: 18536 | AM15: 18644 | AN15: 18644 | AO15: 18644 | AP15: 18644 | AQ15: 18644 | AR15: 18643 | AS15: 18642 | AT15: 18642 | AU15: 18641 | AV15: 18640 | AW15: 18641 | AX15: 18645 | AY15: 18651 | AZ15: 18658 | BA15: 18667 | BB15: 18676 | BC15: 18686 | BD15: 18697 | BE15: 18708 | BF15: 18720 | BG15: 18732 | BH15: 18744 | BI15: 18757 | BJ15: 18769 | BK15: 18782 | BL15: 18795 | BM15: 18808 | BN15: 18821 | BO15: 18834 | BP15: 18848 | BQ15: 18861 | BR15: 18874 | BS15: 18888 | BT15: 18901 | BU15: 18914 | BV15: 18928 | BW15: 18941 | BX15: 18955 | BY15: 18968 | BZ15: 18982 | CA15: 18995 | CB15: 19009 | CC15: 19022 | CD15: 19036 | CE15: 19049
... A153: Youngstown - OH USA | B153: 17896 | C153: 17896 | D153: 17880 | E153: 17880 | F153: 17922 | G153: 17922 | H153: 17922 | I153: 17922 | J153: 17893 | K153: 17893 | L153: 17893 | M153: 17928 | N153: 17928 | O153: 17928 | P153: 17922 | Q153: 17988 | R153: 17988 | S153: 17988 | T153: 17988 | U153: 18120 | V153: 18120 | W153: 18120 | X153: 18120 | Y153: 18128 | Z153: 18128 | AA153: 18128 | AB153: 18128 | AC153: 18128 | AD153: 18128 | AE153: 18128 | AF153: 18128 | AG153: 18128 | AH153: 18128 | AI153: 18128 | AJ153: 18128 | AK153: 18128 | AL153: 18128 | AM153: 18105 | AN153: 18006 | AO153: 18006 | AP153: 18006 | AQ153: 18006 | AR153: 18005 | AS153: 18004 | AT153: 18003 | AU153: 18001 | AV153: 18000 | AW153: 17999 | AX153: 17998 | AY153: 17996 | AZ153: 17995 | BA153: 17994 | BB153: 17992 | BC153: 17991 | BD153: 17990 | BE153: 17989 | BF153: 17987 | BG153: 17986 | BH153: 17985 | BI153: 17984 | BJ153: 17982 | BK153: 17981 | BL153: 17980 | BM153: 17979 | BN153: 17977 | BO153: 17976 | BP153: 17975 | BQ153: 17974 | BR153: 17972 | BS153: 17971 | BT153: 17970 | BU153: 17968 | BV153: 17967 | BW153: 17966 | BX153: 17964 | BY153: 17963 | BZ153: 17962 | CA153: 17960 | CB153: 17959 | CC153: 17958 | CD153: 17956 | CE153: 17955
A155: Population
A157: Geography Name | B157: 2015 Q2 | C157: 2015 Q3 | D157: 2015 Q4 | E157: 2016 Q1 | F157: 2016 Q2 | G157: 2016 Q3 | H157: 2016 Q4 | I157: 2017 Q1 | J157: 2017 Q2 | K157: 2017 Q3 | L157: 2017 Q4 | M157: 2018 Q1 | N157: 2018 Q2 | O157: 2018 Q3 | P157: 2018 Q4 | Q157: 2019 Q1 | R157: 2019 Q2 | S157: 2019 Q3 | T157: 2019 Q4 | U157: 2020 Q1 | V157: 2020 Q2 | W157: 2020 Q3 | X157: 2020 Q4 | Y157: 2021 Q1 | Z157: 2021 Q2 | AA157: 2021 Q3 | AB157: 2021 Q4 | AC157: 2022 Q1 | AD157: 2022 Q2 | AE157: 2022 Q3 | AF157: 2022 Q4 | AG157: 2023 Q1 | AH157: 2023 Q2 | AI157: 2023 Q3 | AJ157: 2023 Q4 | AK157: 2024 Q1 | AL157: 2024 Q2 | AM157: 2024 Q3 | AN157: 2024 Q4 | AO157: 2025 Q1
A158: Akron - OH USA | B158: 705914.62 | C158: 705742.38 | D158: 705495.5 | E158: 705252.38 | F158: 705031.94 | G158: 704727.31 | H158: 704826.75 | I158: 704907.44 | J158: 704903 | K158: 704886.12 | L158: 704800.12 | M158: 704661.31 | N158: 704519.44 | O158: 704354.94 | P158: 704159.44 | Q158: 703939.5 | R158: 703683.5 | S158: 703459.75 | T158: 703130.62 | U158: 702750.19 | V158: 702219 | W158: 701674 | X158: 700322.31 | Y158: 698873.5 | Z158: 697508.75 | AA158: 696512 | AB158: 696553.25 | AC158: 696833.69 | AD158: 697072.81 | AE158: 697511 | AF158: 697639.75 | AG158: 697863.25 | AH158: 698169.94 | AI158: 698398 | AJ158: 698229.12 | AK158: 698137 | AL158: 698068.31 | AM158: 697983.56 | AN158: 697936.56 | AO158: 697896
A159: Albany - NY USA | B159: 886272 | C159: 886964 | D159: 887639.38 | E159: 888315.69 | F159: 888996 | G159: 889662.19 | H159: 890349.94 | I159: 891034.44 | J159: 891704.56 | K159: 892372.94 | L159: 893043.38 | M159: 893705.06 | N159: 894366.5 | O159: 895024.31 | P159: 895643.12 | Q159: 896258 | R159: 896866.88 | S159: 897481.62 | T159: 898089.12 | U159: 898688.19 | V159: 899262 | W159: 899724 | X159: 900920.25 | Y159: 901990.75 | Z159: 903168.5 | AA159: 904824 | AB159: 904246 | AC159: 903978.88 | AD159: 903658 | AE159: 903595 | AF159: 903746.25 | AG159: 904020.06 | AH159: 904402 | AI159: 904682 | AJ159: 904226.94 | AK159: 903059.56 | AL159: 901774.44 | AM159: 900672.81 | AN159: 899899 | AO159: 899459
A160: Albuquerque - NM USA | B160: 904400.31 | C160: 904558.25 | D160: 905164.44 | E160: 905774.88 | F160: 906414.19 | G160: 906944.81 | H160: 907553.56 | I160: 908138.12 | J160: 908612.5 | K160: 909070.38 | L160: 909567.38 | M160: 909995.94 | N160: 910420.12 | O160: 910814.56 | P160: 911481.19 | Q160: 912115.88 | R160: 912703.19 | S160: 913331.5 | T160: 914507.06 | U160: 915616.06 | V160: 916528 | W160: 917579 | X160: 917952 | Y160: 918197.06 | Z160: 918551.81 | AA160: 919392 | AB160: 919303.31 | AC160: 919530.38 | AD160: 919702.88 | AE160: 920138 | AF160: 920554.81 | AG160: 921096.38 | AH160: 921748 | AI160: 922296 | AJ160: 922753.19 | AK160: 923310.75 | AL160: 923965.88 | AM160: 924693.81 | AN160: 925487.81 | AO160: 926276.12
A161: Anchorage - AK USA | B161: 400406.41 | C161: 400566.09 | D161: 401272.88 | E161: 401981.91 | F161: 402703.78 | G161: 403377.59 | H161: 403209.28 | I161: 403030.31 | J161: 402802.62 | K161: 402567.91 | L161: 401873.28 | M161: 401148.5 | N161: 400422.09 | O161: 399682.91 | P161: 399340.91 | Q161: 398985.19 | R161: 398609 | S161: 398251.09 | T161: 398324.5 | U161: 398369 | V161: 398328 | W161: 398397 | X161: 398804.59 | Y161: 399156.59 | Z161: 399556.22 | AA161: 400167 | AB161: 400119.19 | AC161: 400208.91 | AD161: 400274.81 | AE161: 400455 | AF161: 400616.41 | AG161: 400832 | AH161: 401095.62 | AI161: 401314 | AJ161: 401310.41 | AK161: 401440.5 | AL161: 401718.91 | AM161: 402134.19 | AN161: 402672.41 | AO161: 403197.81
A162: Asheville - NC USA | B162: 445862.91 | C162: 447156.31 | D162: 448665.31 | E162: 450176.91 | F162: 451703.5 | G162: 453176.22 | H162: 454459.28 | I162: 455730.72 | J162: 456947.28 | K162: 458155.91 | L162: 459358 | M162: 460525.78 | N162: 461691.91 | O162: 462843.19 | P162: 463747.72 | Q162: 464636.28 | R162: 465501.09 | S162: 466387.09 | T162: 467318.78 | U162: 468217.09 | V162: 469015 | W162: 469781 | X162: 470632.12 | Y162: 471417.38 | Z162: 472258.78 | AA162: 473350 | AB162: 474016.59 | AC162: 474845.88 | AD162: 475646.91 | AE162: 476584 | AF162: 477417.12 | AG162: 478314.91 | AH162: 479269.91 | AI162: 480171 | AJ162: 481323.31 | AK162: 482571 | AL162: 483833.59 | AM162: 485103.5 | AN162: 486339.69 | AO162: 487531.72
A163: Atlanta - GA USA | B163: 5681309 | C163: 5704653 | D163: 5730552 | E163: 5756483 | F163: 5782600 | G163: 5808024 | H163: 5829766 | I163: 5851356 | J163: 5872239 | K163: 5893015 | L163: 5912030 | M163: 5930603 | N163: 5949149 | O163: 5967502 | P163: 5986444 | Q163: 6005178 | R163: 6023602 | S163: 6042297 | T163: 6058860 | U163: 6074989 | V163: 6089815 | W163: 6105757 | X163: 6115171 | Y163: 6123730 | Z163: 6133018 | AA163: 6145550 | AB163: 6163178 | AC163: 6182919 | AD163: 6202293 | AE163: 6223443 | AF163: 6239852 | AG163: 6257104 | AH163: 6275106 | AI163: 6292404 | AJ163: 6310491 | AK163: 6330022 | AL163: 6351223 | AM163: 6372389 | AN163: 6393851 | AO163: 6414516
A164: Augusta - GA USA | B164: 588219 | C164: 589767.5 | D164: 591083.69 | E164: 592402.56 | F164: 593740.12 | G164: 595006.25 | H164: 596266.94 | I164: 597511.5 | J164: 598683.5 | K164: 599844.31 | L164: 600833.5 | M164: 601777.31 | N164: 602718 | O164: 603639 | P164: 604763.31 | Q164: 605866.25 | R164: 606937.5 | S164: 608035.88 | T164: 609097.25 | U164: 610114.31 | V164: 611000 | W164: 612172 | X164: 613122.06 | Y164: 613986.56 | Z164: 614924.19 | AA164: 616187 | AB164: 617951.5 | AC164: 619927.94 | AD164: 621867.38 | AE164: 623985 | AF164: 625262.56 | AG164: 626625 | AH164: 628062.31 | AI164: 629429 | AJ164: 630025.19 | AK164: 630397.56 | AL164: 630647.19 | AM164: 630953 | AN164: 631443.12 | AO164: 631982.44
A165: Austin - TX USA | B165: 1992832 | C165: 2007760 | D165: 2022761 | E165: 2037773 | F165: 2052850.1 | G165: 2067680.9 | H165: 2081137 | I165: 2094540 | J165: 2107688 | K165: 2120798 | L165: 2133601 | M165: 2146243 | N165: 2158876 | O165: 2171437 | P165: 2186731 | Q165: 2201948 | R165: 2217050 | S165: 2232250 | T165: 2249557 | U165: 2266707 | V165: 2283371 | W165: 2300135 | X165: 2314557 | Y165: 2328653 | Z165: 2343022 | AA165: 2358634 | AB165: 2374057 | AC165: 2390292 | AD165: 2406385 | AE165: 2423170 | AF165: 2436353 | AG165: 2449376 | AH165: 2461711 | AI165: 2473275 | AJ165: 2485843 | AK165: 2497629 | AL165: 2509418 | AM165: 2521289 | AN165: 2533181 | AO165: 2545105
A166: Bakersfield - CA USA | B166: 880156.31 | C166: 881982.75 | D166: 883275.19 | E166: 884572.88 | F166: 885899.75 | G166: 887120.81 | H166: 888906.5 | I166: 890669.38 | J166: 892325.31 | K166: 893965.81 | L166: 895750 | M166: 897467.69 | N166: 899181.88 | O166: 900867.69 | P166: 902339.81 | Q166: 903781.12 | R166: 905176.38 | S166: 906613.25 | T166: 907595.5 | U166: 908512.69 | V166: 909235 | W166: 905910 | X166: 907530.38 | Y166: 909024 | Z166: 910625.62 | AA166: 912709 | AB166: 913446 | AC166: 914496.69 | AD166: 915493 | AE166: 916751 | AF166: 915896.19 | AG166: 915165.69 | AH166: 914544.38 | AI166: 913820 | AJ166: 913202.88 | AK166: 912957.19 | AL166: 912813 | AM166: 912720.81 | AN166: 912931.5 | AO166: 913370.5
A167: Baltimore - MD USA | B167: 2813645 | C167: 2817051 | D167: 2819017 | E167: 2820999 | F167: 2823073 | G167: 2824809 | H167: 2827101 | I167: 2829319 | J167: 2831196 | K167: 2833023 | L167: 2834852 | M167: 2836469 | N167: 2838074 | O167: 2839588 | P167: 2840720 | Q167: 2841754 | R167: 2842642 | S167: 2843661 | T167: 2844285 | U167: 2844703 | V167: 2844510 | W167: 2842668 | X167: 2842557 | Y167: 2842051 | Z167: 2841884 | AA167: 2843219 | AB167: 2840267 | AC167: 2838292 | AD167: 2836148 | AE167: 2834813 | AF167: 2834311 | AG167: 2834194 | AH167: 2834414 | AI167: 2834316 | AJ167: 2836138 | AK167: 2838110 | AL167: 2840324 | AM167: 2842613 | AN167: 2844999 | AO167: 2847331
A168: Baton Rouge - LA USA | B168: 835005.19 | C168: 836416.88 | D168: 838183.69 | E168: 839956.12 | F168: 841756.56 | G168: 843457.5 | H168: 843231.62 | I168: 842983.06 | J168: 842632.38 | K168: 842266.75 | L168: 842784.44 | M168: 843239.06 | N168: 843690.31 | O168: 844114.62 | P168: 844948.62 | Q168: 845753.81 | R168: 846515.94 | S168: 847317 | T168: 848155.88 | U168: 848934 | V168: 849530 | W168: 849323 | X168: 849905.5 | Y168: 850369.38 | Z168: 850934.81 | AA168: 851950 | AB168: 851678.5 | AC168: 851699.69 | AD168: 851670.31 | AE168: 851884 | AF168: 852174.69 | AG168: 852580.88 | AH168: 853088.94 | AI168: 853501 | AJ168: 854166.06 | AK168: 854905.88 | AL168: 855777.56 | AM168: 856688.5 | AN168: 857609.06 | AO168: 858489.81
A169: Beaumont - TX USA | B169: 411238.41 | C169: 412098.69 | D169: 412634 | E169: 413171.69 | F169: 413722.91 | G169: 414224.91 | H169: 414661.72 | I169: 415087.59 | J169: 415463.59 | K169: 415832.31 | L169: 414629.5 | M169: 413394.91 | N169: 412158.12 | O169: 410907.5 | P169: 410756.19 | Q169: 410590.69 | R169: 410404 | S169: 410236 | T169: 410134 | U169: 410002.09 | V169: 409782 | W169: 409395 | X169: 408945 | Y169: 408438.19 | Z169: 407980.41 | AA169: 407738 | AB169: 407314.09 | AC169: 407030.22 | AD169: 406722.09 | AE169: 406530 | AF169: 406886.69 | AG169: 407215.78 | AH169: 407430.22 | AI169: 407518 | AJ169: 408158.28 | AK169: 408608.62 | AL169: 409029.5 | AM169: 409495.78 | AN169: 409783.69 | AO169: 409896.69
... A307: Youngstown - OH USA | B307: 555457.56 | C307: 554600.25 | D307: 553700.06 | E307: 552802.19 | F307: 551921.19 | G307: 550973.56 | H307: 550357.94 | I307: 549726.94 | J307: 549029.12 | K307: 548321 | L307: 547717.31 | M307: 547072 | N307: 546423.81 | O307: 545757.62 | P307: 545120.94 | Q307: 544465 | R307: 543780.56 | S307: 543120.75 | T307: 542560.62 | U307: 541960.31 | V307: 541243 | W307: 540240 | X307: 539647.56 | Y307: 538980.25 | Z307: 538377.38 | AA307: 538059 | AB307: 537329.69 | AC307: 536785 | AD307: 536208.62 | AE307: 535785 | AF307: 535385.38 | AG307: 535058.5 | AH307: 534795.31 | AI307: 534472 | AJ307: 533530.5 | AK307: 532649.75 | AL307: 531807.94 | AM307: 530972.44 | AN307: 530236.19 | AO307: 529574.5
A309: Units PP
A311: Geography Name
A312: Akron - OH USA | B312: =B4/B158 -> 0.049011593 | C312: =C4/C158 -> 0.049475561 | D312: =D4/D158 -> 0.049492874 | E312: =E4/E158 -> 0.049844568 | F312: =F4/F158 -> 0.049860153 | G312: =G4/G158 -> 0.050139961 | H312: =H4/H158 -> 0.050290373 | I312: =I4/I158 -> 0.050284616 | ... AO312: =AO4/AO158 -> 0.054465135
A313: Albany - NY USA | B313: =B5/B159 -> 0.052074307 | C313: =C5/C159 -> 0.052483528 | D313: =D5/D159 -> 0.053024912 | E313: =E5/E159 -> 0.054139537 | F313: =F5/F159 -> 0.054362449 | G313: =G5/G159 -> 0.054439765 | H313: =H5/H159 -> 0.054854836 | I313: =I5/I159 -> 0.055685839 | ... AO313: =AO5/AO159 -> 0.065178068
A314: Albuquerque - NM USA | B314: =B6/B160 -> 0.05651922 | C314: =C6/C160 -> 0.056943818 | D314: =D6/D160 -> 0.057551974 | E314: =E6/E160 -> 0.057550724 | F314: =F6/F160 -> 0.057541023 | G314: =G6/G160 -> 0.057759854 | H314: =H6/H160 -> 0.057755269 | I314: =I6/I160 -> 0.057794072 | ... AO314: =AO6/AO160 -> 0.060691406
A315: Anchorage - AK USA | B315: =B7/B161 -> 0.032002485 | C315: =C7/C161 -> 0.031989727 | D315: =D7/D161 -> 0.031933382 | E315: =E7/E161 -> 0.031877057 | F315: =F7/F161 -> 0.031819915 | G315: =G7/G161 -> 0.031895673 | H315: =H7/H161 -> 0.031908988 | I315: =I7/I161 -> 0.031923157 | ... AO315: =AO7/AO161 -> 0.032418331
A316: Asheville - NC USA | B316: =B8/B162 -> 0.028181308 | C316: =C8/C162 -> 0.028835554 | D316: =D8/D162 -> 0.028738571 | E316: =E8/E162 -> 0.029068572 | F316: =F8/F162 -> 0.028970331 | G316: =G8/G162 -> 0.028955624 | H316: =H8/H162 -> 0.029243544 | I316: =I8/I162 -> 0.029135626 | ... AO316: =AO8/AO162 -> 0.045426788
A317: Atlanta - GA USA | B317: =B9/B163 -> 0.071203485 | C317: =C9/C163 -> 0.07137016 | D317: =D9/D163 -> 0.071314421 | E317: =E9/E163 -> 0.071196423 | F317: =F9/F163 -> 0.071338498 | G317: =G9/G163 -> 0.071353011 | H317: =H9/H163 -> 0.071417446 | I317: =I9/I163 -> 0.071586825 | ... AO317: =AO9/AO163 -> 0.083559071
A318: Augusta - GA USA | B318: =B10/B164 -> 0.0396961 | C318: =C10/C164 -> 0.039629176 | D318: =D10/D164 -> 0.039625523 | E318: =E10/E164 -> 0.040246281 | F318: =F10/F164 -> 0.040155615 | G318: =G10/G164 -> 0.040493692 | H318: =H10/H164 -> 0.040408076 | I318: =I10/I164 -> 0.04032391 | ... AO318: =AO10/AO164 -> 0.049824169
A319: Austin - TX USA | B319: =B11/B165 -> 0.092040874 | C319: =C11/C165 -> 0.09245876 | D319: =D11/D165 -> 0.092657017 | E319: =E11/E165 -> 0.09324542 | F319: =F11/F165 -> 0.093644927 | G319: =G11/G165 -> 0.094035304 | H319: =H11/H165 -> 0.0951773 | I319: =I11/I165 -> 0.095545084 | ... AO319: =AO11/AO165 -> 0.12631463
A320: Bakersfield - CA USA | B320: =B12/B166 -> 0.027148587 | C320: =C12/C166 -> 0.027092367 | D320: =D12/D166 -> 0.027052724 | E320: =E12/E166 -> 0.027013037 | F320: =F12/F166 -> 0.027213011 | G320: =G12/G166 -> 0.027175555 | H320: =H12/H166 -> 0.02724921 | I320: =I12/I166 -> 0.027267133 | ... AO320: =AO12/AO166 -> 0.028663067
A321: Baltimore - MD USA | B321: =B13/B167 -> 0.065866874 | C321: =C13/C167 -> 0.066117724 | D321: =D13/D167 -> 0.066161361 | E321: =E13/E167 -> 0.066327567 | F321: =F13/F167 -> 0.06646764 | G321: =G13/G167 -> 0.066591051 | H321: =H13/H167 -> 0.066923679 | I321: =I13/I167 -> 0.067037686 | ... AO321: =AO13/AO167 -> 0.075485779
A322: Baton Rouge - LA USA | B322: =B14/B168 -> 0.04303087 | C322: =C14/C168 -> 0.043087366 | D322: =D14/D168 -> 0.043071704 | E322: =E14/E168 -> 0.043303452 | F322: =F14/F168 -> 0.043604056 | G322: =G14/G168 -> 0.043746128 | H322: =H14/H168 -> 0.043837303 | I322: =I14/I168 -> 0.044177637 | ... AO322: =AO14/AO168 -> 0.051448485
A323: Beaumont - TX USA | B323: =B15/B169 -> 0.041304508 | C323: =C15/C169 -> 0.04141241 | D323: =D15/D169 -> 0.041281135 | E323: =E15/E169 -> 0.041227413 | F323: =F15/F169 -> 0.041172485 | G323: =G15/G169 -> 0.041122588 | H323: =H15/H169 -> 0.041079268 | I323: =I15/I169 -> 0.041037121 | ... AO323: =AO15/AO169 -> 0.045484632
... A461: Youngstown - OH USA | B461: =B153/B307 -> 0.032218483 | C461: =C153/C307 -> 0.032268287 | D461: =D153/D307 -> 0.032291851 | E461: =E153/E307 -> 0.0323443 | F461: =F153/F307 -> 0.032472028 | G461: =G153/G307 -> 0.032527877 | H461: =H153/H307 -> 0.032564262 | I461: =I153/I307 -> 0.032601641 | ... AO461: =AO153/AO307 -> 0.034000882
A465: Geography Name
A466: Akron - OH USA | B466: =B312/$B312 -> 1 | C466: =C312/$B312 -> 1.0094665 | D466: =D312/$B312 -> 1.0098197 | E466: =E312/$B312 -> 1.0169955 | F466: =F312/$B312 -> 1.0173135 | G466: =G312/$B312 -> 1.0230225 | H466: =H312/$B312 -> 1.0260914 | I466: =I312/$B312 -> 1.0259739 | ... AO466: =AO312/$B312 -> 1.1112705
A467: Albany - NY USA | B467: =B313/$B313 -> 1 | C467: =C313/$B313 -> 1.0078584 | D467: =D313/$B313 -> 1.0182548 | E467: =E313/$B313 -> 1.0396593 | F467: =F313/$B313 -> 1.04394 | G467: =G313/$B313 -> 1.0454247 | H467: =H313/$B313 -> 1.0533954 | I467: =I313/$B313 -> 1.0693534 | ... AO467: =AO313/$B313 -> 1.2516358
A468: Albuquerque - NM USA | B468: =B314/$B314 -> 1 | C468: =C314/$B314 -> 1.0075125 | D468: =D314/$B314 -> 1.0182726 | E468: =E314/$B314 -> 1.0182505 | F468: =F314/$B314 -> 1.0180789 | G468: =G314/$B314 -> 1.0219507 | H468: =H314/$B314 -> 1.0218695 | I468: =I314/$B314 -> 1.0225561 | ... AO468: =AO314/$B314 -> 1.0738189
A469: Anchorage - AK USA | B469: =B315/$B315 -> 1 | C469: =C315/$B315 -> 0.99960135 | D469: =D315/$B315 -> 0.9978407 | E469: =E315/$B315 -> 0.99608067 | F469: =F315/$B315 -> 0.99429512 | G469: =G315/$B315 -> 0.9966624 | H469: =H315/$B315 -> 0.99707844 | I469: =I315/$B315 -> 0.9975212 | ... AO469: =AO315/$B315 -> 1.0129942
A470: Asheville - NC USA | B470: =B316/$B316 -> 1 | C470: =C316/$B316 -> 1.0232156 | D470: =D316/$B316 -> 1.0197742 | E470: =E316/$B316 -> 1.0314841 | F470: =F316/$B316 -> 1.0279981 | G470: =G316/$B316 -> 1.0274762 | H470: =H316/$B316 -> 1.0376929 | I470: =I316/$B316 -> 1.0338635 | ... AO470: =AO316/$B316 -> 1.6119474
A471: Atlanta - GA USA | B471: =B317/$B317 -> 1 | C471: =C317/$B317 -> 1.0023408 | D471: =D317/$B317 -> 1.001558 | E471: =E317/$B317 -> 0.99990082 | F471: =F317/$B317 -> 1.0018962 | G471: =G317/$B317 -> 1.0021 | H471: =H317/$B317 -> 1.0030049 | I471: =I317/$B317 -> 1.0053837 | ... AO471: =AO317/$B317 -> 1.173525
A472: Augusta - GA USA | B472: =B318/$B318 -> 1 | C472: =C318/$B318 -> 0.9983141 | D472: =D318/$B318 -> 0.99822207 | E472: =E318/$B318 -> 1.0138598 | F472: =F318/$B318 -> 1.0115758 | G472: =G318/$B318 -> 1.0200925 | H472: =H318/$B318 -> 1.0179357 | I472: =I318/$B318 -> 1.0158154 | ... AO472: =AO318/$B318 -> 1.2551402
A473: Austin - TX USA | B473: =B319/$B319 -> 1 | C473: =C319/$B319 -> 1.0045402 | D473: =D319/$B319 -> 1.0066942 | E473: =E319/$B319 -> 1.0130871 | F473: =F319/$B319 -> 1.0174276 | G473: =G319/$B319 -> 1.021669 | H473: =H319/$B319 -> 1.0340764 | I473: =I319/$B319 -> 1.0380723 | ... AO473: =AO319/$B319 -> 1.3723754
A474: Bakersfield - CA USA | B474: =B320/$B320 -> 1 | C474: =C320/$B320 -> 0.99792917 | D474: =D320/$B320 -> 0.99646897 | E474: =E320/$B320 -> 0.99500712 | F474: =F320/$B320 -> 1.002373 | G474: =G320/$B320 -> 1.0009933 | H474: =H320/$B320 -> 1.0037064 | I474: =I320/$B320 -> 1.0043666 | ... AO474: =AO320/$B320 -> 1.0557849
A475: Baltimore - MD USA | B475: =B321/$B321 -> 1 | C475: =C321/$B321 -> 1.0038084 | D475: =D321/$B321 -> 1.0044709 | E475: =E321/$B321 -> 1.0069943 | F475: =F321/$B321 -> 1.0091209 | G475: =G321/$B321 -> 1.0109946 | H475: =H321/$B321 -> 1.0160446 | I475: =I321/$B321 -> 1.0177754 | ... AO475: =AO321/$B321 -> 1.1460356
A476: Baton Rouge - LA USA | B476: =B322/$B322 -> 1 | C476: =C322/$B322 -> 1.0013129 | D476: =D322/$B322 -> 1.0009489 | E476: =E322/$B322 -> 1.0063346 | F476: =F322/$B322 -> 1.0133203 | G476: =G322/$B322 -> 1.016622 | H476: =H322/$B322 -> 1.0187408 | I476: =I322/$B322 -> 1.0266499 | ... AO476: =AO322/$B322 -> 1.195618
A477: Beaumont - TX USA | B477: =B323/$B323 -> 1 | C477: =C323/$B323 -> 1.0026124 | D477: =D323/$B323 -> 0.99943414 | E477: =E323/$B323 -> 0.99813351 | F477: =F323/$B323 -> 0.99680366 | G477: =G323/$B323 -> 0.99559563 | H477: =H323/$B323 -> 0.99454685 | I477: =I323/$B323 -> 0.99352646 | ... AO477: =AO323/$B323 -> 1.1012026
... A615: Youngstown - OH USA | B615: =B461/$B461 -> 1 | C615: =C461/$B461 -> 1.0015458 | D615: =D461/$B461 -> 1.0022772 | E615: =E461/$B461 -> 1.0039051 | F615: =F461/$B461 -> 1.0078695 | G615: =G461/$B461 -> 1.009603 | H615: =H461/$B461 -> 1.0107323 | I615: =I461/$B461 -> 1.0118925 | ... AO615: =AO461/$B461 -> 1.0553222
A618: Geography Name | F618: Geography Name | G618: UPP Index | H618: Rank
A619: Akron - OH USA | B619: =AO466 -> 1.1112705 | C619: =RANK(B619,$B$619:$B$768,1) -> 41 | F619: Modesto - CA USA | G619: 0.99287738 | H619: 1
A620: Albany - NY USA | B620: =AO467 -> 1.2516358 | C620: =RANK(B620,$B$619:$B$768,1) -> 105 | F620: Anchorage - AK USA | G620: 1.0129942 | H620: 2
A621: Albuquerque - NM USA | B621: =AO468 -> 1.0738189 | C621: =RANK(B621,$B$619:$B$768,1) -> 26 | F621: Montgomery - AL USA | G621: 1.0130974 | H621: 3
A622: Anchorage - AK USA | B622: =AO469 -> 1.0129942 | C622: =RANK(B622,$B$619:$B$768,1) -> 2 | F622: Gulfport-Biloxi-Pascagoula - MS USA | G622: 1.0140574 | H622: 4
A623: Asheville - NC USA | B623: =AO470 -> 1.6119474 | C623: =RANK(B623,$B$619:$B$768,1) -> 147 | F623: Tucson - AZ USA | G623: 1.0219816 | H623: 5
A624: Atlanta - GA USA | B624: =AO471 -> 1.173525 | C624: =RANK(B624,$B$619:$B$768,1) -> 69 | F624: Salinas - CA USA | G624: 1.0226449 | H624: 6
A625: Augusta - GA USA | B625: =AO472 -> 1.2551402 | C625: =RANK(B625,$B$619:$B$768,1) -> 107 | F625: Stockton - CA USA | G625: 1.0401243 | H625: 7
A626: Austin - TX USA | B626: =AO473 -> 1.3723754 | C626: =RANK(B626,$B$619:$B$768,1) -> 131 | F626: Fresno - CA USA | G626: 1.0404439 | H626: 8
A627: Bakersfield - CA USA | B627: =AO474 -> 1.0557849 | C627: =RANK(B627,$B$619:$B$768,1) -> 15 | F627: Fayetteville - NC USA | G627: 1.0410463 | H627: 9
A628: Baltimore - MD USA | B628: =AO475 -> 1.1460356 | C628: =RANK(B628,$B$619:$B$768,1) -> 62 | F628: Sacramento - CA USA | G628: 1.0464396 | H628: 10
A629: Baton Rouge - LA USA | B629: =AO476 -> 1.195618 | C629: =RANK(B629,$B$619:$B$768,1) -> 80 | F629: Oklahoma City - OK USA | G629: 1.0478311 | H629: 11
A630: Beaumont - TX USA | B630: =AO477 -> 1.1012026 | C630: =RANK(B630,$B$619:$B$768,1) -> 33 | F630: Reading - PA USA | G630: 1.0492727 | H630: 12
... A768: Youngstown - OH USA | B768: =AO615 -> 1.0553222 | C768: =RANK(B768,$B$619:$B$768,1) -> 14 | F768: Myrtle Beach - SC USA | G768: 2.1065068 | H768: 150

Sheet Forward UPP
A1: Geography Name | B1: 2025 Q2 EST | C1: 2025 Q3 | D1: 2025 Q4 | E1: 2026 Q1 | F1: 2026 Q2 | G1: 2026 Q3 | H1: 2026 Q4 | I1: 2027 Q1 | J1: 2027 Q2 | K1: 2027 Q3 | L1: 2027 Q4 | M1: 2028 Q1 | N1: 2028 Q2 | O1: 2028 Q3 | P1: 2028 Q4 | Q1: 2029 Q1 | R1: 2029 Q2 | S1: 2029 Q3 | T1: 2029 Q4 | U1: 2030 Q1 | V1: 2030 Q2 | W1: 2030 Q3 | X1: 2030 Q4 | Y1: 2031 Q1 | Z1: 2031 Q2 | AA1: 2031 Q3 | AB1: 2031 Q4 | AC1: 2032 Q1 | AD1: 2032 Q2 | AE1: 2032 Q3 | AF1: 2032 Q4 | AG1: 2033 Q1 | AH1: 2033 Q2 | AI1: 2033 Q3 | AJ1: 2033 Q4 | AK1: 2034 Q1 | AL1: 2034 Q2 | AM1: 2034 Q3 | AN1: 2034 Q4 | AO1: 2035 Q1 | AP1: 2035 Q2
A2: Akron - OH | B2: 38114 | C2: 38112 | D2: 38110 | E2: 38108 | F2: 38105 | G2: 38105 | H2: 38164 | I2: 38183 | J2: 38207 | K2: 38237 | L2: 38270 | M2: 38305 | N2: 38343 | O2: 38381 | P2: 38421 | Q2: 38462 | R2: 38503 | S2: 38545 | T2: 38586 | U2: 38628 | V2: 38670 | W2: 38712 | X2: 38755 | Y2: 38797 | Z2: 38839 | AA2: 38881 | AB2: 38923 | AC2: 38965 | AD2: 39007 | AE2: 39049 | AF2: 39091 | AG2: 39133 | AH2: 39175 | AI2: 39217 | AJ2: 39259 | AK2: 39301 | AL2: 39343 | AM2: 39385 | AN2: 39427 | AO2: 39469 | AP2: 39511
A3: Albany - NY | B3: 58947 | C3: 58945 | D3: 59086 | E3: 59083 | F3: 59149 | G3: 59216 | H3: 59279 | I3: 59428 | J3: 59529 | K3: 59646 | L3: 59775 | M3: 59915 | N3: 60063 | O3: 60216 | P3: 60374 | Q3: 60536 | R3: 61028 | S3: 61193 | T3: 61360 | U3: 61528 | V3: 61696 | W3: 61864 | X3: 62033 | Y3: 62202 | Z3: 62371 | AA3: 62539 | AB3: 62708 | AC3: 62877 | AD3: 63045 | AE3: 63214 | AF3: 63382 | AG3: 63550 | AH3: 63718 | AI3: 63886 | AJ3: 64054 | AK3: 64221 | AL3: 64389 | AM3: 64557 | AN3: 64724 | AO3: 64892 | AP3: 65060
A4: Albuquerque - NM | B4: 56446 | C4: 56916 | D4: 56914 | E4: 57244 | F4: 57568 | G4: 57565 | H4: 57699 | I4: 57972 | J4: 58059 | K4: 58166 | L4: 58287 | M4: 58421 | N4: 58566 | O4: 58718 | P4: 58877 | Q4: 59042 | R4: 59212 | S4: 59384 | T4: 59560 | U4: 59738 | V4: 59918 | W4: 60099 | X4: 60282 | Y4: 60466 | Z4: 60651 | AA4: 60836 | AB4: 61023 | AC4: 61210 | AD4: 61397 | AE4: 61585 | AF4: 61773 | AG4: 61961 | AH4: 62150 | AI4: 62339 | AJ4: 62528 | AK4: 62717 | AL4: 62907 | AM4: 63097 | AN4: 63286 | AO4: 63477 | AP4: 63667
A5: Anchorage - AK | B5: 13071 | C5: 13070 | D5: 13070 | E5: 13069 | F5: 13068 | G5: 13067 | H5: 13067 | I5: 13066 | J5: 13066 | K5: 13067 | L5: 13068 | M5: 13070 | N5: 13072 | O5: 13074 | P5: 13077 | Q5: 13079 | R5: 13082 | S5: 13085 | T5: 13088 | U5: 13091 | V5: 13094 | W5: 13097 | X5: 13100 | Y5: 13103 | Z5: 13106 | AA5: 13110 | AB5: 13113 | AC5: 13116 | AD5: 13119 | AE5: 13122 | AF5: 13125 | AG5: 13129 | AH5: 13132 | AI5: 13135 | AJ5: 13138 | AK5: 13141 | AL5: 13144 | AM5: 13148 | AN5: 13151 | AO5: 13154 | AP5: 13157
A6: Asheville - NC | B6: 22918 | C6: 23544 | D6: 23842 | E6: 24272 | F6: 24486 | G6: 24670 | H6: 24799 | I6: 25191 | J6: 25290 | K6: 25407 | L6: 25539 | M6: 25682 | N6: 25834 | O6: 25993 | P6: 26157 | Q6: 26326 | R6: 26498 | S6: 26672 | T6: 26847 | U6: 27024 | V6: 27201 | W6: 27379 | X6: 27557 | Y6: 27736 | Z6: 27915 | AA6: 28093 | AB6: 28272 | AC6: 28451 | AD6: 28629 | AE6: 28808 | AF6: 28986 | AG6: 29164 | AH6: 29343 | AI6: 29521 | AJ6: 29699 | AK6: 29877 | AL6: 30055 | AM6: 30233 | AN6: 30411 | AO6: 30588 | AP6: 30766
A7: Atlanta - GA | B7: 539804 | C7: 542410 | D7: 544199 | E7: 546181 | F7: 548060 | G7: 549635 | H7: 551415 | I7: 552190 | J7: 553512 | K7: 554820 | L7: 556318 | M7: 558250 | N7: 560037 | O7: 561925 | P7: 563892 | Q7: 566174 | R7: 568234 | S7: 570319 | T7: 572418 | U7: 574526 | V7: 576639 | W7: 578754 | X7: 580869 | Y7: 582985 | Z7: 585101 | AA7: 587219 | AB7: 589339 | AC7: 591457 | AD7: 593571 | AE7: 595681 | AF7: 597787 | AG7: 599888 | AH7: 601986 | AI7: 604079 | AJ7: 606169 | AK7: 608255 | AL7: 610339 | AM7: 612420 | AN7: 614497 | AO7: 616573 | AP7: 618651
A8: Augusta - GA | B8: 31488 | C8: 31487 | D8: 31486 | E8: 31796 | F8: 31794 | G8: 31791 | H8: 31814 | I8: 31856 | J8: 31912 | K8: 31979 | L8: 32054 | M8: 32137 | N8: 32224 | O8: 32316 | P8: 32411 | Q8: 32508 | R8: 32607 | S8: 32708 | T8: 32809 | U8: 32911 | V8: 33013 | W8: 33116 | X8: 33219 | Y8: 33322 | Z8: 33425 | AA8: 33528 | AB8: 33631 | AC8: 33735 | AD8: 33838 | AE8: 33941 | AF8: 34044 | AG8: 34146 | AH8: 34249 | AI8: 34352 | AJ8: 34454 | AK8: 34557 | AL8: 34660 | AM8: 34762 | AN8: 34865 | AO8: 34967 | AP8: 35070
A9: Austin - TX | B9: 325494 | C9: 328080 | D9: 330290 | E9: 332274 | F9: 334215 | G9: 336031 | H9: 338032 | I9: 340187 | J9: 342623 | K9: 345007 | L9: 346448 | M9: 348184 | N9: 350159 | O9: 352320 | P9: 354626 | Q9: 357042 | R9: 359539 | S9: 362094 | T9: 364687 | U9: 367306 | V9: 369938 | W9: 372577 | X9: 375220 | Y9: 377863 | Z9: 380502 | AA9: 383135 | AB9: 385762 | AC9: 388380 | AD9: 390989 | AE9: 393591 | AF9: 396183 | AG9: 398765 | AH9: 401336 | AI9: 403896 | AJ9: 406445 | AK9: 408985 | AL9: 411515 | AM9: 414037 | AN9: 416550 | AO9: 419055 | AP9: 421554
A10: Bakersfield - CA | B10: 26180 | C10: 26179 | D10: 26406 | E10: 26405 | F10: 26403 | G10: 26446 | H10: 26444 | I10: 26489 | J10: 26496 | K10: 26510 | L10: 26529 | M10: 26551 | N10: 26577 | O10: 26606 | P10: 26636 | Q10: 26668 | R10: 26700 | S10: 26734 | T10: 26769 | U10: 26804 | V10: 26839 | W10: 26875 | X10: 26911 | Y10: 26947 | Z10: 26983 | AA10: 27020 | AB10: 27057 | AC10: 27093 | AD10: 27130 | AE10: 27167 | AF10: 27204 | AG10: 27240 | AH10: 27277 | AI10: 27314 | AJ10: 27351 | AK10: 27388 | AL10: 27425 | AM10: 27462 | AN10: 27499 | AO10: 27536 | AP10: 27573
A11: Baltimore - MD | B11: 215456 | C11: 215645 | D11: 216046 | E11: 216503 | F11: 216917 | G11: 217132 | H11: 217407 | I11: 218102 | J11: 218495 | K11: 218927 | L11: 219389 | M11: 219878 | N11: 220389 | O11: 220920 | P11: 221469 | Q11: 222032 | R11: 222608 | S11: 223196 | T11: 223792 | U11: 224397 | V11: 225007 | W11: 225625 | X11: 226248 | Y11: 226877 | Z11: 227510 | AA11: 228147 | AB11: 228787 | AC11: 229430 | AD11: 230074 | AE11: 230721 | AF11: 231367 | AG11: 232015 | AH11: 232664 | AI11: 233315 | AJ11: 233967 | AK11: 234619 | AL11: 235273 | AM11: 235927 | AN11: 236583 | AO11: 237239 | AP11: 237897
A12: Baton Rouge - LA | B12: 44500 | C12: 44499 | D12: 44657 | E12: 44653 | F12: 44990 | G12: 44986 | H12: 45111 | I12: 45158 | J12: 45222 | K12: 45298 | L12: 45384 | M12: 45479 | N12: 45579 | O12: 45684 | P12: 45792 | Q12: 45904 | R12: 46017 | S12: 46132 | T12: 46248 | U12: 46365 | V12: 46482 | W12: 46600 | X12: 46718 | Y12: 46836 | Z12: 46954 | AA12: 47072 | AB12: 47190 | AC12: 47308 | AD12: 47426 | AE12: 47544 | AF12: 47662 | AG12: 47780 | AH12: 47897 | AI12: 48015 | AJ12: 48132 | AK12: 48250 | AL12: 48367 | AM12: 48484 | AN12: 48602 | AO12: 48719 | AP12: 48836
A13: Beaumont - TX | B13: 18644 | C13: 18643 | D13: 18642 | E13: 18642 | F13: 18641 | G13: 18640 | H13: 18641 | I13: 18645 | J13: 18651 | K13: 18658 | L13: 18667 | M13: 18676 | N13: 18686 | O13: 18697 | P13: 18708 | Q13: 18720 | R13: 18732 | S13: 18744 | T13: 18757 | U13: 18769 | V13: 18782 | W13: 18795 | X13: 18808 | Y13: 18821 | Z13: 18834 | AA13: 18848 | AB13: 18861 | AC13: 18874 | AD13: 18888 | AE13: 18901 | AF13: 18914 | AG13: 18928 | AH13: 18941 | AI13: 18955 | AJ13: 18968 | AK13: 18982 | AL13: 18995 | AM13: 19009 | AN13: 19022 | AO13: 19036 | AP13: 19049
... A151: Youngstown - OH | B151: 18006 | C151: 18005 | D151: 18004 | E151: 18003 | F151: 18001 | G151: 18000 | H151: 17999 | I151: 17998 | J151: 17996 | K151: 17995 | L151: 17994 | M151: 17992 | N151: 17991 | O151: 17990 | P151: 17989 | Q151: 17987 | R151: 17986 | S151: 17985 | T151: 17984 | U151: 17982 | V151: 17981 | W151: 17980 | X151: 17979 | Y151: 17977 | Z151: 17976 | AA151: 17975 | AB151: 17974 | AC151: 17972 | AD151: 17971 | AE151: 17970 | AF151: 17968 | AG151: 17967 | AH151: 17966 | AI151: 17964 | AJ151: 17963 | AK151: 17962 | AL151: 17960 | AM151: 17959 | AN151: 17958 | AO151: 17956 | AP151: 17955
A154: Geography Name | B154: 2025 Q2 EST | C154: 2025 Q3 | D154: 2025 Q4 | E154: 2026 Q1 | F154: 2026 Q2 | G154: 2026 Q3 | H154: 2026 Q4 | I154: 2027 Q1 | J154: 2027 Q2 | K154: 2027 Q3 | L154: 2027 Q4 | M154: 2028 Q1 | N154: 2028 Q2 | O154: 2028 Q3 | P154: 2028 Q4 | Q154: 2029 Q1 | R154: 2029 Q2 | S154: 2029 Q3 | T154: 2029 Q4 | U154: 2030 Q1 | V154: 2030 Q2 | W154: 2030 Q3 | X154: 2030 Q4 | Y154: 2031 Q1 | Z154: 2031 Q2 | AA154: 2031 Q3 | AB154: 2031 Q4 | AC154: 2032 Q1 | AD154: 2032 Q2 | AE154: 2032 Q3 | AF154: 2032 Q4 | AG154: 2033 Q1 | AH154: 2033 Q2 | AI154: 2033 Q3 | AJ154: 2033 Q4 | AK154: 2034 Q1 | AL154: 2034 Q2 | AM154: 2034 Q3 | AN154: 2034 Q4 | AO154: 2035 Q1 | AP154: 2035 Q2
A155: Akron - OH USA | B155: 697807.69 | C155: 697646.19 | D155: 697459.25 | E155: 697230.31 | F155: 696976.06 | G155: 696752.94 | H155: 696509.88 | I155: 696250 | J155: 695961.69 | K155: 695663.5 | L155: 695356.88 | M155: 695046.06 | N155: 694735.88 | O155: 694426.88 | P155: 694120.31 | Q155: 693819.5 | R155: 693532.69 | S155: 693254.81 | T155: 692985.25 | U155: 692723.38 | V155: 692459.5 | W155: 692208.38 | X155: 691972.5 | Y155: 691748.5 | Z155: 691538.31 | AA155: 691323.19 | AB155: 691106.81 | AC155: 690887.56 | AD155: 690666.31 | AE155: 690443.62 | AF155: 690217.69 | AG155: 689989.31 | AH155: 689757.5 | AI155: 689523 | AJ155: 689285.38 | AK155: 689045.69 | AL155: 688801.88 | AM155: 688555.19 | AN155: 688304.06 | AO155: 688049 | AP155: 687789.62
A156: Albany - NY USA | B156: 899450.69 | C156: 899790 | D156: 900472 | E156: 901153.06 | F156: 901661.5 | G156: 902075.5 | H156: 902447.56 | I156: 902767.25 | J156: 903032.31 | K156: 903271.94 | L156: 903489.5 | M156: 903695.81 | N156: 903897.88 | O156: 904094.5 | P156: 904291.31 | Q156: 904489.5 | R156: 904704.5 | S156: 904925.88 | T156: 905159.19 | U156: 905399 | V156: 905633.12 | W156: 905882.31 | X156: 906146.94 | Y156: 906427 | Z156: 906724.12 | AA156: 907015.62 | AB156: 907301.56 | AC156: 907584.44 | AD156: 907863.69 | AE156: 908140.38 | AF156: 908413 | AG156: 908682.62 | AH156: 908946.31 | AI156: 909205.62 | AJ156: 909462.81 | AK156: 909714.19 | AL156: 909961.94 | AM156: 910203.5 | AN156: 910442.5 | AO156: 910674 | AP156: 910899.88
A157: Albuquerque - NM USA | B157: 927061.56 | C157: 927791.38 | D157: 928508.75 | E157: 929187 | F157: 929821.88 | G157: 930435.12 | H157: 930956.44 | I157: 931452.88 | J157: 931915.75 | K157: 932365.81 | L157: 932784.94 | M157: 933195.31 | N157: 933608.19 | O157: 934020.62 | P157: 934412.75 | Q157: 934810.94 | R157: 935221.62 | S157: 935638.44 | T157: 936039.94 | U157: 936445.12 | V157: 936844.62 | W157: 937257 | X157: 937702.25 | Y157: 938169.12 | Z157: 938660.12 | AA157: 939149.75 | AB157: 939640.62 | AC157: 940134.5 | AD157: 940632 | AE157: 941134 | AF157: 941637.81 | AG157: 942142.38 | AH157: 942649.19 | AI157: 943160.5 | AJ157: 943674.06 | AK157: 944190.62 | AL157: 944709.88 | AM157: 945232.12 | AN157: 945754.88 | AO157: 946278.06 | AP157: 946804.88
A158: Anchorage - AK USA | B158: 403727.38 | C158: 404214.28 | D158: 404671 | E158: 405318.38 | F158: 405954.09 | G158: 406579.41 | H158: 407188.81 | I158: 407787.5 | J158: 408364.28 | K158: 408933.41 | L158: 409487.69 | M158: 410037.91 | N158: 410588.5 | O158: 411140 | P158: 411667.38 | Q158: 412199.09 | R158: 412742.62 | S158: 413293.5 | T158: 413816.91 | U158: 414347.59 | V158: 414877.69 | W158: 415418.62 | X158: 415925.69 | Y158: 416442.09 | Z158: 416969.41 | AA158: 417493.28 | AB158: 418013.09 | AC158: 418532 | AD158: 419051.5 | AE158: 419569.31 | AF158: 420083.09 | AG158: 420595.62 | AH158: 421107.69 | AI158: 421618.91 | AJ158: 422131.09 | AK158: 422642.31 | AL158: 423152.41 | AM158: 423661 | AN158: 424166.41 | AO158: 424669.91 | AP158: 425171.69
A159: Asheville - NC USA | B159: 488640.09 | C159: 489639.91 | D159: 490558.91 | E159: 491491.69 | F159: 492432.19 | G159: 493367.5 | H159: 494295 | I159: 495215.09 | J159: 496124.5 | K159: 497030.41 | L159: 497939.59 | M159: 498848 | N159: 499756.72 | O159: 500665.81 | P159: 501580.41 | Q159: 502497.19 | R159: 503420 | S159: 504346 | T159: 505245 | U159: 506147 | V159: 507046.28 | W159: 507950.91 | X159: 508863.81 | Y159: 509781.81 | Z159: 510702.5 | AA159: 511619 | AB159: 512534 | AC159: 513445.97 | AD159: 514356.09 | AE159: 515263.91 | AF159: 516168.81 | AG159: 517070.81 | AH159: 517969.47 | AI159: 518865.28 | AJ159: 519756.72 | AK159: 520645.19 | AL159: 521530.22 | AM159: 522411.62 | AN159: 523287.78 | AO159: 524160.22 | AP159: 525028
A160: Atlanta - GA USA | B160: 6434363 | C160: 6452713 | D160: 6470104 | E160: 6487418 | F160: 6504731 | G160: 6522140 | H160: 6539439 | I160: 6556591 | J160: 6573398 | K160: 6590112 | L160: 6606844 | M160: 6623605 | N160: 6640451 | O160: 6657360 | P160: 6674448 | Q160: 6691687 | R160: 6709208 | S160: 6726885 | T160: 6744819 | U160: 6762924 | V160: 6781070 | W160: 6799417 | X160: 6818094 | Y160: 6837019 | Z160: 6856203 | AA160: 6875313 | AB160: 6894475 | AC160: 6913622 | AD160: 6932781 | AE160: 6951913 | AF160: 6971105 | AG160: 6990285 | AH160: 7009460 | AI160: 7028600 | AJ160: 7047796 | AK160: 7066987 | AL160: 7086164 | AM160: 7105290 | AN160: 7124466 | AO160: 7143620 | AP160: 7162749
A161: Augusta - GA USA | B161: 632583.81 | C161: 633224.94 | D161: 633925.75 | E161: 634630.38 | F161: 635339.62 | G161: 636148.94 | H161: 636943 | I161: 637728.06 | J161: 638500.5 | K161: 639269.88 | L161: 640026.69 | M161: 640783.31 | N161: 641539.5 | O161: 642296.06 | P161: 643045 | Q161: 643794.31 | R161: 644548.69 | S161: 645306.19 | T161: 646071.31 | U161: 646838.19 | V161: 647602.19 | W161: 648371.19 | X161: 649145.88 | Y161: 649924.62 | Z161: 650704.25 | AA161: 651477.12 | AB161: 652244.88 | AC161: 653006.69 | AD161: 653763.5 | AE161: 654515.62 | AF161: 655260.94 | AG161: 655999.31 | AH161: 656730.31 | AI161: 657455.62 | AJ161: 658174.06 | AK161: 658885.94 | AL161: 659590.19 | AM161: 660286.94 | AN161: 660975.25 | AO161: 661655.56 | AP161: 662326.81
A162: Austin - TX USA | B162: 2557131 | C162: 2568898 | D162: 2580688 | E162: 2592623 | F162: 2604723 | G162: 2616896 | H162: 2629130 | I162: 2641501 | J162: 2653824 | K162: 2666141 | L162: 2678503 | M162: 2690879 | N162: 2703291 | O162: 2715701 | P162: 2728201 | Q162: 2740821 | R162: 2753631 | S162: 2766483 | T162: 2779426 | U162: 2792516 | V162: 2805688 | W162: 2818928 | X162: 2832236 | Y162: 2845753 | Z162: 2859403 | AA162: 2873046 | AB162: 2886681 | AC162: 2900328 | AD162: 2914006 | AE162: 2927699 | AF162: 2941409 | AG162: 2955124 | AH162: 2968865 | AI162: 2982624 | AJ162: 2996384 | AK162: 3010159 | AL162: 3023958 | AM162: 3037761 | AN162: 3051552 | AO162: 3065349 | AP162: 3079152
A163: Bakersfield - CA USA | B163: 914035.19 | C163: 914891 | D163: 915989 | E163: 917115.75 | F163: 918267.5 | G163: 919491.06 | H163: 920730.31 | I163: 921935.12 | J163: 923102.44 | K163: 924285.69 | L163: 925463.06 | M163: 926646 | N163: 927837.5 | O163: 929039.62 | P163: 930246.81 | Q163: 931471.19 | R163: 932718.19 | S163: 933980.56 | T163: 935264.88 | U163: 936561.38 | V163: 937863.25 | W163: 939182.62 | X163: 940523.31 | Y163: 941878.44 | Z163: 943250.44 | AA163: 944611.88 | AB163: 945976.06 | AC163: 947338.5 | AD163: 948693.19 | AE163: 950046.31 | AF163: 951397.88 | AG163: 952742.94 | AH163: 954086.12 | AI163: 955425.5 | AJ163: 956762.5 | AK163: 958094.12 | AL163: 959423.5 | AM163: 960746.38 | AN163: 962065.44 | AO163: 963375.5 | AP163: 964680.75
A164: Baltimore - MD USA | B164: 2849658 | C164: 2851788 | D164: 2853997 | E164: 2856207 | F164: 2858414 | G164: 2860665 | H164: 2862765 | I164: 2864761 | J164: 2866575 | K164: 2868314 | L164: 2869981 | M164: 2871607 | N164: 2873230 | O164: 2874854 | P164: 2876489 | Q164: 2878153 | R164: 2879903 | S164: 2881702 | T164: 2883597 | U164: 2885538 | V164: 2887476 | W164: 2889494 | X164: 2891584 | Y164: 2893785 | Z164: 2896108 | AA164: 2898437 | AB164: 2900711 | AC164: 2902999 | AD164: 2905311 | AE164: 2907637 | AF164: 2909947 | AG164: 2912270 | AH164: 2914610 | AI164: 2916962 | AJ164: 2919269 | AK164: 2921591 | AL164: 2923921 | AM164: 2926263 | AN164: 2928557 | AO164: 2930852 | AP164: 2933160
A165: Baton Rouge - LA USA | B165: 859301.69 | C165: 860027.75 | D165: 860701.88 | E165: 861352 | F165: 861978.25 | G165: 862580.62 | H165: 863147.19 | I165: 863693.12 | J165: 864197.06 | K165: 864685.44 | L165: 865145 | M165: 865595.06 | N165: 866046.38 | O165: 866497.06 | P165: 866936 | Q165: 867380.94 | R165: 867845.56 | S165: 868321.25 | T165: 868825.94 | U165: 869341.5 | V165: 869853.25 | W165: 870383 | X165: 870930.5 | Y165: 871502.62 | Z165: 872096.19 | AA165: 872690.31 | AB165: 873285.69 | AC165: 873880.38 | AD165: 874478.5 | AE165: 875079.12 | AF165: 875679.88 | AG165: 876281.69 | AH165: 876883.12 | AI165: 877486.81 | AJ165: 878092.31 | AK165: 878699.12 | AL165: 879306.5 | AM165: 879915.56 | AN165: 880524.75 | AO165: 881132.62 | AP165: 881740.62
A166: Beaumont - TX USA | B166: 409860.81 | C166: 409644.72 | D166: 409248.41 | E166: 408897 | F166: 408582.88 | G166: 408231.41 | H166: 407889.59 | I166: 407558 | J166: 407217 | K166: 406873.91 | L166: 406535.62 | M166: 406193.22 | N166: 405847.59 | O166: 405500.5 | P166: 405163.09 | Q166: 404824.81 | R166: 404491.41 | S166: 404158.81 | T166: 403834.19 | U166: 403510.72 | V166: 403183.28 | W166: 402859.31 | X166: 402539.41 | Y166: 402244 | Z166: 401960.91 | AA166: 401679.19 | AB166: 401401.88 | AC166: 401129.59 | AD166: 400864.59 | AE166: 400604.5 | AF166: 400350 | AG166: 400099.5 | AH166: 399854.62 | AI166: 399615.38 | AJ166: 399380 | AK166: 399149.09 | AL166: 398923.19 | AM166: 398701.5 | AN166: 398481.41 | AO166: 398264.72 | AP166: 398051.69
... A304: Youngstown - OH USA | B304: 528958.69 | C304: 528390.38 | D304: 527887.06 | E304: 527367.62 | F304: 526841.94 | G304: 526350.38 | H304: 525856 | I304: 525361.56 | J304: 524865.81 | K304: 524373.12 | L304: 523882.5 | M304: 523395.88 | N304: 522913.5 | O304: 522435.31 | P304: 521957.41 | Q304: 521483.53 | R304: 521015.06 | S304: 520551.09 | T304: 520093.19 | U304: 519638.69 | V304: 519183.72 | W304: 518733.59 | X304: 518287.41 | Y304: 517849.62 | Z304: 517417.78 | AA304: 516987.66 | AB304: 516562.5 | AC304: 516140.94 | AD304: 515722.22 | AE304: 515308.09 | AF304: 514895.5 | AG304: 514486.5 | AH304: 514079.91 | AI304: 513676.5 | AJ304: 513275.5 | AK304: 512878.12 | AL304: 512482.72 | AM304: 512089.72 | AN304: 511700.09 | AO304: 511312.5 | AP304: 510926.41
A307: Geography Name | B307: 2025 Q2 EST | C307: 2025 Q3 | D307: 2025 Q4 | E307: 2026 Q1 | F307: 2026 Q2 | G307: 2026 Q3 | H307: 2026 Q4 | I307: 2027 Q1 | J307: 2027 Q2 | K307: 2027 Q3 | L307: 2027 Q4 | M307: 2028 Q1 | N307: 2028 Q2 | O307: 2028 Q3 | P307: 2028 Q4 | Q307: 2029 Q1 | R307: 2029 Q2 | S307: 2029 Q3 | T307: 2029 Q4 | U307: 2030 Q1 | V307: 2030 Q2 | W307: 2030 Q3 | X307: 2030 Q4 | Y307: 2031 Q1 | Z307: 2031 Q2 | AA307: 2031 Q3 | AB307: 2031 Q4 | AC307: 2032 Q1 | AD307: 2032 Q2 | AE307: 2032 Q3 | AF307: 2032 Q4 | AG307: 2033 Q1 | AH307: 2033 Q2 | AI307: 2033 Q3 | AJ307: 2033 Q4 | AK307: 2034 Q1 | AL307: 2034 Q2 | AM307: 2034 Q3 | AN307: 2034 Q4 | AO307: 2035 Q1 | AP307: 2035 Q2
A308: Akron - OH USA | B308: =B2/B155 -> 0.054619633 | C308: =C2/C155 -> 0.054629411 | D308: =D2/D155 -> 0.054641185 | E308: =E2/E155 -> 0.054656258 | F308: =F2/F155 -> 0.054671892 | G308: =G2/G155 -> 0.0546894 | H308: =H2/H155 -> 0.054793193 | I308: =I2/I155 -> 0.054840934 | ... AP308: =AP2/AP155 -> 0.057446345
A309: Albany - NY USA | B309: =B3/B156 -> 0.065536667 | C309: =C3/C156 -> 0.06550973 | D309: =D3/D156 -> 0.065616699 | E309: =E3/E156 -> 0.065563779 | F309: =F3/F156 -> 0.065600006 | G309: =G3/G156 -> 0.065644173 | H309: =H3/H156 -> 0.065686919 | I309: =I3/I156 -> 0.065828706 | ... AP309: =AP3/AP156 -> 0.071423876
A310: Albuquerque - NM USA | B310: =B4/B157 -> 0.060887003 | C310: =C4/C157 -> 0.061345688 | D310: =D4/D157 -> 0.061296137 | E310: =E4/E157 -> 0.061606544 | F310: =F4/F157 -> 0.061912934 | G310: =G4/G157 -> 0.061868902 | H310: =H4/H157 -> 0.061978195 | I310: =I4/I157 -> 0.062238253 | ... AP310: =AP4/AP157 -> 0.067244056
A311: Anchorage - AK USA | B311: =B5/B158 -> 0.032375808 | C311: =C5/C158 -> 0.032334335 | D311: =D5/D158 -> 0.032297842 | E311: =E5/E158 -> 0.032243789 | F311: =F5/F158 -> 0.032190832 | G311: =G5/G158 -> 0.032138863 | H311: =H5/H158 -> 0.032090764 | I311: =I5/I158 -> 0.032041198 | ... AP311: =AP5/AP158 -> 0.030945146
A312: Asheville - NC USA | B312: =B6/B159 -> 0.046901595 | C312: =C6/C159 -> 0.048084316 | D312: =D6/D159 -> 0.048601707 | E312: =E6/E159 -> 0.049384355 | F312: =F6/F159 -> 0.049724613 | G312: =G6/G159 -> 0.050003294 | H312: =H6/H159 -> 0.050170445 | I312: =I6/I159 -> 0.050868805 | ... AP312: =AP6/AP159 -> 0.058598779
A313: Atlanta - GA USA | B313: =B7/B160 -> 0.08389393 | C313: =C7/C160 -> 0.084059217 | D313: =D7/D160 -> 0.084109776 | E313: =E7/E160 -> 0.084190814 | F313: =F7/F160 -> 0.084255598 | G313: =G7/G160 -> 0.084272187 | H313: =H7/H160 -> 0.084321453 | I313: =I7/I160 -> 0.084219071 | ... AP313: =AP7/AP160 -> 0.08637061
A314: Augusta - GA USA | B314: =B8/B161 -> 0.049776803 | C314: =C8/C161 -> 0.049724826 | D314: =D8/D161 -> 0.049668277 | E314: =E8/E161 -> 0.050101604 | F314: =F8/F161 -> 0.050042526 | G314: =G8/G161 -> 0.049974146 | H314: =H8/H161 -> 0.049947955 | I314: =I8/I161 -> 0.049952326 | ... AP314: =AP8/AP161 -> 0.052949691
A315: Austin - TX USA | B315: =B9/B162 -> 0.12728875 | C315: =C9/C162 -> 0.12771235 | D315: =D9/D162 -> 0.12798525 | E315: =E9/E162 -> 0.12816133 | F315: =F9/F162 -> 0.12831115 | G315: =G9/G162 -> 0.12840824 | H315: =H9/H162 -> 0.12857181 | I315: =I9/I162 -> 0.12878549 | ... AP315: =AP9/AP162 -> 0.13690588
A316: Bakersfield - CA USA | B316: =B10/B163 -> 0.028642223 | C316: =C10/C163 -> 0.028614338 | D316: =D10/D163 -> 0.028827857 | E316: =E10/E163 -> 0.028791349 | F316: =F10/F163 -> 0.028753059 | G316: =G10/G163 -> 0.028761563 | H316: =H10/H163 -> 0.028720679 | I316: =I10/I163 -> 0.028731957 | ... AP316: =AP10/AP163 -> 0.028582513
A317: Baltimore - MD USA | B317: =B11/B164 -> 0.075607669 | C317: =C11/C164 -> 0.075617472 | D317: =D11/D164 -> 0.075699449 | E317: =E11/E164 -> 0.075800879 | F317: =F11/F164 -> 0.075887188 | G317: =G11/G164 -> 0.075902631 | H317: =H11/H164 -> 0.075943013 | I317: =I11/I164 -> 0.076132704 | ... AP317: =AP11/AP164 -> 0.081106043
A318: Baton Rouge - LA USA | B318: =B12/B165 -> 0.051786236 | C318: =C12/C165 -> 0.051741354 | D318: =D12/D165 -> 0.0518844 | E318: =E12/E165 -> 0.051840595 | F318: =F12/F165 -> 0.052193892 | G318: =G12/G165 -> 0.052152806 | H318: =H12/H165 -> 0.052263392 | I318: =I12/I165 -> 0.052284774 | ... AP318: =AP12/AP165 -> 0.055385902
A319: Beaumont - TX USA | B319: =B13/B166 -> 0.045488613 | C319: =C13/C166 -> 0.045510168 | D319: =D13/D166 -> 0.045551796 | E319: =E13/E166 -> 0.045590943 | F319: =F13/F166 -> 0.045623547 | G319: =G13/G166 -> 0.045660377 | H319: =H13/H166 -> 0.045701092 | I319: =I13/I166 -> 0.04574809 | ... AP319: =AP13/AP166 -> 0.047855594
... A457: Youngstown - OH USA | B457: =B151/B304 -> 0.034040466 | C457: =C151/C304 -> 0.034075185 | D457: =D151/D304 -> 0.03410578 | E457: =E151/E304 -> 0.034137477 | F457: =F151/F304 -> 0.034167743 | G457: =G151/G304 -> 0.034197753 | H457: =H151/H304 -> 0.034228002 | I457: =I151/I304 -> 0.034258311 | ... AP457: =AP151/AP304 -> 0.035142047
A459: Rank | B459: 2025 Q2 EST | C459: 2025 Q3 | D459: 2025 Q4 | E459: 2026 Q1 | F459: 2026 Q2 | G459: 2026 Q3 | H459: 2026 Q4 | I459: 2027 Q1 | J459: 2027 Q2 | K459: 2027 Q3 | L459: 2027 Q4 | M459: 2028 Q1 | N459: 2028 Q2 | O459: 2028 Q3 | P459: 2028 Q4 | Q459: 2029 Q1 | R459: 2029 Q2 | S459: 2029 Q3 | T459: 2029 Q4 | U459: 2030 Q1 | V459: 2030 Q2 | W459: 2030 Q3 | X459: 2030 Q4 | Y459: 2031 Q1 | Z459: 2031 Q2 | AA459: 2031 Q3 | AB459: 2031 Q4 | AC459: 2032 Q1 | AD459: 2032 Q2 | AE459: 2032 Q3 | AF459: 2032 Q4 | AG459: 2033 Q1 | AH459: 2033 Q2 | AI459: 2033 Q3 | AJ459: 2033 Q4 | AK459: 2034 Q1 | AL459: 2034 Q2 | AM459: 2034 Q3 | AN459: 2034 Q4 | AO459: 2035 Q1 | AP459: 2035 Q2
A460: Akron - OH USA | B460: =B308/$B308 -> 1 | C460: =C308/$B308 -> 1.000179 | D460: =D308/$B308 -> 1.0003946 | E460: =E308/$B308 -> 1.0006705 | F460: =F308/$B308 -> 1.0009568 | G460: =G308/$B308 -> 1.0012773 | H460: =H308/$B308 -> 1.0031776 | I460: =I308/$B308 -> 1.0040517 | ... AP460: =AP308/$B308 -> 1.0517527
A461: Albany - NY USA | B461: =B309/$B309 -> 1 | C461: =C309/$B309 -> 0.99958898 | D461: =D309/$B309 -> 1.0012212 | E461: =E309/$B309 -> 1.0004137 | F461: =F309/$B309 -> 1.0009665 | G461: =G309/$B309 -> 1.0016404 | H461: =H309/$B309 -> 1.0022926 | I461: =I309/$B309 -> 1.0044561 | ... AP461: =AP309/$B309 -> 1.0898308
A462: Albuquerque - NM USA | B462: =B310/$B310 -> 1 | C462: =C310/$B310 -> 1.0075334 | D462: =D310/$B310 -> 1.0067196 | E462: =E310/$B310 -> 1.0118177 | F462: =F310/$B310 -> 1.0168497 | G462: =G310/$B310 -> 1.0161266 | H462: =H310/$B310 -> 1.0179216 | I462: =I310/$B310 -> 1.0221928 | ... AP462: =AP310/$B310 -> 1.1044074
A463: Anchorage - AK USA | B463: =B311/$B311 -> 1 | C463: =C311/$B311 -> 0.99871901 | D463: =D311/$B311 -> 0.99759184 | E463: =E311/$B311 -> 0.99592228 | F463: =F311/$B311 -> 0.99428659 | G463: =G311/$B311 -> 0.99268143 | H463: =H311/$B311 -> 0.99119576 | I463: =I311/$B311 -> 0.98966481 | ... AP463: =AP311/$B311 -> 0.95581077
A464: Asheville - NC USA | B464: =B312/$B312 -> 1 | C464: =C312/$B312 -> 1.0252171 | D464: =D312/$B312 -> 1.0362485 | E464: =E312/$B312 -> 1.0529355 | F464: =F312/$B312 -> 1.0601902 | G464: =G312/$B312 -> 1.066132 | H464: =H312/$B312 -> 1.0696959 | I464: =I312/$B312 -> 1.0845858 | ... AP464: =AP312/$B312 -> 1.2493984
A465: Atlanta - GA USA | B465: =B313/$B313 -> 1 | C465: =C313/$B313 -> 1.0019702 | D465: =D313/$B313 -> 1.0025728 | E465: =E313/$B313 -> 1.0035388 | F465: =F313/$B313 -> 1.004311 | G465: =G313/$B313 -> 1.0045087 | H465: =H313/$B313 -> 1.005096 | I465: =I313/$B313 -> 1.0038756 | ... AP465: =AP313/$B313 -> 1.0295216
A466: Augusta - GA USA | B466: =B314/$B314 -> 1 | C466: =C314/$B314 -> 0.9989558 | D466: =D314/$B314 -> 0.99781975 | E466: =E314/$B314 -> 1.0065252 | F466: =F314/$B314 -> 1.0053383 | G466: =G314/$B314 -> 1.0039646 | H466: =H314/$B314 -> 1.0034384 | I466: =I314/$B314 -> 1.0035262 | ... AP466: =AP314/$B314 -> 1.0637423
A467: Austin - TX USA | B467: =B315/$B315 -> 1 | C467: =C315/$B315 -> 1.0033279 | D467: =D315/$B315 -> 1.0054718 | E467: =E315/$B315 -> 1.0068551 | F467: =F315/$B315 -> 1.0080321 | G467: =G315/$B315 -> 1.0087949 | H467: =H315/$B315 -> 1.0100799 | I467: =I315/$B315 -> 1.0117586 | ... AP467: =AP315/$B315 -> 1.0755536
A468: Bakersfield - CA USA | B468: =B316/$B316 -> 1 | C468: =C316/$B316 -> 0.99902641 | D468: =D316/$B316 -> 1.0064811 | E468: =E316/$B316 -> 1.0052065 | F468: =F316/$B316 -> 1.0038697 | G468: =G316/$B316 -> 1.0041666 | H468: =H316/$B316 -> 1.0027392 | I468: =I316/$B316 -> 1.0031329 | ... AP468: =AP316/$B316 -> 0.9979153
A469: Baltimore - MD USA | B469: =B317/$B317 -> 1 | C469: =C317/$B317 -> 1.0001297 | D469: =D317/$B317 -> 1.0012139 | E469: =E317/$B317 -> 1.0025554 | F469: =F317/$B317 -> 1.003697 | G469: =G317/$B317 -> 1.0039012 | H469: =H317/$B317 -> 1.0044353 | I469: =I317/$B317 -> 1.0069442 | ... AP469: =AP317/$B317 -> 1.0727224
A470: Baton Rouge - LA USA | B470: =B318/$B318 -> 1 | C470: =C318/$B318 -> 0.99913332 | D470: =D318/$B318 -> 1.0018956 | E470: =E318/$B318 -> 1.0010497 | F470: =F318/$B318 -> 1.0078719 | G470: =G318/$B318 -> 1.0070785 | H470: =H318/$B318 -> 1.009214 | I470: =I318/$B318 -> 1.0096268 | ... AP470: =AP318/$B318 -> 1.0695101
A471: Beaumont - TX USA | B471: =B319/$B319 -> 1 | C471: =C319/$B319 -> 1.0004739 | D471: =D319/$B319 -> 1.001389 | E471: =E319/$B319 -> 1.0022496 | F471: =F319/$B319 -> 1.0029663 | G471: =G319/$B319 -> 1.003776 | H471: =H319/$B319 -> 1.004671 | I471: =I319/$B319 -> 1.0057042 | ... AP471: =AP319/$B319 -> 1.0520346
... A609: Youngstown - OH USA | B609: =B457/$B457 -> 1 | C609: =C457/$B457 -> 1.00102 | D609: =D457/$B457 -> 1.0019187 | E609: =E457/$B457 -> 1.0028499 | F609: =F457/$B457 -> 1.003739 | G609: =G457/$B457 -> 1.0046206 | H609: =H457/$B457 -> 1.0055092 | I609: =I457/$B457 -> 1.0063996 | ... AP609: =AP457/$B457 -> 1.032361
A612: UPP Rank 5 | B612: 5 Yr UPP | C612: 5 Yr UPP Rank | E612: 10 Yr UPP | F612: 10 Yr. UPP Rank | K612: UPP Rank 5 | L612: 5 Yr UPP | M612: 5 Yr UPP Rank | O612: UPP Rank 10 | P612: 10 Yr UPP | Q612: 10 Yr UPP Rank
A613: Akron - OH USA | B613: =V460 -> 1.022424 | C613: =RANK(B613,B$613:B$762,1) -> 45 | E613: =AP460 -> 1.0517527 | F613: =RANK(E613,E$613:E$762,1) -> 40 | K613: Anchorage - AK USA | L613: 0.97483618 | M613: 1 | O613: Anchorage - AK USA | P613: 0.95581077 | Q613: 1
A614: Albany - NY USA | B614: =V461 -> 1.0394901 | C614: =RANK(B614,B$613:B$762,1) -> 80 | E614: =AP461 -> 1.0898308 | F614: =RANK(E614,E$613:E$762,1) -> 80 | K614: Fresno - CA USA | L614: 0.98257821 | M614: 2 | O614: Fresno - CA USA | P614: 0.96373442 | Q614: 2
A615: Albuquerque - NM USA | B615: =V462 -> 1.0504252 | C615: =RANK(B615,B$613:B$762,1) -> 92 | E615: =AP462 -> 1.1044074 | F615: =RANK(E615,E$613:E$762,1) -> 91 | K615: Modesto - CA USA | L615: 0.98968037 | M615: 3 | O615: Modesto - CA USA | P615: 0.98448395 | Q615: 3
A616: Anchorage - AK USA | B616: =V463 -> 0.97483618 | C616: =RANK(B616,B$613:B$762,1) -> 1 | E616: =AP463 -> 0.95581077 | F616: =RANK(E616,E$613:E$762,1) -> 1 | K616: Little Rock - AR USA | L616: 0.98990588 | M616: 4 | O616: Stockton - CA USA | P616: 0.98799477 | Q616: 4
A617: Asheville - NC USA | B617: =V464 -> 1.1437988 | C617: =RANK(B617,B$613:B$762,1) -> 146 | E617: =AP464 -> 1.2493984 | F617: =RANK(E617,E$613:E$762,1) -> 141 | K617: Lexington - KY USA | L617: 0.99007042 | M617: 5 | O617: Little Rock - AR USA | P617: 0.9923782 | Q617: 5
A618: Atlanta - GA USA | B618: =V465 -> 1.0136202 | C618: =RANK(B618,B$613:B$762,1) -> 31 | E618: =AP465 -> 1.0295216 | F618: =RANK(E618,E$613:E$762,1) -> 27 | K618: Tallahassee - FL USA | L618: 0.99254601 | M618: 6 | O618: Montgomery - AL USA | P618: 0.99250414 | Q618: 6
A619: Augusta - GA USA | B619: =V466 -> 1.0241173 | C619: =RANK(B619,B$613:B$762,1) -> 49 | E619: =AP466 -> 1.0637423 | F619: =RANK(E619,E$613:E$762,1) -> 54 | K619: Las Vegas - NV USA | L619: 0.99341079 | M619: 7 | O619: Tallahassee - FL USA | P619: 0.99504733 | Q619: 7
A620: Austin - TX USA | B620: =V467 -> 1.0358564 | C620: =RANK(B620,B$613:B$762,1) -> 72 | E620: =AP467 -> 1.0755536 | F620: =RANK(E620,E$613:E$762,1) -> 68 | K620: Mobile - AL USA | L620: 0.99386027 | M620: 8 | O620: Lexington - KY USA | P620: 0.9954824 | Q620: 8
A621: Bakersfield - CA USA | B621: =V468 -> 0.9991256 | C621: =RANK(B621,B$613:B$762,1) -> 14 | E621: =AP468 -> 0.9979153 | F621: =RANK(E621,E$613:E$762,1) -> 13 | K621: Stockton - CA USA | L621: 0.99390283 | M621: 9 | O621: Inland Empire - CA USA | P621: 0.99610784 | Q621: 9
A622: Baltimore - MD USA | B622: =V469 -> 1.0306514 | C622: =RANK(B622,B$613:B$762,1) -> 61 | E622: =AP469 -> 1.0727224 | F622: =RANK(E622,E$613:E$762,1) -> 65 | K622: Houston - TX USA | L622: 0.99397831 | M622: 10 | O622: Lansing - MI USA | P622: 0.99648436 | Q622: 10
A623: Baton Rouge - LA USA | B623: =V470 -> 1.0318688 | C623: =RANK(B623,B$613:B$762,1) -> 63 | E623: =AP470 -> 1.0695101 | F623: =RANK(E623,E$613:E$762,1) -> 63 | K623: Sacramento - CA USA | L623: 0.99598927 | M623: 11 | O623: Mobile - AL USA | P623: 0.99697932 | Q623: 11
A624: Beaumont - TX USA | B624: =V471 -> 1.0240865 | C624: =RANK(B624,B$613:B$762,1) -> 48 | E624: =AP471 -> 1.0520346 | F624: =RANK(E624,E$613:E$762,1) -> 42 | K624: Montgomery - AL USA | L624: 0.99769429 | M624: 12 | O624: Salinas - CA USA | P624: 0.99784886 | Q624: 12
... A762: Youngstown - OH USA | B762: =V609 -> 1.017413 | C762: =RANK(B762,B$613:B$762,1) -> 37 | E762: =AP609 -> 1.032361 | F762: =RANK(E762,E$613:E$762,1) -> 28 | K762: Fort Myers - FL USA | L762: 1.1999301 | M762: 150 | O762: Ocala - FL USA | P762: 1.3607847 | Q762: 150

Sheet Income Growth
A1: Geography Name | B1: 2025 Q2 EST | C1: 2025 Q3 | D1: 2025 Q4 | E1: 2026 Q1 | F1: 2026 Q2 | G1: 2026 Q3 | H1: 2026 Q4 | I1: 2027 Q1 | J1: 2027 Q2 | K1: 2027 Q3 | L1: 2027 Q4 | M1: 2028 Q1 | N1: 2028 Q2 | O1: 2028 Q3 | P1: 2028 Q4 | Q1: 2029 Q1 | R1: 2029 Q2 | S1: 2029 Q3 | T1: 2029 Q4 | U1: 2030 Q1 | V1: 2030 Q2 | W1: 2030 Q3 | X1: 2030 Q4 | Y1: 2031 Q1 | Z1: 2031 Q2 | AA1: 2031 Q3 | AB1: 2031 Q4 | AC1: 2032 Q1 | AD1: 2032 Q2 | AE1: 2032 Q3 | AF1: 2032 Q4 | AG1: 2033 Q1 | AH1: 2033 Q2 | AI1: 2033 Q3 | AJ1: 2033 Q4 | AK1: 2034 Q1 | AL1: 2034 Q2 | AM1: 2034 Q3 | AN1: 2034 Q4 | AO1: 2035 Q1 | AP1: 2035 Q2
