Workbook

Sheet Summary Sheet
B1: Asking Rent | F1: Effective Rent | J1: Employment | P1: Supply | U1: Units Per Person | X1: Income | AB1: Population | AH1: Sale Price | AQ1: Check: | AU1: PASTE HERE: | AY1: 2025 Analysis
A2: Weighting | H2: 0.2 | K2: 0.1 | N2: 0.1 | V2: 0.2 | AC2: 0.1 | AF2: 0.1 | AN2: 0.2 | AQ2: =SUM(B2:AP2) -> 1
A3: Market | B3: Forward 1 | C3: Forward 3 | D3: Forward 5 | E3: Forward 10 | F3: Forward 1 | G3: Forward 3 | H3: Forward 5 | I3: Forward 10 | J3: 10 Yr. Hist | K3: 5 Yr. Hist | L3: Forward 1 | M3: Forward 3 | N3: Forward 5 | O3: Forward 10 | P3: Historical 5 | Q3: Forward 1 | R3: Forward 3 | S3: Forward 5 | T3: Forward 10 | U3: Historical 10 | V3: Forward 5 | W3: Forward 10 | X3: Forward 1 | Y3: Forward 3 | Z3: Forward 5 | AA3: Forward 10 | AB3: 10 Yr. Hist | AC3: 5 Yr. Hist | AD3: Forward 1 | AE3: Forward 3 | AF3: Forward 5 | AG3: Forward 10 | AH3: Historical 1 | AI3: Historical 3 | AJ3: Historical 5 | AK3: Historical 10 | AL3: Forward 1 | AM3: Forward 3 | AN3: Forward 5 | AO3: Forward 10 | AP3: Simple Average | AQ3: Weighted Average | AT3: Market | AU3: Weighted Avg. | AV3: Rank | AY3: Market | AZ3: Weighted Avg. | BA3: Rank
A4: Akron - OH | B4: ='Asking Rent'!I307 -> 61 | C4: ='Asking Rent'!M307 -> 62 | D4: ='Asking Rent'!Q307 -> 71 | E4: ='Asking Rent'!U307 -> 113 | F4: ='Effective Rent-Forward'!I307 -> 33 | G4: ='Effective Rent-Forward'!N307 -> 79 | H4: ='Effective Rent-Forward'!R307 -> 69 | I4: ='Effective Rent-Forward'!V307 -> 114 | J4: ='Historical Employment'!H458 -> 140 | K4: ='Historical Employment'!D458 -> 134 | L4: ='Forward Employment'!I308 -> 140 | M4: ='Forward Employment'!M308 -> 140 | N4: ='Forward Employment'!Q308 -> 144 | O4: ='Forward Employment'!U308 -> 143 | P4: ='Supply Historical'!C308 -> 25 | Q4: ='Supply Forward'!I307 -> 6 | R4: ='Supply Forward'!M307 -> 9 | S4: ='Supply Forward'!Q307 -> 10 | T4: ='Supply Forward'!U307 -> 18 | U4: ='UPP Historical'!C619 -> 33 | V4: ='Forward UPP'!C613 -> 50 | W4: ='Forward UPP'!F613 | X4: ='Income Growth'!I307 -> 123 | Y4: ='Income Growth'!M307 -> 87 | Z4: ='Income Growth'!Q307 -> 84 | AA4: ='Income Growth'!U307 -> 91 | AB4: ='Historical Population Growth'!I458 -> 129 | AC4: ='Historical Population Growth'!D458 -> 121 | AD4: ='Population Growth Forward'!I307 -> 128 | AE4: ='Population Growth Forward'!M307 -> 134 | AF4: ='Population Growth Forward'!Q307 -> 137 | AG4: ='Population Growth Forward'!U307 -> 142 | AH4: ='Historical Sale Price'!I763 -> 52 | AI4: ='Historical Sale Price'!M763 -> 25 | AJ4: ='Historical Sale Price'!Q763 -> 24 | AK4: ='Historical Sale Price'!U763 -> 99 | AL4: ='Forward Sale Price'!I307 -> 74 | AM4: ='Forward Sale Price'!M307 -> 106 | AN4: ='Forward Sale Price'!Q307 -> 116 | AO4: ='Forward Sale Price'!U307 -> 132 | AP4: =AVERAGE(B4:AO4) -> 87.128205 | AQ4: =SUMPRODUCT(B$2:AO$2,B4:AO4) -> 100.6 | AS4: Akron - OH | AT4: Inland Empire - CA | AU4: 20.2 | AV4: =RANK(AU4,AU$4:AU$153,-1) -> 1 | AY4: Austin - TX | AZ4: 17.8 | BA4: 1
A5: Albany - NY | B5: ='Asking Rent'!I308 -> 31 | C5: ='Asking Rent'!M308 -> 20 | D5: ='Asking Rent'!Q308 -> 23 | E5: ='Asking Rent'!U308 -> 37 | F5: ='Effective Rent-Forward'!I308 -> 23 | G5: ='Effective Rent-Forward'!N308 -> 22 | H5: ='Effective Rent-Forward'!R308 -> 24 | I5: ='Effective Rent-Forward'!V308 -> 34 | J5: ='Historical Employment'!H459 -> 125 | K5: ='Historical Employment'!D459 -> 93 | L5: ='Forward Employment'!I309 -> 113 | M5: ='Forward Employment'!M309 -> 126 | N5: ='Forward Employment'!Q309 -> 127 | O5: ='Forward Employment'!U309 -> 123 | P5: ='Supply Historical'!C309 -> 43 | Q5: ='Supply Forward'!I308 -> 83 | R5: ='Supply Forward'!M308 -> 55 | S5: ='Supply Forward'!Q308 -> 53 | T5: ='Supply Forward'!U308 -> 48 | U5: ='UPP Historical'!C620 -> 83 | V5: ='Forward UPP'!C614 -> 85 | W5: ='Forward UPP'!F614 | X5: ='Income Growth'!I308 -> 40 | Y5: ='Income Growth'!M308 -> 72 | Z5: ='Income Growth'!Q308 -> 75 | AA5: ='Income Growth'!U308 -> 84 | AB5: ='Historical Population Growth'!I459 -> 108 | AC5: ='Historical Population Growth'!D459 -> 112 | AD5: ='Population Growth Forward'!I308 -> 118 | AE5: ='Population Growth Forward'!M308 -> 117 | AF5: ='Population Growth Forward'!Q308 -> 122 | AG5: ='Population Growth Forward'!U308 -> 119 | AH5: ='Historical Sale Price'!I764 -> 41 | AI5: ='Historical Sale Price'!M764 -> 49 | AJ5: ='Historical Sale Price'!Q764 -> 119 | AK5: ='Historical Sale Price'!U764 -> 124 | AL5: ='Forward Sale Price'!I308 -> 52 | AM5: ='Forward Sale Price'!M308 -> 53 | AN5: ='Forward Sale Price'!Q308 -> 55 | AO5: ='Forward Sale Price'!U308 -> 59 | AP5: =AVERAGE(B5:AO5) -> 74.102564 | AQ5: =SUMPRODUCT(B$2:AO$2,B5:AO5) -> 78.2 | AS5: Albany - NY | AT5: Las Vegas - NV | AU5: 22.4 | AV5: =RANK(AU5,AU$4:AU$153,-1) -> 2 | AY5: Inland Empire - CA | AZ5: 19.3 | BA5: 2
A6: Albuquerque - NM | B6: ='Asking Rent'!I309 -> 145 | C6: ='Asking Rent'!M309 -> 139 | D6: ='Asking Rent'!Q309 -> 137 | E6: ='Asking Rent'!U309 -> 133 | F6: ='Effective Rent-Forward'!I309 -> 143 | G6: ='Effective Rent-Forward'!N309 -> 140 | H6: ='Effective Rent-Forward'!R309 -> 137 | I6: ='Effective Rent-Forward'!V309 -> 134 | J6: ='Historical Employment'!H460 -> 68 | K6: ='Historical Employment'!D460 -> 40 | L6: ='Forward Employment'!I310 -> 98 | M6: ='Forward Employment'!M310 -> 104 | N6: ='Forward Employment'!Q310 -> 103 | O6: ='Forward Employment'!U310 -> 108 | P6: ='Supply Historical'!C310 -> 41 | Q6: ='Supply Forward'!I309 -> 31 | R6: ='Supply Forward'!M309 -> 49 | S6: ='Supply Forward'!Q309 -> 49 | T6: ='Supply Forward'!U309 -> 49 | U6: ='UPP Historical'!C621 -> 19 | V6: ='Forward UPP'!C615 -> 69 | W6: ='Forward UPP'!F615 | X6: ='Income Growth'!I309 -> 51 | Y6: ='Income Growth'!M309 -> 63 | Z6: ='Income Growth'!Q309 -> 57 | AA6: ='Income Growth'!U309 -> 40 | AB6: ='Historical Population Growth'!I460 -> 107 | AC6: ='Historical Population Growth'!D460 -> 114 | AD6: ='Population Growth Forward'!I309 -> 95 | AE6: ='Population Growth Forward'!M309 -> 98 | AF6: ='Population Growth Forward'!Q309 -> 103 | AG6: ='Population Growth Forward'!U309 -> 108 | AH6: ='Historical Sale Price'!I765 -> 63 | AI6: ='Historical Sale Price'!M765 -> 76 | AJ6: ='Historical Sale Price'!Q765 -> 41 | AK6: ='Historical Sale Price'!U765 -> 49 | AL6: ='Forward Sale Price'!I309 -> 124 | AM6: ='Forward Sale Price'!M309 -> 138 | AN6: ='Forward Sale Price'!Q309 -> 134 | AO6: ='Forward Sale Price'!U309 -> 123 | AP6: =AVERAGE(B6:AO6) -> 90.25641 | AQ6: =SUMPRODUCT(B$2:AO$2,B6:AO6) -> 104 | AS6: Albuquerque - NM | AT6: Stockton - CA | AU6: 28.4 | AV6: =RANK(AU6,AU$4:AU$153,-1) -> 3 | AY6: Raleigh - NC | AZ6: 24.2 | BA6: 3
A7: Anchorage - AK | B7: ='Asking Rent'!I310 -> 73 | C7: ='Asking Rent'!M310 -> 77 | D7: ='Asking Rent'!Q310 -> 89 | E7: ='Asking Rent'!U310 -> 95 | F7: ='Effective Rent-Forward'!I310 -> 33 | G7: ='Effective Rent-Forward'!N310 -> 69 | H7: ='Effective Rent-Forward'!R310 -> 79 | I7: ='Effective Rent-Forward'!V310 -> 87 | J7: ='Historical Employment'!H461 -> 134 | K7: ='Historical Employment'!D461 -> 87 | L7: ='Forward Employment'!I311 -> 133 | M7: ='Forward Employment'!M311 -> 123 | N7: ='Forward Employment'!Q311 -> 118 | O7: ='Forward Employment'!U311 -> 104 | P7: ='Supply Historical'!C311 -> 3 | Q7: ='Supply Forward'!I310 -> 16 | R7: ='Supply Forward'!M310 -> 2 | S7: ='Supply Forward'!Q310 -> 2 | T7: ='Supply Forward'!U310 -> 2 | U7: ='UPP Historical'!C622 -> 4 | V7: ='Forward UPP'!C616 -> 6 | W7: ='Forward UPP'!F616 | X7: ='Income Growth'!I310 -> 139 | Y7: ='Income Growth'!M310 -> 140 | Z7: ='Income Growth'!Q310 -> 146 | AA7: ='Income Growth'!U310 -> 147 | AB7: ='Historical Population Growth'!I461 -> 114 | AC7: ='Historical Population Growth'!D461 -> 99 | AD7: ='Population Growth Forward'!I310 -> 98 | AE7: ='Population Growth Forward'!M310 -> 95 | AF7: ='Population Growth Forward'!Q310 -> 93 | AG7: ='Population Growth Forward'!U310 -> 65 | AH7: ='Historical Sale Price'!I766 -> 66 | AI7: ='Historical Sale Price'!M766 -> 66 | AJ7: ='Historical Sale Price'!Q766 -> 116 | AK7: ='Historical Sale Price'!U766 -> 146 | AL7: ='Forward Sale Price'!I310 -> 27 | AM7: ='Forward Sale Price'!M310 -> 73 | AN7: ='Forward Sale Price'!Q310 -> 82 | AO7: ='Forward Sale Price'!U310 -> 80 | AP7: =AVERAGE(B7:AO7) -> 80.205128 | AQ7: =SUMPRODUCT(B$2:AO$2,B7:AO7) -> 73.1 | AS7: Anchorage - AK | AT7: Fresno - CA | AU7: 32.6 | AV7: =RANK(AU7,AU$4:AU$153,-1) -> 4 | AY7: San Antonio - TX | AZ7: 28 | BA7: 4
A8: Asheville - NC | B8: ='Asking Rent'!I311 -> 116 | C8: ='Asking Rent'!M311 -> 114 | D8: ='Asking Rent'!Q311 -> 113 | E8: ='Asking Rent'!U311 -> 106 | F8: ='Effective Rent-Forward'!I311 -> 88 | G8: ='Effective Rent-Forward'!N311 -> 113 | H8: ='Effective Rent-Forward'!R311 -> 107 | I8: ='Effective Rent-Forward'!V311 -> 105 | J8: ='Historical Employment'!H462 -> 58 | K8: ='Historical Employment'!D462 -> 86 | L8: ='Forward Employment'!I312 -> 70 | M8: ='Forward Employment'!M312 -> 65 | N8: ='Forward Employment'!Q312 -> 60 | O8: ='Forward Employment'!U312 -> 11 | P8: ='Supply Historical'!C312 -> 137 | Q8: ='Supply Forward'!I311 -> 124 | R8: ='Supply Forward'!M311 -> 149 | S8: ='Supply Forward'!Q311 -> 149 | T8: ='Supply Forward'!U311 -> 150 | U8: ='UPP Historical'!C623 -> 147 | V8: ='Forward UPP'!C617 -> 150 | W8: ='Forward UPP'!F617 | X8: ='Income Growth'!I311 -> 121 | Y8: ='Income Growth'!M311 -> 116 | Z8: ='Income Growth'!Q311 -> 117 | AA8: ='Income Growth'!U311 -> 117 | AB8: ='Historical Population Growth'!I462 -> 50 | AC8: ='Historical Population Growth'!D462 -> 51 | AD8: ='Population Growth Forward'!I311 -> 30 | AE8: ='Population Growth Forward'!M311 -> 40 | AF8: ='Population Growth Forward'!Q311 -> 44 | AG8: ='Population Growth Forward'!U311 -> 48 | AH8: ='Historical Sale Price'!I767 -> 70 | AI8: ='Historical Sale Price'!M767 -> 105 | AJ8: ='Historical Sale Price'!Q767 -> 19 | AK8: ='Historical Sale Price'!U767 -> 13 | AL8: ='Forward Sale Price'!I311 -> 122 | AM8: ='Forward Sale Price'!M311 -> 93 | AN8: ='Forward Sale Price'!Q311 -> 83 | AO8: ='Forward Sale Price'!U311 -> 82 | AP8: =AVERAGE(B8:AO8) -> 90.74359 | AQ8: =SUMPRODUCT(B$2:AO$2,B8:AO8) -> 92.1 | AS8: Asheville - NC | AT8: Sacramento - CA | AU8: 32.8 | AV8: =RANK(AU8,AU$4:AU$153,-1) -> 5 | AY8: Reno - NV | AZ8: 33.2 | BA8: 5
A9: Atlanta - GA | B9: ='Asking Rent'!I312 -> 99 | C9: ='Asking Rent'!M312 -> 120 | D9: ='Asking Rent'!Q312 -> 124 | E9: ='Asking Rent'!U312 -> 101 | F9: ='Effective Rent-Forward'!I312 -> 85 | G9: ='Effective Rent-Forward'!N312 -> 114 | H9: ='Effective Rent-Forward'!R312 -> 123 | I9: ='Effective Rent-Forward'!V312 -> 103 | J9: ='Historical Employment'!H463 -> 37 | K9: ='Historical Employment'!D463 -> 52 | L9: ='Forward Employment'!I313 -> 28 | M9: ='Forward Employment'!M313 -> 27 | N9: ='Forward Employment'!Q313 -> 29 | O9: ='Forward Employment'!U313 -> 51 | P9: ='Supply Historical'!C313 -> 104 | Q9: ='Supply Forward'!I312 -> 96 | R9: ='Supply Forward'!M312 -> 108 | S9: ='Supply Forward'!Q312 -> 107 | T9: ='Supply Forward'!U312 -> 108 | U9: ='UPP Historical'!C624 -> 75 | V9: ='Forward UPP'!C618 -> 66 | W9: ='Forward UPP'!F618 | X9: ='Income Growth'!I312 -> 99 | Y9: ='Income Growth'!M312 -> 106 | Z9: ='Income Growth'!Q312 -> 111 | AA9: ='Income Growth'!U312 -> 121 | AB9: ='Historical Population Growth'!I463 -> 33 | AC9: ='Historical Population Growth'!D463 -> 33 | AD9: ='Population Growth Forward'!I312 -> 21 | AE9: ='Population Growth Forward'!M312 -> 20 | AF9: ='Population Growth Forward'!Q312 -> 20 | AG9: ='Population Growth Forward'!U312 -> 19 | AH9: ='Historical Sale Price'!I768 -> 103 | AI9: ='Historical Sale Price'!M768 -> 123 | AJ9: ='Historical Sale Price'!Q768 -> 99 | AK9: ='Historical Sale Price'!U768 -> 47 | AL9: ='Forward Sale Price'!I312 -> 76 | AM9: ='Forward Sale Price'!M312 -> 87 | AN9: ='Forward Sale Price'!Q312 -> 93 | AO9: ='Forward Sale Price'!U312 -> 51 | AP9: =AVERAGE(B9:AO9) -> 77.410256 | AQ9: =SUMPRODUCT(B$2:AO$2,B9:AO9) -> 69.8 | AS9: Atlanta - GA | AT9: Indianapolis - IN | AU9: 35.6 | AV9: =RANK(AU9,AU$4:AU$153,-1) -> 6 | AY9: Stockton - CA | AZ9: 34.8 | BA9: 6
A10: Augusta - GA | B10: ='Asking Rent'!I313 -> 89 | C10: ='Asking Rent'!M313 -> 96 | D10: ='Asking Rent'!Q313 -> 97 | E10: ='Asking Rent'!U313 -> 93 | F10: ='Effective Rent-Forward'!I313 -> 102 | G10: ='Effective Rent-Forward'!N313 -> 102 | H10: ='Effective Rent-Forward'!R313 -> 93 | I10: ='Effective Rent-Forward'!V313 -> 79 | J10: ='Historical Employment'!H464 -> 93 | K10: ='Historical Employment'!D464 -> 145 | L10: ='Forward Employment'!I314 -> 101 | M10: ='Forward Employment'!M314 -> 97 | N10: ='Forward Employment'!Q314 -> 99 | O10: ='Forward Employment'!U314 -> 111 | P10: ='Supply Historical'!C314 -> 121 | Q10: ='Supply Forward'!I313 -> 99 | R10: ='Supply Forward'!M313 -> 84 | S10: ='Supply Forward'!Q313 -> 90 | T10: ='Supply Forward'!U313 -> 89 | U10: ='UPP Historical'!C625 -> 115 | V10: ='Forward UPP'!C619 -> 84 | W10: ='Forward UPP'!F619 | X10: ='Income Growth'!I313 -> 120 | Y10: ='Income Growth'!M313 -> 139 | Z10: ='Income Growth'!Q313 -> 134 | AA10: ='Income Growth'!U313 -> 115 | AB10: ='Historical Population Growth'!I464 -> 56 | AC10: ='Historical Population Growth'!D464 -> 50 | AD10: ='Population Growth Forward'!I313 -> 55 | AE10: ='Population Growth Forward'!M313 -> 61 | AF10: ='Population Growth Forward'!Q313 -> 64 | AG10: ='Population Growth Forward'!U313 -> 75 | AH10: ='Historical Sale Price'!I769 -> 25 | AI10: ='Historical Sale Price'!M769 -> 29 | AJ10: ='Historical Sale Price'!Q769 -> 72 | AK10: ='Historical Sale Price'!U769 -> 76 | AL10: ='Forward Sale Price'!I313 -> 127 | AM10: ='Forward Sale Price'!M313 -> 122 | AN10: ='Forward Sale Price'!Q313 -> 108 | AO10: ='Forward Sale Price'!U313 -> 105 | AP10: =AVERAGE(B10:AO10) -> 92.615385 | AQ10: =SUMPRODUCT(B$2:AO$2,B10:AO10) -> 92.8 | AS10: Augusta - GA | AT10: Myrtle Beach - SC | AU10: 35.7 | AV10: =RANK(AU10,AU$4:AU$153,-1) -> 7 | AY10: Palm Beach - FL | AZ10: 36.2 | BA10: 7
A11: Austin - TX | B11: ='Asking Rent'!I314 -> 132 | C11: ='Asking Rent'!M314 -> 148 | D11: ='Asking Rent'!Q314 -> 150 | E11: ='Asking Rent'!U314 -> 150 | F11: ='Effective Rent-Forward'!I314 -> 123 | G11: ='Effective Rent-Forward'!N314 -> 148 | H11: ='Effective Rent-Forward'!R314 -> 150 | I11: ='Effective Rent-Forward'!V314 -> 150 | J11: ='Historical Employment'!H465 -> 1 | K11: ='Historical Employment'!D465 -> 3 | L11: ='Forward Employment'!I315 -> 1 | M11: ='Forward Employment'!M315 -> 1 | N11: ='Forward Employment'!Q315 -> 2 | O11: ='Forward Employment'!U315 -> 14 | P11: ='Supply Historical'!C315 -> 139 | Q11: ='Supply Forward'!I314 -> 127 | R11: ='Supply Forward'!M314 -> 132 | S11: ='Supply Forward'!Q314 -> 134 | T11: ='Supply Forward'!U314 -> 134 | U11: ='UPP Historical'!C626 -> 129 | V11: ='Forward UPP'!C620 -> 47 | W11: ='Forward UPP'!F620 | X11: ='Income Growth'!I314 -> 26 | Y11: ='Income Growth'!M314 -> 19 | Z11: ='Income Growth'!Q314 -> 27 | AA11: ='Income Growth'!U314 -> 45 | AB11: ='Historical Population Growth'!I465 -> 3 | AC11: ='Historical Population Growth'!D465 -> 4 | AD11: ='Population Growth Forward'!I314 -> 1 | AE11: ='Population Growth Forward'!M314 -> 1 | AF11: ='Population Growth Forward'!Q314 -> 1 | AG11: ='Population Growth Forward'!U314 -> 1 | AH11: ='Historical Sale Price'!I770 -> 147 | AI11: ='Historical Sale Price'!M770 -> 148 | AJ11: ='Historical Sale Price'!Q770 -> 145 | AK11: ='Historical Sale Price'!U770 -> 126 | AL11: ='Forward Sale Price'!I314 -> 28 | AM11: ='Forward Sale Price'!M314 -> 37 | AN11: ='Forward Sale Price'!Q314 -> 85 | AO11: ='Forward Sale Price'!U314 -> 91 | AP11: =AVERAGE(B11:AO11) -> 75.641026 | AQ11: =SUMPRODUCT(B$2:AO$2,B11:AO11) -> 57.4 | AS11: Austin - TX | AT11: Reno - NV | AU11: 37.5 | AV11: =RANK(AU11,AU$4:AU$153,-1) -> 8 | AY11: Phoenix - AZ | AZ11: 36.3 | BA11: 8
A12: Bakersfield - CA | B12: ='Asking Rent'!I315 -> 19 | C12: ='Asking Rent'!M315 -> 23 | D12: ='Asking Rent'!Q315 -> 20 | E12: ='Asking Rent'!U315 -> 13 | F12: ='Effective Rent-Forward'!I315 -> 19 | G12: ='Effective Rent-Forward'!N315 -> 32 | H12: ='Effective Rent-Forward'!R315 -> 25 | I12: ='Effective Rent-Forward'!V315 -> 17 | J12: ='Historical Employment'!H466 -> 49 | K12: ='Historical Employment'!D466 -> 29 | L12: ='Forward Employment'!I316 -> 50 | M12: ='Forward Employment'!M316 -> 54 | N12: ='Forward Employment'!Q316 -> 51 | O12: ='Forward Employment'!U316 -> 82 | P12: ='Supply Historical'!C316 -> 24 | Q12: ='Supply Forward'!I315 -> 131 | R12: ='Supply Forward'!M315 -> 92 | S12: ='Supply Forward'!Q315 -> 78 | T12: ='Supply Forward'!U315 -> 64 | U12: ='UPP Historical'!C627 -> 24 | V12: ='Forward UPP'!C621 -> 67 | W12: ='Forward UPP'!F621 | X12: ='Income Growth'!I315 -> 17 | Y12: ='Income Growth'!M315 -> 38 | Z12: ='Income Growth'!Q315 -> 38 | AA12: ='Income Growth'!U315 -> 29 | AB12: ='Historical Population Growth'!I466 -> 93 | AC12: ='Historical Population Growth'!D466 -> 110 | AD12: ='Population Growth Forward'!I315 -> 87 | AE12: ='Population Growth Forward'!M315 -> 70 | AF12: ='Population Growth Forward'!Q315 -> 66 | AG12: ='Population Growth Forward'!U315 -> 63 | AH12: ='Historical Sale Price'!I771 -> 111 | AI12: ='Historical Sale Price'!M771 -> 89 | AJ12: ='Historical Sale Price'!Q771 -> 64 | AK12: ='Historical Sale Price'!U771 -> 82 | AL12: ='Forward Sale Price'!I315 -> 26 | AM12: ='Forward Sale Price'!M315 -> 38 | AN12: ='Forward Sale Price'!Q315 -> 36 | AO12: ='Forward Sale Price'!U315 -> 30 | AP12: =AVERAGE(B12:AO12) -> 52.564103 | AQ12: =SUMPRODUCT(B$2:AO$2,B12:AO12) -> 51.2 | AS12: Bakersfield - CA | AT12: Phoenix - AZ | AU12: 37.6 | AV12: =RANK(AU12,AU$4:AU$153,-1) -> 9 | AY12: Tampa - FL | AZ12: 37.3 | BA12: 9
A13: Baltimore - MD | B13: ='Asking Rent'!I316 -> 77 | C13: ='Asking Rent'!M316 -> 78 | D13: ='Asking Rent'!Q316 -> 73 | E13: ='Asking Rent'!U316 -> 69 | F13: ='Effective Rent-Forward'!I316 -> 79 | G13: ='Effective Rent-Forward'!N316 -> 82 | H13: ='Effective Rent-Forward'!R316 -> 62 | I13: ='Effective Rent-Forward'!V316 -> 65 | J13: ='Historical Employment'!H467 -> 108 | K13: ='Historical Employment'!D467 -> 115 | L13: ='Forward Employment'!I317 -> 116 | M13: ='Forward Employment'!M317 -> 113 | N13: ='Forward Employment'!Q317 -> 112 | O13: ='Forward Employment'!U317 -> 138 | P13: ='Supply Historical'!C317 -> 22 | Q13: ='Supply Forward'!I316 -> 53 | R13: ='Supply Forward'!M316 -> 45 | S13: ='Supply Forward'!Q316 -> 52 | T13: ='Supply Forward'!U316 -> 56 | U13: ='UPP Historical'!C628 -> 57 | V13: ='Forward UPP'!C622 -> 73 | W13: ='Forward UPP'!F622 | X13: ='Income Growth'!I316 -> 116 | Y13: ='Income Growth'!M316 -> 125 | Z13: ='Income Growth'!Q316 -> 132 | AA13: ='Income Growth'!U316 -> 135 | AB13: ='Historical Population Growth'!I467 -> 112 | AC13: ='Historical Population Growth'!D467 -> 119 | AD13: ='Population Growth Forward'!I316 -> 106 | AE13: ='Population Growth Forward'!M316 -> 106 | AF13: ='Population Growth Forward'!Q316 -> 104 | AG13: ='Population Growth Forward'!U316 -> 98 | AH13: ='Historical Sale Price'!I772 -> 114 | AI13: ='Historical Sale Price'!M772 -> 120 | AJ13: ='Historical Sale Price'!Q772 -> 109 | AK13: ='Historical Sale Price'!U772 -> 128 | AL13: ='Forward Sale Price'!I316 -> 54 | AM13: ='Forward Sale Price'!M316 -> 61 | AN13: ='Forward Sale Price'!Q316 -> 51 | AO13: ='Forward Sale Price'!U316 -> 58 | AP13: =AVERAGE(B13:AO13) -> 89.564103 | AQ13: =SUMPRODUCT(B$2:AO$2,B13:AO13) -> 82.2 | AS13: Baltimore - MD | AT13: Dallas-Fort Worth - TX | AU13: 40.2 | AV13: =RANK(AU13,AU$4:AU$153,-1) -> 10 | AY13: Charleston - SC | AZ13: 37.5 | BA13: 10
A14: Baton Rouge - LA | B14: ='Asking Rent'!I317 -> 111 | C14: ='Asking Rent'!M317 -> 110 | D14: ='Asking Rent'!Q317 -> 112 | E14: ='Asking Rent'!U317 -> 116 | F14: ='Effective Rent-Forward'!I317 -> 109 | G14: ='Effective Rent-Forward'!N317 -> 120 | H14: ='Effective Rent-Forward'!R317 -> 121 | I14: ='Effective Rent-Forward'!V317 -> 112 | J14: ='Historical Employment'!H468 -> 99 | K14: ='Historical Employment'!D468 -> 82 | L14: ='Forward Employment'!I318 -> 100 | M14: ='Forward Employment'!M318 -> 99 | N14: ='Forward Employment'!Q318 -> 98 | O14: ='Forward Employment'!U318 -> 134 | P14: ='Supply Historical'!C318 -> 59 | Q14: ='Supply Forward'!I317 -> 62 | R14: ='Supply Forward'!M317 -> 41 | S14: ='Supply Forward'!Q317 -> 46 | T14: ='Supply Forward'!U317 -> 52 | U14: ='UPP Historical'!C629 -> 79 | V14: ='Forward UPP'!C623 -> 64 | W14: ='Forward UPP'!F623 | X14: ='Income Growth'!I317 -> 52 | Y14: ='Income Growth'!M317 -> 37 | Z14: ='Income Growth'!Q317 -> 43 | AA14: ='Income Growth'!U317 -> 49 | AB14: ='Historical Population Growth'!I468 -> 100 | AC14: ='Historical Population Growth'!D468 -> 94 | AD14: ='Population Growth Forward'!I317 -> 97 | AE14: ='Population Growth Forward'!M317 -> 100 | AF14: ='Population Growth Forward'!Q317 -> 101 | AG14: ='Population Growth Forward'!U317 -> 102 | AH14: ='Historical Sale Price'!I773 -> 149 | AI14: ='Historical Sale Price'!M773 -> 149 | AJ14: ='Historical Sale Price'!Q773 -> 131 | AK14: ='Historical Sale Price'!U773 -> 138 | AL14: ='Forward Sale Price'!I317 -> 130 | AM14: ='Forward Sale Price'!M317 -> 125 | AN14: ='Forward Sale Price'!Q317 -> 121 | AO14: ='Forward Sale Price'!U317 -> 111 | AP14: =AVERAGE(B14:AO14) -> 96.282051 | AQ14: =SUMPRODUCT(B$2:AO$2,B14:AO14) -> 98.7 | AS14: Baton Rouge - LA | AT14: Salem - OR | AU14: 40.2 | AV14: =RANK(AU14,AU$4:AU$153,-1) -> 10 | AY14: Las Vegas - NV | AZ14: 39 | BA14: 11
A15: Beaumont - TX | B15: ='Asking Rent'!I318 -> 105 | C15: ='Asking Rent'!M318 -> 128 | D15: ='Asking Rent'!Q318 -> 126 | E15: ='Asking Rent'!U318 -> 119 | F15: ='Effective Rent-Forward'!I318 -> 107 | G15: ='Effective Rent-Forward'!N318 -> 123 | H15: ='Effective Rent-Forward'!R318 -> 124 | I15: ='Effective Rent-Forward'!V318 -> 126 | J15: ='Historical Employment'!H469 -> 123 | K15: ='Historical Employment'!D469 -> 27 | L15: ='Forward Employment'!I319 -> 136 | M15: ='Forward Employment'!M319 -> 132 | N15: ='Forward Employment'!Q319 -> 131 | O15: ='Forward Employment'!U319 -> 140 | P15: ='Supply Historical'!C319 -> 37 | Q15: ='Supply Forward'!I318 -> 2 | R15: ='Supply Forward'!M318 -> 8 | S15: ='Supply Forward'!Q318 -> 8 | T15: ='Supply Forward'!U318 -> 9 | U15: ='UPP Historical'!C630 -> 49 | V15: ='Forward UPP'!C624 -> 60 | W15: ='Forward UPP'!F624 | X15: ='Income Growth'!I318 -> 16 | Y15: ='Income Growth'!M318 -> 42 | Z15: ='Income Growth'!Q318 -> 28 | AA15: ='Income Growth'!U318 -> 13 | AB15: ='Historical Population Growth'!I469 -> 124 | AC15: ='Historical Population Growth'!D469 -> 115 | AD15: ='Population Growth Forward'!I318 -> 144 | AE15: ='Population Growth Forward'!M318 -> 146 | AF15: ='Population Growth Forward'!Q318 -> 146 | AG15: ='Population Growth Forward'!U318 -> 148 | AH15: ='Historical Sale Price'!I774 -> 88 | AI15: ='Historical Sale Price'!M774 -> 91 | AJ15: ='Historical Sale Price'!Q774 -> 142 | AK15: ='Historical Sale Price'!U774 -> 137 | AL15: ='Forward Sale Price'!I318 -> 126 | AM15: ='Forward Sale Price'!M318 -> 142 | AN15: ='Forward Sale Price'!Q318 -> 139 | AO15: ='Forward Sale Price'!U318 -> 127 | AP15: =AVERAGE(B15:AO15) -> 95.74359 | AQ15: =SUMPRODUCT(B$2:AO$2,B15:AO15) -> 106.5 | AS15: Beaumont - TX | AT15: Port St. Lucie - FL | AU15: 40.9 | AV15: =RANK(AU15,AU$4:AU$153,-1) -> 12 | AY15: Port St. Lucie - FL | AZ15: 39.2 | BA15: 12
... A153: Youngstown - OH | B153: ='Asking Rent'!I456 -> 11 | C153: ='Asking Rent'!M456 -> 14 | D153: ='Asking Rent'!Q456 -> 22 | E153: ='Asking Rent'!U456 -> 59 | F153: ='Effective Rent-Forward'!I456 -> 11 | G153: ='Effective Rent-Forward'!N456 -> 14 | H153: ='Effective Rent-Forward'!R456 -> 16 | I153: ='Effective Rent-Forward'!V456 -> 46 | J153: ='Historical Employment'!H607 -> 149 | K153: ='Historical Employment'!D607 -> 120 | L153: ='Forward Employment'!I457 -> 149 | M153: ='Forward Employment'!M457 -> 148 | N153: ='Forward Employment'!Q457 -> 148 | O153: ='Forward Employment'!U457 -> 6 | P153: ='Supply Historical'!C457 -> 1 | Q153: ='Supply Forward'!I456 -> 1 | R153: ='Supply Forward'!M456 -> 1 | S153: ='Supply Forward'!Q456 -> 1 | T153: ='Supply Forward'!U456 -> 1 | U153: ='UPP Historical'!C768 -> 14 | V153: ='Forward UPP'!C762 -> 44 | W153: ='Forward UPP'!F762 | X153: ='Income Growth'!I456 -> 142 | Y153: ='Income Growth'!M456 -> 112 | Z153: ='Income Growth'!Q456 -> 110 | AA153: ='Income Growth'!U456 -> 114 | AB153: ='Historical Population Growth'!I607 -> 145 | AC153: ='Historical Population Growth'!D607 -> 142 | AD153: ='Population Growth Forward'!I456 -> 146 | AE153: ='Population Growth Forward'!M456 -> 148 | AF153: ='Population Growth Forward'!Q456 -> 149 | AG153: ='Population Growth Forward'!U456 -> 149 | AH153: ='Historical Sale Price'!I912 -> 31 | AI153: ='Historical Sale Price'!M912 -> 13 | AJ153: ='Historical Sale Price'!Q912 -> 40 | AK153: ='Historical Sale Price'!U912 -> 102 | AL153: ='Forward Sale Price'!I456 -> 66 | AM153: ='Forward Sale Price'!M456 -> 99 | AN153: ='Forward Sale Price'!Q456 -> 104 | AO153: ='Forward Sale Price'!U456 -> 110 | AP153: =AVERAGE(B153:AO153) -> 74.307692 | AQ153: =SUMPRODUCT(B$2:AO$2,B153:AO153) -> 88.7 | AS153: Youngstown - OH | AT153: Pittsburgh - PA | AU153: 130.8 | AV153: =RANK(AU153,AU$4:AU$153,-1) -> 150 | AY153: Pittsburgh - PA | AZ153: 130.2 | BA153: 150

Sheet Asking Rent
A1: Geography Name | B1: 2026 Q2 | C1: 2026 Q3 | D1: 2026 Q4 | E1: 2027 Q1 | F1: 2027 Q2 | G1: 2027 Q3 | H1: 2027 Q4 | I1: 2028 Q1 | J1: 2028 Q2 | K1: 2028 Q3 | L1: 2028 Q4 | M1: 2029 Q1 | N1: 2029 Q2 | O1: 2029 Q3 | P1: 2029 Q4 | Q1: 2030 Q1 | R1: 2030 Q2 | S1: 2030 Q3 | T1: 2030 Q4 | U1: 2031 Q1 | V1: 2031 Q2 | W1: 2031 Q3 | X1: 2031 Q4 | Y1: 2032 Q1 | Z1: 2032 Q2 | AA1: 2032 Q3 | AB1: 2032 Q4 | AC1: 2033 Q1 | AD1: 2033 Q2 | AE1: 2033 Q3 | AF1: 2033 Q4 | AG1: 2034 Q1 | AH1: 2034 Q2 | AI1: 2034 Q3 | AJ1: 2034 Q4 | AK1: 2035 Q1 | AL1: 2035 Q2 | AM1: 2035 Q3 | AN1: 2035 Q4 | AO1: 2036 Q1 | AP1: 2036 Q2
A2: Akron - OH | B2: 1240.4036 | C2: 1233.6185 | D2: 1227.2589 | E2: 1238.692 | F2: 1254.2919 | G2: 1252.4319 | H2: 1250.0265 | I2: 1263.3698 | J2: 1280.375 | K2: 1278.3021 | L2: 1276.9296 | M2: 1291.5654 | N2: 1308.7765 | O2: 1305.6626 | P2: 1302.9535 | Q2: 1316.5756 | R2: 1333.2717 | S2: 1329.6467 | T2: 1326.7729 | U2: 1340.7351 | V2: 1357.8021 | W2: 1354.0579 | X2: 1350.9972 | Y2: 1364.9966 | Z2: 1382.0973 | AA2: 1378.0017 | AB2: 1374.6436 | AC2: 1388.6512 | AD2: 1405.8982 | AE2: 1401.5276 | AF2: 1397.823 | AG2: 1411.7772 | AH2: 1428.9504 | AI2: 1424.198 | AJ2: 1420.2474 | AK2: 1434.5868 | AL2: 1452.1864 | AM2: 1447.574 | AN2: 1443.7225 | AO2: 1458.2443 | AP2: 1476.026
A3: Albany - NY | B3: 1702.4277 | C3: 1697.8229 | D3: 1694.1448 | E3: 1706.9203 | F3: 1724.215 | G3: 1727.6117 | H3: 1730.406 | I3: 1746.4233 | J3: 1765.0231 | K3: 1767.4567 | L3: 1771.0007 | M3: 1788.0859 | N3: 1806.8484 | O3: 1808.4412 | P3: 1810.8365 | Q3: 1826.9164 | R3: 1845.0652 | S3: 1845.9724 | T3: 1848.1315 | U3: 1864.538 | V3: 1883.1591 | W3: 1884.1964 | X3: 1886.3727 | Y3: 1903.0259 | Z3: 1921.8882 | AA3: 1922.7339 | AB3: 1924.7777 | AC3: 1941.6361 | AD3: 1960.6431 | AE3: 1961.3251 | AF3: 1963.2789 | AG3: 1980.1752 | AH3: 1999.3602 | AI3: 1999.8685 | AJ3: 2001.5637 | AK3: 2019.3906 | AL3: 2039.7112 | AM3: 2041.0436 | AN3: 2043.6925 | AO3: 2061.4319 | AP3: 2081.501
A4: Albuquerque - NM | B4: 1307.4371 | C4: 1298.439 | D4: 1281.13 | E4: 1285.5682 | F4: 1300.2292 | G4: 1299.4659 | H4: 1289.5853 | I4: 1299.2369 | J4: 1318.2125 | K4: 1319.9167 | L4: 1313.0132 | M4: 1325.05 | N4: 1344.7439 | O4: 1345.6562 | P4: 1337.4188 | Q4: 1348.7174 | R4: 1368.4222 | S4: 1369.6635 | T4: 1361.8378 | U4: 1373.9783 | V4: 1394.6014 | W4: 1396.2399 | X4: 1388.4624 | Y4: 1400.9684 | Z4: 1422.0568 | AA4: 1423.6989 | AB4: 1415.8239 | AC4: 1428.5623 | AD4: 1450.137 | AE4: 1451.792 | AF4: 1443.7361 | AG4: 1456.7799 | AH4: 1478.7683 | AI4: 1480.4717 | AJ4: 1472.3049 | AK4: 1485.6229 | AL4: 1507.957 | AM4: 1509.5531 | AN4: 1501.0466 | AO4: 1514.8439 | AP4: 1537.9187
A5: Anchorage - AK | B5: 1486.0752 | C5: 1478.5935 | D5: 1466.7797 | E5: 1480.4061 | F5: 1505.8136 | G5: 1502.3762 | H5: 1494.3867 | I5: 1509.8086 | J5: 1536.061 | K5: 1531.6101 | L5: 1524.0853 | M5: 1540.5819 | N5: 1567.3273 | O5: 1562.3215 | P5: 1554.0216 | Q5: 1570.3158 | R5: 1597.1508 | S5: 1592.015 | T5: 1583.7842 | U5: 1600.6866 | V5: 1628.531 | W5: 1623.6908 | X5: 1615.5341 | Y5: 1632.9005 | Z5: 1661.2072 | AA5: 1656.0754 | AB5: 1647.449 | AC5: 1664.9146 | AD5: 1693.6132 | AE5: 1688.2921 | AF5: 1679.5096 | AG5: 1697.3298 | AH5: 1726.5796 | AI5: 1721.0629 | AJ5: 1712.0187 | AK5: 1730.0302 | AL5: 1759.6761 | AM5: 1753.9039 | AN5: 1744.5354 | AO5: 1763.2399 | AP5: 1793.7974
A6: Asheville - NC | B6: 1625.7327 | C6: 1617.1122 | D6: 1603.7047 | E6: 1609.8131 | F6: 1619.2803 | G6: 1620.1074 | H6: 1618.121 | I6: 1630.5057 | J6: 1646.5677 | K6: 1651.108 | L6: 1653.6571 | M6: 1669.5037 | N6: 1686.3016 | O6: 1689.1376 | P6: 1689.324 | Q6: 1703.161 | R6: 1718.7938 | S6: 1721.149 | T6: 1721.4796 | U6: 1736.0328 | V6: 1752.4285 | W6: 1753.1105 | X6: 1753.249 | Y6: 1767.8047 | Z6: 1784.694 | AA6: 1789.7422 | AB6: 1791.1561 | AC6: 1807.3658 | AD6: 1824.5359 | AE6: 1827.4747 | AF6: 1827.6804 | AG6: 1842.8569 | AH6: 1860.47 | AI6: 1863.3875 | AJ6: 1863.9662 | AK6: 1880.0096 | AL6: 1898.0547 | AM6: 1901.0281 | AN6: 1901.6248 | AO6: 1917.5394 | AP6: 1935.4094
A7: Atlanta - GA | B7: 1663.3878 | C7: 1654.6084 | D7: 1638.4788 | E7: 1649.9772 | F7: 1666.9062 | G7: 1665.2767 | H7: 1656.5977 | I7: 1673.2504 | J7: 1693.2383 | K7: 1692.8192 | L7: 1686.8169 | M7: 1706.0771 | N7: 1726.7941 | O7: 1725.3136 | P7: 1717.7375 | Q7: 1736.2059 | R7: 1756.9485 | S7: 1755.7842 | T7: 1748.9603 | U7: 1768.7979 | V7: 1790.9493 | W7: 1790.7024 | X7: 1784.3715 | Y7: 1805.1803 | Z7: 1828.1169 | AA7: 1828.0209 | AB7: 1821.8119 | AC7: 1843.2269 | AD7: 1866.8729 | AE7: 1867.0554 | AF7: 1860.9681 | AG7: 1883.1265 | AH7: 1907.4016 | AI7: 1907.7318 | AJ7: 1901.5492 | AK7: 1924.2521 | AL7: 1949.1415 | AM7: 1949.4523 | AN7: 1943.0514 | AO7: 1966.1766 | AP7: 1991.5393
A8: Augusta - GA | B8: 1294.5615 | C8: 1287.3119 | D8: 1278.6843 | E8: 1285.5447 | F8: 1294.4305 | G8: 1294.3049 | H8: 1293.7098 | I8: 1305.1145 | J8: 1318.0011 | K8: 1319.8837 | L8: 1322.0516 | M8: 1335.6962 | N8: 1349.1176 | O8: 1350.0319 | P8: 1350.8149 | Q8: 1363.3859 | R8: 1376.2286 | S8: 1376.886 | T8: 1377.8716 | U8: 1391.0532 | V8: 1404.4629 | W8: 1403.6394 | X8: 1404.3275 | Y8: 1417.4421 | Z8: 1431.0959 | AA8: 1433.6342 | AB8: 1435.2372 | AC8: 1449.5865 | AD8: 1463.3929 | AE8: 1464.0416 | AF8: 1464.5543 | AG8: 1477.9528 | AH8: 1491.8765 | AI8: 1492.3976 | AJ8: 1493.1442 | AK8: 1507.2843 | AL8: 1521.6058 | AM8: 1522.1774 | AN8: 1522.9916 | AO8: 1537.3259 | AP8: 1551.8026
A9: Austin - TX | B9: 1542.7839 | C9: 1529.1184 | D9: 1511.8419 | E9: 1523.0127 | F9: 1537.2954 | G9: 1529.6493 | H9: 1518.8522 | I9: 1533.0773 | J9: 1551.0532 | K9: 1545.3142 | L9: 1536.962 | M9: 1552.8041 | N9: 1570.1997 | O9: 1562.3054 | P9: 1551.9041 | Q9: 1566.8536 | R9: 1584.4209 | S9: 1577.3431 | T9: 1568.3264 | U9: 1585.1282 | V9: 1604.5334 | W9: 1598.6963 | X9: 1590.5291 | Y9: 1608.3998 | Z9: 1628.7626 | AA9: 1623.42 | AB9: 1615.5853 | AC9: 1634.1112 | AD9: 1655.2427 | AE9: 1650.0563 | AF9: 1642.4427 | AG9: 1661.5438 | AH9: 1683.2301 | AI9: 1678.188 | AJ9: 1670.5137 | AK9: 1690.1024 | AL9: 1712.2155 | AM9: 1707.0446 | AN9: 1699.179 | AO9: 1718.9944 | AP9: 1741.3743
A10: Bakersfield - CA | B10: 1423.249 | C10: 1425.6364 | D10: 1424.5881 | E10: 1430.5605 | F10: 1439.8788 | G10: 1447.1135 | H10: 1451.2612 | I10: 1460.1868 | J10: 1471.0914 | K10: 1478.4036 | L10: 1483.9579 | M10: 1494.301 | N10: 1505.6473 | O10: 1512.5975 | P10: 1517.5477 | Q10: 1527.4979 | R10: 1538.6895 | S10: 1545.8286 | T10: 1551.1978 | U10: 1561.7976 | V10: 1573.7465 | W10: 1581.462 | X10: 1587.2365 | Y10: 1598.2604 | Z10: 1610.6129 | AA10: 1618.521 | AB10: 1624.3409 | AC10: 1635.5625 | AD10: 1648.1165 | AE10: 1656.1877 | AF10: 1662.2041 | AG10: 1673.7184 | AH10: 1686.6017 | AI10: 1694.8671 | AJ10: 1701.0295 | AK10: 1712.8137 | AL10: 1725.9729 | AM10: 1734.3068 | AN10: 1740.4885 | AO10: 1752.4208 | AP10: 1765.7518
A11: Baltimore - MD | B11: 1749.0884 | C11: 1734.203 | D11: 1721.5439 | E11: 1740.1914 | F11: 1761.3492 | G11: 1755.396 | H11: 1750.6152 | I11: 1773.7563 | J11: 1796.806 | K11: 1790.6213 | L11: 1787.5736 | M11: 1813.0176 | N11: 1837.4562 | O11: 1831.0157 | P11: 1827.0322 | Q11: 1852.0453 | R11: 1876.0549 | S11: 1868.7946 | T11: 1864.5339 | U11: 1890.1592 | V11: 1914.8693 | W11: 1907.8862 | X11: 1903.8448 | Y11: 1930.0776 | Z11: 1955.3589 | AA11: 1948.1686 | AB11: 1943.9739 | AC11: 1970.6356 | AD11: 1996.363 | AE11: 1988.9375 | AF11: 1984.4309 | AG11: 2011.6112 | AH11: 2037.7264 | AI11: 2030.0198 | AJ11: 2025.3369 | AK11: 2052.8699 | AL11: 2079.3501 | AM11: 2071.324 | AN11: 2066.3303 | AO11: 2094.2517 | AP11: 2121.0269
A12: Baton Rouge - LA | B12: 1195.0072 | C12: 1188.2496 | D12: 1177.1251 | E12: 1184.678 | F12: 1194.7659 | G12: 1194.15 | H12: 1190.0583 | I12: 1201.5887 | J12: 1215.2399 | K12: 1216.4639 | L12: 1214.8363 | M12: 1228.4266 | N12: 1242.5148 | O12: 1242.7507 | P12: 1239.729 | Q12: 1252.342 | R12: 1265.9445 | S12: 1265.9265 | T12: 1262.9708 | U12: 1276.1145 | V12: 1290.2689 | W12: 1288.9445 | X12: 1285.7112 | Y12: 1298.8246 | Z12: 1313.2526 | AA12: 1314.8984 | AB12: 1312.3427 | AC12: 1326.5094 | AD12: 1341.0781 | AE12: 1341.0856 | AF12: 1337.467 | AG12: 1350.8419 | AH12: 1365.6097 | AI12: 1365.507 | AJ12: 1362.0902 | AK12: 1376.1582 | AL12: 1391.3221 | AM12: 1391.2686 | AN12: 1387.8389 | AO12: 1402.015 | AP12: 1417.2228
A13: Beaumont - TX | B13: 1096.3196 | C13: 1088.1967 | D13: 1082.425 | E13: 1087.093 | F13: 1092.9232 | G13: 1091.4438 | H13: 1091.667 | I13: 1100.4224 | J13: 1109.2875 | K13: 1109.4845 | L13: 1111.9601 | M13: 1122.5115 | N13: 1131.6765 | O13: 1131.1443 | P13: 1132.6836 | Q13: 1142.6211 | R13: 1151.7275 | S13: 1151.5122 | T13: 1153.6198 | U13: 1164.2983 | V13: 1173.9994 | W13: 1174.0764 | X13: 1176.3046 | Y13: 1187.2174 | Z13: 1197.1433 | AA13: 1197.2206 | AB13: 1199.5016 | AC13: 1210.5959 | AD13: 1220.6886 | AE13: 1220.6948 | AF13: 1223.01 | AG13: 1234.3019 | AH13: 1244.5846 | AI13: 1244.6251 | AJ13: 1247.0111 | AK13: 1258.542 | AL13: 1268.9213 | AM13: 1268.8462 | AN13: 1271.0913 | AO13: 1283.1455 | AP13: 1294.1029
... A151: Youngstown - OH | B151: 895.58301 | C151: 896.61676 | D151: 896.95215 | E151: 902.01593 | F151: 907.64014 | G151: 912.15234 | H151: 915.41675 | I151: 921.76617 | J151: 927.97003 | K151: 932.11456 | L151: 935.95953 | M151: 942.96252 | N151: 949.13245 | O151: 952.85394 | P151: 955.98364 | Q151: 962.38043 | R151: 968.16052 | S151: 971.63757 | T151: 974.80054 | U151: 981.44641 | V151: 987.30884 | W151: 990.77686 | X151: 993.89056 | Y151: 1000.4182 | Z151: 1006.2877 | AA151: 1009.7169 | AB151: 1012.7162 | AC151: 1019.1574 | AD151: 1024.9583 | AE151: 1028.2028 | AF151: 1031.0958 | AG151: 1037.5692 | AH151: 1043.3076 | AI151: 1046.4124 | AJ151: 1049.1572 | AK151: 1055.7744 | AL151: 1061.6877 | AM151: 1065.045 | AN151: 1068.0398 | AO151: 1075.0018 | AP151: 1081.1626
E153: 1 | M153: 3 | U153: 5 | AO153: 10
A154: Geography Name | B154: =B1 -> 2026 Q2 | C154: =C1 -> 2026 Q3 | D154: =D1 -> 2026 Q4 | E154: =E1 -> 2027 Q1 | F154: =F1 -> 2027 Q2 | G154: =G1 -> 2027 Q3 | H154: =H1 -> 2027 Q4 | I154: =I1 -> 2028 Q1 | ... AP154: =AP1 -> 2036 Q2
A155: Akron - OH | B155: =B2/$B2 -> 1 | C155: =C2/$B2 -> 0.99452998 | D155: =D2/$B2 -> 0.98940292 | E155: =E2/$B2 -> 0.99862017 | F155: =F2/$B2 -> 1.0111966 | G155: =G2/$B2 -> 1.0096971 | H155: =H2/$B2 -> 1.0077579 | I155: =I2/$B2 -> 1.0185151 | ... AP155: =AP2/$B2 -> 1.1899563
A156: Albany - NY | B156: =B3/$B3 -> 1 | C156: =C3/$B3 -> 0.99729512 | D156: =D3/$B3 -> 0.99513462 | E156: =E3/$B3 -> 1.0026389 | F156: =F3/$B3 -> 1.0127977 | G156: =G3/$B3 -> 1.014793 | H156: =H3/$B3 -> 1.0164343 | I156: =I3/$B3 -> 1.0258429 | ... AP156: =AP3/$B3 -> 1.2226663
A157: Albuquerque - NM | B157: =B4/$B4 -> 1 | C157: =C4/$B4 -> 0.9931177 | D157: =D4/$B4 -> 0.97987886 | E157: =E4/$B4 -> 0.98327346 | F157: =F4/$B4 -> 0.99448701 | G157: =G4/$B4 -> 0.99390319 | H157: =H4/$B4 -> 0.98634595 | I157: =I4/$B4 -> 0.99372804 | ... AP157: =AP4/$B4 -> 1.176285
A158: Anchorage - AK | B158: =B5/$B5 -> 1 | C158: =C5/$B5 -> 0.99496547 | D158: =D5/$B5 -> 0.98701578 | E158: =E5/$B5 -> 0.99618521 | F158: =F5/$B5 -> 1.0132822 | G158: =G5/$B5 -> 1.0109692 | H158: =H5/$B5 -> 1.0055929 | I158: =I5/$B5 -> 1.0159705 | ... AP158: =AP5/$B5 -> 1.2070704
A159: Asheville - NC | B159: =B6/$B6 -> 1 | C159: =C6/$B6 -> 0.99469748 | D159: =D6/$B6 -> 0.98645045 | E159: =E6/$B6 -> 0.99020777 | F159: =F6/$B6 -> 0.99603109 | G159: =G6/$B6 -> 0.99653987 | H159: =H6/$B6 -> 0.99531799 | I159: =I6/$B6 -> 1.002936 | ... AP159: =AP6/$B6 -> 1.1904844
A160: Atlanta - GA | B160: =B7/$B7 -> 1 | C160: =C7/$B7 -> 0.99472197 | D160: =D7/$B7 -> 0.98502511 | E160: =E7/$B7 -> 0.99193775 | F160: =F7/$B7 -> 1.0021152 | G160: =G7/$B7 -> 1.0011356 | H160: =H7/$B7 -> 0.99591787 | I160: =I7/$B7 -> 1.0059292 | ... AP160: =AP7/$B7 -> 1.197279
A161: Augusta - GA | B161: =B8/$B8 -> 1 | C161: =C8/$B8 -> 0.99439993 | D161: =D8/$B8 -> 0.98773546 | E161: =E8/$B8 -> 0.99303483 | F161: =F8/$B8 -> 0.99989882 | G161: =G8/$B8 -> 0.99980179 | H161: =H8/$B8 -> 0.99934211 | I161: =I8/$B8 -> 1.0081518 | ... AP161: =AP8/$B8 -> 1.198709
A162: Austin - TX | B162: =B9/$B9 -> 1 | C162: =C9/$B9 -> 0.99114229 | D162: =D9/$B9 -> 0.97994404 | E162: =E9/$B9 -> 0.9871847 | F162: =F9/$B9 -> 0.99644245 | G162: =G9/$B9 -> 0.9914864 | H162: =H9/$B9 -> 0.98448794 | I162: =I9/$B9 -> 0.99370834 | ... AP162: =AP9/$B9 -> 1.1287221
A163: Bakersfield - CA | B163: =B10/$B10 -> 1 | C163: =C10/$B10 -> 1.0016774 | D163: =D10/$B10 -> 1.0009409 | E163: =E10/$B10 -> 1.0051372 | F163: =F10/$B10 -> 1.0116844 | G163: =G10/$B10 -> 1.0167676 | H163: =H10/$B10 -> 1.0196819 | I163: =I10/$B10 -> 1.0259531 | ... AP163: =AP10/$B10 -> 1.2406485
A164: Baltimore - MD | B164: =B11/$B11 -> 1 | C164: =C11/$B11 -> 0.99148964 | D164: =D11/$B11 -> 0.98425212 | E164: =E11/$B11 -> 0.99491337 | F164: =F11/$B11 -> 1.0070099 | G164: =G11/$B11 -> 1.0036062 | H164: =H11/$B11 -> 1.0008729 | I164: =I11/$B11 -> 1.0141033 | ... AP164: =AP11/$B11 -> 1.212647
A165: Baton Rouge - LA | B165: =B12/$B12 -> 1 | C165: =C12/$B12 -> 0.99434517 | D165: =D12/$B12 -> 0.98503601 | E165: =E12/$B12 -> 0.99135635 | F165: =F12/$B12 -> 0.99979805 | G165: =G12/$B12 -> 0.9992827 | H165: =H12/$B12 -> 0.99585873 | I165: =I12/$B12 -> 1.0055075 | ... AP165: =AP12/$B12 -> 1.1859533
A166: Beaumont - TX | B166: =B13/$B13 -> 1 | C166: =C13/$B13 -> 0.99259073 | D166: =D13/$B13 -> 0.9873262 | E166: =E13/$B13 -> 0.99158406 | F166: =F13/$B13 -> 0.99690203 | G166: =G13/$B13 -> 0.99555264 | H166: =H13/$B13 -> 0.99575618 | I166: =I13/$B13 -> 1.0037423 | ... AP166: =AP13/$B13 -> 1.1804066
... A304: Youngstown - OH | B304: =B151/$B151 -> 1 | C304: =C151/$B151 -> 1.0011543 | D304: =D151/$B151 -> 1.0015288 | E304: =E151/$B151 -> 1.0071829 | F304: =F151/$B151 -> 1.0134629 | G304: =G151/$B151 -> 1.0185012 | H304: =H151/$B151 -> 1.0221462 | I304: =I151/$B151 -> 1.0292359 | ... AP304: =AP151/$B151 -> 1.2072165
A306: Market | B306: 1 | C306: 3 | D306: 5 | E306: 10 | G306: Market | H306: 1 | I306: 1 Year Rank | K306: Market | L306: 3 | M306: 3 Year Rank | O306: Market | P306: 5 | Q306: 5 Year Rank | S306: Market | T306: 10 | U306: 10 Year Rank
A307: Akron - OH | B307: =E155 -> 0.99862017 | C307: =M155 -> 1.0412461 | D307: =U155 -> 1.0808862 | E307: =AO155 -> 1.1756208 | G307: Akron - OH | H307: =B307 -> 0.99862017 | I307: =RANK(H307,H$307:H$456) -> 61 | K307: Akron - OH | L307: =C307 -> 1.0412461 | M307: =RANK(L307,L$307:L$456) -> 62 | O307: Akron - OH | P307: =D307 -> 1.0808862 | Q307: =RANK(P307,P$307:P$456) -> 71 | S307: Akron - OH | T307: =E307 -> 1.1756208 | U307: =RANK(T307,T$307:T$456) -> 113
A308: Albany - NY | B308: =E156 -> 1.0026389 | C308: =M156 -> 1.0503153 | D308: =U156 -> 1.095223 | E308: =AO156 -> 1.2108778 | G308: Albany - NY | H308: =B308 -> 1.0026389 | I308: =RANK(H308,H$307:H$456) -> 31 | K308: Albany - NY | L308: =C308 -> 1.0503153 | M308: =RANK(L308,L$307:L$456) -> 20 | O308: Albany - NY | P308: =D308 -> 1.095223 | Q308: =RANK(P308,P$307:P$456) -> 23 | S308: Albany - NY | T308: =E308 -> 1.2108778 | U308: =RANK(T308,T$307:T$456) -> 37
A309: Albuquerque - NM | B309: =E157 -> 0.98327346 | C309: =M157 -> 1.0134713 | D309: =U157 -> 1.0508943 | E309: =AO157 -> 1.1586361 | G309: Albuquerque - NM | H309: =B309 -> 0.98327346 | I309: =RANK(H309,H$307:H$456) -> 145 | K309: Albuquerque - NM | L309: =C309 -> 1.0134713 | M309: =RANK(L309,L$307:L$456) -> 139 | O309: Albuquerque - NM | P309: =D309 -> 1.0508943 | Q309: =RANK(P309,P$307:P$456) -> 137 | S309: Albuquerque - NM | T309: =E309 -> 1.1586361 | U309: =RANK(T309,T$307:T$456) -> 133
A310: Anchorage - AK | B310: =E158 -> 0.99618521 | C310: =M158 -> 1.0366783 | D310: =U158 -> 1.0771236 | E310: =AO158 -> 1.1865078 | G310: Anchorage - AK | H310: =B310 -> 0.99618521 | I310: =RANK(H310,H$307:H$456) -> 73 | K310: Anchorage - AK | L310: =C310 -> 1.0366783 | M310: =RANK(L310,L$307:L$456) -> 77 | O310: Anchorage - AK | P310: =D310 -> 1.0771236 | Q310: =RANK(P310,P$307:P$456) -> 89 | S310: Anchorage - AK | T310: =E310 -> 1.1865078 | U310: =RANK(T310,T$307:T$456) -> 95
A311: Asheville - NC | B311: =E159 -> 0.99020777 | C311: =M159 -> 1.0269239 | D311: =U159 -> 1.0678464 | E311: =AO159 -> 1.1794925 | G311: Asheville - NC | H311: =B311 -> 0.99020777 | I311: =RANK(H311,H$307:H$456) -> 116 | K311: Asheville - NC | L311: =C311 -> 1.0269239 | M311: =RANK(L311,L$307:L$456) -> 114 | O311: Asheville - NC | P311: =D311 -> 1.0678464 | Q311: =RANK(P311,P$307:P$456) -> 113 | S311: Asheville - NC | T311: =E311 -> 1.1794925 | U311: =RANK(T311,T$307:T$456) -> 106
A312: Atlanta - GA | B312: =E160 -> 0.99193775 | C312: =M160 -> 1.0256641 | D312: =U160 -> 1.0633707 | E312: =AO160 -> 1.1820314 | G312: Atlanta - GA | H312: =B312 -> 0.99193775 | I312: =RANK(H312,H$307:H$456) -> 99 | K312: Atlanta - GA | L312: =C312 -> 1.0256641 | M312: =RANK(L312,L$307:L$456) -> 120 | O312: Atlanta - GA | P312: =D312 -> 1.0633707 | Q312: =RANK(P312,P$307:P$456) -> 124 | S312: Atlanta - GA | T312: =E312 -> 1.1820314 | U312: =RANK(T312,T$307:T$456) -> 101
A313: Augusta - GA | B313: =E161 -> 0.99303483 | C313: =M161 -> 1.031775 | D313: =U161 -> 1.0745362 | E313: =AO161 -> 1.1875264 | G313: Augusta - GA | H313: =B313 -> 0.99303483 | I313: =RANK(H313,H$307:H$456) -> 89 | K313: Augusta - GA | L313: =C313 -> 1.031775 | M313: =RANK(L313,L$307:L$456) -> 96 | O313: Augusta - GA | P313: =D313 -> 1.0745362 | Q313: =RANK(P313,P$307:P$456) -> 97 | S313: Augusta - GA | T313: =E313 -> 1.1875264 | U313: =RANK(T313,T$307:T$456) -> 93
A314: Austin - TX | B314: =E162 -> 0.9871847 | C314: =M162 -> 1.0064948 | D314: =U162 -> 1.0274466 | E314: =AO162 -> 1.1142159 | G314: Austin - TX | H314: =B314 -> 0.9871847 | I314: =RANK(H314,H$307:H$456) -> 132 | K314: Austin - TX | L314: =C314 -> 1.0064948 | M314: =RANK(L314,L$307:L$456) -> 148 | O314: Austin - TX | P314: =D314 -> 1.0274466 | Q314: =RANK(P314,P$307:P$456) -> 150 | S314: Austin - TX | T314: =E314 -> 1.1142159 | U314: =RANK(T314,T$307:T$456) -> 150
A315: Bakersfield - CA | B315: =E163 -> 1.0051372 | C315: =M163 -> 1.0499224 | D315: =U163 -> 1.0973467 | E315: =AO163 -> 1.2312819 | G315: Bakersfield - CA | H315: =B315 -> 1.0051372 | I315: =RANK(H315,H$307:H$456) -> 19 | K315: Bakersfield - CA | L315: =C315 -> 1.0499224 | M315: =RANK(L315,L$307:L$456) -> 23 | O315: Bakersfield - CA | P315: =D315 -> 1.0973467 | Q315: =RANK(P315,P$307:P$456) -> 20 | S315: Bakersfield - CA | T315: =E315 -> 1.2312819 | U315: =RANK(T315,T$307:T$456) -> 13
A316: Baltimore - MD | B316: =E164 -> 0.99491337 | C316: =M164 -> 1.03655 | D316: =U164 -> 1.0806539 | E316: =AO164 -> 1.197339 | G316: Baltimore - MD | H316: =B316 -> 0.99491337 | I316: =RANK(H316,H$307:H$456) -> 77 | K316: Baltimore - MD | L316: =C316 -> 1.03655 | M316: =RANK(L316,L$307:L$456) -> 78 | O316: Baltimore - MD | P316: =D316 -> 1.0806539 | Q316: =RANK(P316,P$307:P$456) -> 73 | S316: Baltimore - MD | T316: =E316 -> 1.197339 | U316: =RANK(T316,T$307:T$456) -> 69
A317: Baton Rouge - LA | B317: =E165 -> 0.99135635 | C317: =M165 -> 1.0279659 | D317: =U165 -> 1.0678718 | E317: =AO165 -> 1.1732273 | G317: Baton Rouge - LA | H317: =B317 -> 0.99135635 | I317: =RANK(H317,H$307:H$456) -> 111 | K317: Baton Rouge - LA | L317: =C317 -> 1.0279659 | M317: =RANK(L317,L$307:L$456) -> 110 | O317: Baton Rouge - LA | P317: =D317 -> 1.0678718 | Q317: =RANK(P317,P$307:P$456) -> 112 | S317: Baton Rouge - LA | T317: =E317 -> 1.1732273 | U317: =RANK(T317,T$307:T$456) -> 116
A318: Beaumont - TX | B318: =E166 -> 0.99158406 | C318: =M166 -> 1.0238907 | D318: =U166 -> 1.0620063 | E318: =AO166 -> 1.1704119 | G318: Beaumont - TX | H318: =B318 -> 0.99158406 | I318: =RANK(H318,H$307:H$456) -> 105 | K318: Beaumont - TX | L318: =C318 -> 1.0238907 | M318: =RANK(L318,L$307:L$456) -> 128 | O318: Beaumont - TX | P318: =D318 -> 1.0620063 | Q318: =RANK(P318,P$307:P$456) -> 126 | S318: Beaumont - TX | T318: =E318 -> 1.1704119 | U318: =RANK(T318,T$307:T$456) -> 119
... A456: Youngstown - OH | B456: =E304 -> 1.0071829 | C456: =M304 -> 1.0529035 | D456: =U304 -> 1.0958743 | E456: =AO304 -> 1.2003375 | G456: Youngstown - OH | H456: =B456 -> 1.0071829 | I456: =RANK(H456,H$307:H$456) -> 11 | K456: Youngstown - OH | L456: =C456 -> 1.0529035 | M456: =RANK(L456,L$307:L$456) -> 14 | O456: Youngstown - OH | P456: =D456 -> 1.0958743 | Q456: =RANK(P456,P$307:P$456) -> 22 | S456: Youngstown - OH | T456: =E456 -> 1.2003375 | U456: =RANK(T456,T$307:T$456) -> 59

Sheet Effective Rent-Forward
A1: Geography Name | B1: Concept Name | C1: 2026 Q2 EST | D1: 2026 Q3 | E1: 2026 Q4 | F1: 2027 Q1 | G1: 2027 Q2 | H1: 2027 Q3 | I1: 2027 Q4 | J1: 2028 Q1 | K1: 2028 Q2 | L1: 2028 Q3 | M1: 2028 Q4 | N1: 2029 Q1 | O1: 2029 Q2 | P1: 2029 Q3 | Q1: 2029 Q4 | R1: 2030 Q1 | S1: 2030 Q2 | T1: 2030 Q3 | U1: 2030 Q4 | V1: 2031 Q1 | W1: 2031 Q2 | X1: 2031 Q3 | Y1: 2031 Q4 | Z1: 2032 Q1 | AA1: 2032 Q2 | AB1: 2032 Q3 | AC1: 2032 Q4 | AD1: 2033 Q1 | AE1: 2033 Q2 | AF1: 2033 Q3 | AG1: 2033 Q4 | AH1: 2034 Q1 | AI1: 2034 Q2 | AJ1: 2034 Q3 | AK1: 2034 Q4 | AL1: 2035 Q1 | AM1: 2035 Q2 | AN1: 2035 Q3 | AO1: 2035 Q4 | AP1: 2036 Q1 | AQ1: 2036 Q2
A2: Akron - OH USA | B2: Market Effective Rent/Unit | C2: 1.33 | D2: 1.32 | E2: 1.32 | F2: 1.33 | G2: 1.34 | H2: 1.34 | I2: 1.34 | J2: 1.35 | K2: 1.37 | L2: 1.37 | M2: 1.37 | N2: 1.38 | O2: 1.4 | P2: 1.4 | Q2: 1.4 | R2: 1.41 | S2: 1.43 | T2: 1.42 | U2: 1.42 | V2: 1.44 | W2: 1.45 | X2: 1.45 | Y2: 1.45 | Z2: 1.46 | AA2: 1.48 | AB2: 1.48 | AC2: 1.47 | AD2: 1.49 | AE2: 1.51 | AF2: 1.5 | AG2: 1.5 | AH2: 1.51 | AI2: 1.53 | AJ2: 1.53 | AK2: 1.52 | AL2: 1.54 | AM2: 1.56 | AN2: 1.55 | AO2: 1.55 | AP2: 1.56 | AQ2: 1.58
A3: Albany - NY USA | B3: Market Effective Rent/Unit | C3: 1.75 | D3: 1.75 | E3: 1.74 | F3: 1.76 | G3: 1.77 | H3: 1.78 | I3: 1.78 | J3: 1.8 | K3: 1.82 | L3: 1.82 | M3: 1.82 | N3: 1.84 | O3: 1.86 | P3: 1.86 | Q3: 1.86 | R3: 1.88 | S3: 1.9 | T3: 1.9 | U3: 1.9 | V3: 1.92 | W3: 1.94 | X3: 1.94 | Y3: 1.94 | Z3: 1.96 | AA3: 1.98 | AB3: 1.98 | AC3: 1.98 | AD3: 2 | AE3: 2.02 | AF3: 2.02 | AG3: 2.02 | AH3: 2.04 | AI3: 2.06 | AJ3: 2.06 | AK3: 2.06 | AL3: 2.08 | AM3: 2.1 | AN3: 2.1 | AO3: 2.1 | AP3: 2.12 | AQ3: 2.14
A4: Albuquerque - NM USA | B4: Market Effective Rent/Unit | C4: 1.58 | D4: 1.57 | E4: 1.55 | F4: 1.55 | G4: 1.57 | H4: 1.57 | I4: 1.56 | J4: 1.57 | K4: 1.59 | L4: 1.59 | M4: 1.58 | N4: 1.6 | O4: 1.62 | P4: 1.62 | Q4: 1.61 | R4: 1.63 | S4: 1.65 | T4: 1.65 | U4: 1.64 | V4: 1.66 | W4: 1.68 | X4: 1.68 | Y4: 1.68 | Z4: 1.69 | AA4: 1.72 | AB4: 1.72 | AC4: 1.71 | AD4: 1.72 | AE4: 1.75 | AF4: 1.75 | AG4: 1.74 | AH4: 1.76 | AI4: 1.78 | AJ4: 1.79 | AK4: 1.78 | AL4: 1.79 | AM4: 1.82 | AN4: 1.82 | AO4: 1.81 | AP4: 1.83 | AQ4: 1.86
A5: Anchorage - AK USA | B5: Market Effective Rent/Unit | C5: 2 | D5: 1.99 | E5: 1.98 | F5: 2 | G5: 2.03 | H5: 2.03 | I5: 2.01 | J5: 2.04 | K5: 2.07 | L5: 2.06 | M5: 2.05 | N5: 2.08 | O5: 2.11 | P5: 2.11 | Q5: 2.09 | R5: 2.12 | S5: 2.15 | T5: 2.15 | U5: 2.13 | V5: 2.16 | W5: 2.2 | X5: 2.19 | Y5: 2.18 | Z5: 2.2 | AA5: 2.24 | AB5: 2.23 | AC5: 2.22 | AD5: 2.24 | AE5: 2.28 | AF5: 2.28 | AG5: 2.26 | AH5: 2.29 | AI5: 2.33 | AJ5: 2.32 | AK5: 2.31 | AL5: 2.33 | AM5: 2.37 | AN5: 2.36 | AO5: 2.35 | AP5: 2.38 | AQ5: 2.42
A6: Asheville - NC USA | B6: Market Effective Rent/Unit | C6: 1.54 | D6: 1.53 | E6: 1.52 | F6: 1.53 | G6: 1.54 | H6: 1.54 | I6: 1.53 | J6: 1.55 | K6: 1.56 | L6: 1.57 | M6: 1.57 | N6: 1.58 | O6: 1.6 | P6: 1.6 | Q6: 1.6 | R6: 1.62 | S6: 1.63 | T6: 1.63 | U6: 1.63 | V6: 1.65 | W6: 1.66 | X6: 1.66 | Y6: 1.66 | Z6: 1.68 | AA6: 1.69 | AB6: 1.7 | AC6: 1.7 | AD6: 1.71 | AE6: 1.73 | AF6: 1.73 | AG6: 1.73 | AH6: 1.75 | AI6: 1.76 | AJ6: 1.77 | AK6: 1.77 | AL6: 1.78 | AM6: 1.8 | AN6: 1.8 | AO6: 1.8 | AP6: 1.82 | AQ6: 1.84
A7: Atlanta - GA USA | B7: Market Effective Rent/Unit | C7: 1.58 | D7: 1.57 | E7: 1.56 | F7: 1.57 | G7: 1.58 | H7: 1.58 | I7: 1.57 | J7: 1.59 | K7: 1.61 | L7: 1.61 | M7: 1.6 | N7: 1.62 | O7: 1.64 | P7: 1.64 | Q7: 1.63 | R7: 1.65 | S7: 1.67 | T7: 1.67 | U7: 1.66 | V7: 1.68 | W7: 1.7 | X7: 1.7 | Y7: 1.7 | Z7: 1.72 | AA7: 1.74 | AB7: 1.74 | AC7: 1.73 | AD7: 1.75 | AE7: 1.77 | AF7: 1.77 | AG7: 1.77 | AH7: 1.79 | AI7: 1.81 | AJ7: 1.81 | AK7: 1.81 | AL7: 1.83 | AM7: 1.85 | AN7: 1.85 | AO7: 1.85 | AP7: 1.87 | AQ7: 1.89
A8: Augusta - GA USA | B8: Market Effective Rent/Unit | C8: 1.3 | D8: 1.29 | E8: 1.28 | F8: 1.29 | G8: 1.3 | H8: 1.3 | I8: 1.3 | J8: 1.31 | K8: 1.32 | L8: 1.33 | M8: 1.33 | N8: 1.34 | O8: 1.36 | P8: 1.36 | Q8: 1.36 | R8: 1.37 | S8: 1.38 | T8: 1.38 | U8: 1.38 | V8: 1.4 | W8: 1.41 | X8: 1.41 | Y8: 1.41 | Z8: 1.42 | AA8: 1.44 | AB8: 1.44 | AC8: 1.44 | AD8: 1.46 | AE8: 1.47 | AF8: 1.47 | AG8: 1.47 | AH8: 1.49 | AI8: 1.5 | AJ8: 1.5 | AK8: 1.5 | AL8: 1.52 | AM8: 1.53 | AN8: 1.53 | AO8: 1.53 | AP8: 1.55 | AQ8: 1.56
A9: Austin - TX USA | B9: Market Effective Rent/Unit | C9: 1.68 | D9: 1.67 | E9: 1.65 | F9: 1.66 | G9: 1.68 | H9: 1.67 | I9: 1.66 | J9: 1.67 | K9: 1.69 | L9: 1.68 | M9: 1.68 | N9: 1.69 | O9: 1.71 | P9: 1.7 | Q9: 1.69 | R9: 1.71 | S9: 1.73 | T9: 1.72 | U9: 1.71 | V9: 1.73 | W9: 1.75 | X9: 1.74 | Y9: 1.73 | Z9: 1.75 | AA9: 1.78 | AB9: 1.77 | AC9: 1.76 | AD9: 1.78 | AE9: 1.8 | AF9: 1.8 | AG9: 1.79 | AH9: 1.81 | AI9: 1.84 | AJ9: 1.83 | AK9: 1.82 | AL9: 1.84 | AM9: 1.87 | AN9: 1.86 | AO9: 1.85 | AP9: 1.87 | AQ9: 1.9
A10: Bakersfield - CA USA | B10: Market Effective Rent/Unit | C10: 1.65 | D10: 1.65 | E10: 1.65 | F10: 1.66 | G10: 1.67 | H10: 1.68 | I10: 1.68 | J10: 1.69 | K10: 1.7 | L10: 1.71 | M10: 1.72 | N10: 1.73 | O10: 1.74 | P10: 1.75 | Q10: 1.76 | R10: 1.77 | S10: 1.78 | T10: 1.79 | U10: 1.8 | V10: 1.81 | W10: 1.82 | X10: 1.83 | Y10: 1.84 | Z10: 1.85 | AA10: 1.87 | AB10: 1.87 | AC10: 1.88 | AD10: 1.89 | AE10: 1.91 | AF10: 1.92 | AG10: 1.93 | AH10: 1.94 | AI10: 1.95 | AJ10: 1.96 | AK10: 1.97 | AL10: 1.98 | AM10: 2 | AN10: 2.01 | AO10: 2.02 | AP10: 2.03 | AQ10: 2.05
A11: Baltimore - MD USA | B11: Market Effective Rent/Unit | C11: 1.91 | D11: 1.9 | E11: 1.88 | F11: 1.9 | G11: 1.93 | H11: 1.92 | I11: 1.92 | J11: 1.94 | K11: 1.97 | L11: 1.96 | M11: 1.96 | N11: 1.98 | O11: 2.01 | P11: 2 | Q11: 2 | R11: 2.03 | S11: 2.05 | T11: 2.04 | U11: 2.04 | V11: 2.07 | W11: 2.1 | X11: 2.09 | Y11: 2.08 | Z11: 2.11 | AA11: 2.14 | AB11: 2.13 | AC11: 2.13 | AD11: 2.16 | AE11: 2.18 | AF11: 2.18 | AG11: 2.17 | AH11: 2.2 | AI11: 2.23 | AJ11: 2.22 | AK11: 2.22 | AL11: 2.25 | AM11: 2.27 | AN11: 2.27 | AO11: 2.26 | AP11: 2.29 | AQ11: 2.32
A12: Baton Rouge - LA USA | B12: Market Effective Rent/Unit | C12: 1.25 | D12: 1.24 | E12: 1.23 | F12: 1.24 | G12: 1.25 | H12: 1.25 | I12: 1.24 | J12: 1.26 | K12: 1.27 | L12: 1.27 | M12: 1.27 | N12: 1.28 | O12: 1.3 | P12: 1.3 | Q12: 1.3 | R12: 1.31 | S12: 1.32 | T12: 1.32 | U12: 1.32 | V12: 1.33 | W12: 1.35 | X12: 1.35 | Y12: 1.34 | Z12: 1.36 | AA12: 1.37 | AB12: 1.37 | AC12: 1.37 | AD12: 1.39 | AE12: 1.4 | AF12: 1.4 | AG12: 1.4 | AH12: 1.41 | AI12: 1.43 | AJ12: 1.43 | AK12: 1.42 | AL12: 1.44 | AM12: 1.45 | AN12: 1.45 | AO12: 1.45 | AP12: 1.47 | AQ12: 1.48
A13: Beaumont - TX USA | B13: Market Effective Rent/Unit | C13: 1.27 | D13: 1.26 | E13: 1.25 | F13: 1.26 | G13: 1.26 | H13: 1.26 | I13: 1.26 | J13: 1.27 | K13: 1.28 | L13: 1.28 | M13: 1.29 | N13: 1.3 | O13: 1.31 | P13: 1.31 | Q13: 1.31 | R13: 1.32 | S13: 1.33 | T13: 1.33 | U13: 1.33 | V13: 1.35 | W13: 1.36 | X13: 1.36 | Y13: 1.36 | Z13: 1.37 | AA13: 1.38 | AB13: 1.38 | AC13: 1.39 | AD13: 1.4 | AE13: 1.41 | AF13: 1.41 | AG13: 1.41 | AH13: 1.43 | AI13: 1.44 | AJ13: 1.44 | AK13: 1.44 | AL13: 1.46 | AM13: 1.47 | AN13: 1.47 | AO13: 1.47 | AP13: 1.48 | AQ13: 1.5
... A151: Youngstown - OH USA | B151: Market Effective Rent/Unit | C151: 1.07 | D151: 1.07 | E151: 1.07 | F151: 1.08 | G151: 1.09 | H151: 1.09 | I151: 1.1 | J151: 1.1 | K151: 1.11 | L151: 1.12 | M151: 1.12 | N151: 1.13 | O151: 1.14 | P151: 1.14 | Q151: 1.14 | R151: 1.15 | S151: 1.16 | T151: 1.16 | U151: 1.17 | V151: 1.18 | W151: 1.18 | X151: 1.19 | Y151: 1.19 | Z151: 1.2 | AA151: 1.2 | AB151: 1.21 | AC151: 1.21 | AD151: 1.22 | AE151: 1.23 | AF151: 1.23 | AG151: 1.23 | AH151: 1.24 | AI151: 1.25 | AJ151: 1.25 | AK151: 1.26 | AL151: 1.26 | AM151: 1.27 | AN151: 1.28 | AO151: 1.28 | AP151: 1.29 | AQ151: 1.3
F153: 1 | N153: 3 | V153: 5 | AP153: 10
A154: Geography Name | B154: Concept Name | C154: =C1 -> 2026 Q2 EST | D154: =D1 -> 2026 Q3 | E154: =E1 -> 2026 Q4 | F154: =F1 -> 2027 Q1 | G154: =G1 -> 2027 Q2 | H154: =H1 -> 2027 Q3 | I154: =I1 -> 2027 Q4 | J154: =J1 -> 2028 Q1 | ... AP154: =AP1 -> 2036 Q1
A155: Akron - OH USA | B155: Market Effective Rent/Unit | C155: =C2/$C2 -> 1 | D155: =D2/$C2 -> 0.9924812 | E155: =E2/$C2 -> 0.9924812 | F155: =F2/$C2 -> 1 | G155: =G2/$C2 -> 1.0075188 | H155: =H2/$C2 -> 1.0075188 | I155: =I2/$C2 -> 1.0075188 | J155: =J2/$C2 -> 1.0150376 | ... AP155: =AP2/$C2 -> 1.1729323
A156: Albany - NY USA | B156: Market Effective Rent/Unit | C156: =C3/$C3 -> 1 | D156: =D3/$C3 -> 1 | E156: =E3/$C3 -> 0.99428571 | F156: =F3/$C3 -> 1.0057143 | G156: =G3/$C3 -> 1.0114286 | H156: =H3/$C3 -> 1.0171429 | I156: =I3/$C3 -> 1.0171429 | J156: =J3/$C3 -> 1.0285714 | ... AP156: =AP3/$C3 -> 1.2114286
A157: Albuquerque - NM USA | B157: Market Effective Rent/Unit | C157: =C4/$C4 -> 1 | D157: =D4/$C4 -> 0.99367089 | E157: =E4/$C4 -> 0.98101266 | F157: =F4/$C4 -> 0.98101266 | G157: =G4/$C4 -> 0.99367089 | H157: =H4/$C4 -> 0.99367089 | I157: =I4/$C4 -> 0.98734177 | J157: =J4/$C4 -> 0.99367089 | ... AP157: =AP4/$C4 -> 1.1582278
A158: Anchorage - AK USA | B158: Market Effective Rent/Unit | C158: =C5/$C5 -> 1 | D158: =D5/$C5 -> 0.995 | E158: =E5/$C5 -> 0.99 | F158: =F5/$C5 -> 1 | G158: =G5/$C5 -> 1.015 | H158: =H5/$C5 -> 1.015 | I158: =I5/$C5 -> 1.005 | J158: =J5/$C5 -> 1.02 | ... AP158: =AP5/$C5 -> 1.19
A159: Asheville - NC USA | B159: Market Effective Rent/Unit | C159: =C6/$C6 -> 1 | D159: =D6/$C6 -> 0.99350649 | E159: =E6/$C6 -> 0.98701299 | F159: =F6/$C6 -> 0.99350649 | G159: =G6/$C6 -> 1 | H159: =H6/$C6 -> 1 | I159: =I6/$C6 -> 0.99350649 | J159: =J6/$C6 -> 1.0064935 | ... AP159: =AP6/$C6 -> 1.1818182
A160: Atlanta - GA USA | B160: Market Effective Rent/Unit | C160: =C7/$C7 -> 1 | D160: =D7/$C7 -> 0.99367089 | E160: =E7/$C7 -> 0.98734177 | F160: =F7/$C7 -> 0.99367089 | G160: =G7/$C7 -> 1 | H160: =H7/$C7 -> 1 | I160: =I7/$C7 -> 0.99367089 | J160: =J7/$C7 -> 1.0063291 | ... AP160: =AP7/$C7 -> 1.1835443
A161: Augusta - GA USA | B161: Market Effective Rent/Unit | C161: =C8/$C8 -> 1 | D161: =D8/$C8 -> 0.99230769 | E161: =E8/$C8 -> 0.98461538 | F161: =F8/$C8 -> 0.99230769 | G161: =G8/$C8 -> 1 | H161: =H8/$C8 -> 1 | I161: =I8/$C8 -> 1 | J161: =J8/$C8 -> 1.0076923 | ... AP161: =AP8/$C8 -> 1.1923077
A162: Austin - TX USA | B162: Market Effective Rent/Unit | C162: =C9/$C9 -> 1 | D162: =D9/$C9 -> 0.99404762 | E162: =E9/$C9 -> 0.98214286 | F162: =F9/$C9 -> 0.98809524 | G162: =G9/$C9 -> 1 | H162: =H9/$C9 -> 0.99404762 | I162: =I9/$C9 -> 0.98809524 | J162: =J9/$C9 -> 0.99404762 | ... AP162: =AP9/$C9 -> 1.1130952
A163: Bakersfield - CA USA | B163: Market Effective Rent/Unit | C163: =C10/$C10 -> 1 | D163: =D10/$C10 -> 1 | E163: =E10/$C10 -> 1 | F163: =F10/$C10 -> 1.0060606 | G163: =G10/$C10 -> 1.0121212 | H163: =H10/$C10 -> 1.0181818 | I163: =I10/$C10 -> 1.0181818 | J163: =J10/$C10 -> 1.0242424 | ... AP163: =AP10/$C10 -> 1.230303
A164: Baltimore - MD USA | B164: Market Effective Rent/Unit | C164: =C11/$C11 -> 1 | D164: =D11/$C11 -> 0.9947644 | E164: =E11/$C11 -> 0.98429319 | F164: =F11/$C11 -> 0.9947644 | G164: =G11/$C11 -> 1.0104712 | H164: =H11/$C11 -> 1.0052356 | I164: =I11/$C11 -> 1.0052356 | J164: =J11/$C11 -> 1.0157068 | ... AP164: =AP11/$C11 -> 1.1989529
A165: Baton Rouge - LA USA | B165: Market Effective Rent/Unit | C165: =C12/$C12 -> 1 | D165: =D12/$C12 -> 0.992 | E165: =E12/$C12 -> 0.984 | F165: =F12/$C12 -> 0.992 | G165: =G12/$C12 -> 1 | H165: =H12/$C12 -> 1 | I165: =I12/$C12 -> 0.992 | J165: =J12/$C12 -> 1.008 | ... AP165: =AP12/$C12 -> 1.176
A166: Beaumont - TX USA | B166: Market Effective Rent/Unit | C166: =C13/$C13 -> 1 | D166: =D13/$C13 -> 0.99212598 | E166: =E13/$C13 -> 0.98425197 | F166: =F13/$C13 -> 0.99212598 | G166: =G13/$C13 -> 0.99212598 | H166: =H13/$C13 -> 0.99212598 | I166: =I13/$C13 -> 0.99212598 | J166: =J13/$C13 -> 1 | ... AP166: =AP13/$C13 -> 1.1653543
... A304: Youngstown - OH USA | B304: Market Effective Rent/Unit | C304: =C151/$C151 -> 1 | D304: =D151/$C151 -> 1 | E304: =E151/$C151 -> 1 | F304: =F151/$C151 -> 1.0093458 | G304: =G151/$C151 -> 1.0186916 | H304: =H151/$C151 -> 1.0186916 | I304: =I151/$C151 -> 1.0280374 | J304: =J151/$C151 -> 1.0280374 | ... AP304: =AP151/$C151 -> 1.2056075
B306: 1 | C306: 3 | D306: 5 | E306: 10 | G306: Market | H306: Index | I306: 1 | L306: Market | M306: Index | N306: 3 | P306: Market | Q306: Index | R306: 5 | T306: Market | U306: Index | V306: 10
A307: =A155 -> Akron - OH USA | B307: =F155 -> 1 | C307: =N155 -> 1.037594 | D307: =V155 -> 1.0827068 | E307: =AP155 -> 1.1729323 | G307: Akron - OH USA | H307: =B307 -> 1 | I307: =RANK(H307,H$307:H$456) -> 33 | L307: Akron - OH USA | M307: =C307 -> 1.037594 | N307: =RANK(M307,M$307:M$456) -> 79 | P307: Akron - OH USA | Q307: =D307 -> 1.0827068 | R307: =RANK(Q307,Q$307:Q$456) -> 69 | T307: Akron - OH USA | U307: =E307 -> 1.1729323 | V307: =RANK(U307,U$307:U$456) -> 114
A308: =A156 -> Albany - NY USA | B308: =F156 -> 1.0057143 | C308: =N156 -> 1.0514286 | D308: =V156 -> 1.0971429 | E308: =AP156 -> 1.2114286 | G308: Albany - NY USA | H308: =B308 -> 1.0057143 | I308: =RANK(H308,H$307:H$456) -> 23 | L308: Albany - NY USA | M308: =C308 -> 1.0514286 | N308: =RANK(M308,M$307:M$456) -> 22 | P308: Albany - NY USA | Q308: =D308 -> 1.0971429 | R308: =RANK(Q308,Q$307:Q$456) -> 24 | T308: Albany - NY USA | U308: =E308 -> 1.2114286 | V308: =RANK(U308,U$307:U$456) -> 34
A309: =A157 -> Albuquerque - NM USA | B309: =F157 -> 0.98101266 | C309: =N157 -> 1.0126582 | D309: =V157 -> 1.0506329 | E309: =AP157 -> 1.1582278 | G309: Albuquerque - NM USA | H309: =B309 -> 0.98101266 | I309: =RANK(H309,H$307:H$456) -> 143 | L309: Albuquerque - NM USA | M309: =C309 -> 1.0126582 | N309: =RANK(M309,M$307:M$456) -> 140 | P309: Albuquerque - NM USA | Q309: =D309 -> 1.0506329 | R309: =RANK(Q309,Q$307:Q$456) -> 137 | T309: Albuquerque - NM USA | U309: =E309 -> 1.1582278 | V309: =RANK(U309,U$307:U$456) -> 134
A310: =A158 -> Anchorage - AK USA | B310: =F158 -> 1 | C310: =N158 -> 1.04 | D310: =V158 -> 1.08 | E310: =AP158 -> 1.19 | G310: Anchorage - AK USA | H310: =B310 -> 1 | I310: =RANK(H310,H$307:H$456) -> 33 | L310: Anchorage - AK USA | M310: =C310 -> 1.04 | N310: =RANK(M310,M$307:M$456) -> 69 | P310: Anchorage - AK USA | Q310: =D310 -> 1.08 | R310: =RANK(Q310,Q$307:Q$456) -> 79 | T310: Anchorage - AK USA | U310: =E310 -> 1.19 | V310: =RANK(U310,U$307:U$456) -> 87
A311: =A159 -> Asheville - NC USA | B311: =F159 -> 0.99350649 | C311: =N159 -> 1.025974 | D311: =V159 -> 1.0714286 | E311: =AP159 -> 1.1818182 | G311: Asheville - NC USA | H311: =B311 -> 0.99350649 | I311: =RANK(H311,H$307:H$456) -> 88 | L311: Asheville - NC USA | M311: =C311 -> 1.025974 | N311: =RANK(M311,M$307:M$456) -> 113 | P311: Asheville - NC USA | Q311: =D311 -> 1.0714286 | R311: =RANK(Q311,Q$307:Q$456) -> 107 | T311: Asheville - NC USA | U311: =E311 -> 1.1818182 | V311: =RANK(U311,U$307:U$456) -> 105
A312: =A160 -> Atlanta - GA USA | B312: =F160 -> 0.99367089 | C312: =N160 -> 1.0253165 | D312: =V160 -> 1.0632911 | E312: =AP160 -> 1.1835443 | G312: Atlanta - GA USA | H312: =B312 -> 0.99367089 | I312: =RANK(H312,H$307:H$456) -> 85 | L312: Atlanta - GA USA | M312: =C312 -> 1.0253165 | N312: =RANK(M312,M$307:M$456) -> 114 | P312: Atlanta - GA USA | Q312: =D312 -> 1.0632911 | R312: =RANK(Q312,Q$307:Q$456) -> 123 | T312: Atlanta - GA USA | U312: =E312 -> 1.1835443 | V312: =RANK(U312,U$307:U$456) -> 103
A313: =A161 -> Augusta - GA USA | B313: =F161 -> 0.99230769 | C313: =N161 -> 1.0307692 | D313: =V161 -> 1.0769231 | E313: =AP161 -> 1.1923077 | G313: Augusta - GA USA | H313: =B313 -> 0.99230769 | I313: =RANK(H313,H$307:H$456) -> 102 | L313: Augusta - GA USA | M313: =C313 -> 1.0307692 | N313: =RANK(M313,M$307:M$456) -> 102 | P313: Augusta - GA USA | Q313: =D313 -> 1.0769231 | R313: =RANK(Q313,Q$307:Q$456) -> 93 | T313: Augusta - GA USA | U313: =E313 -> 1.1923077 | V313: =RANK(U313,U$307:U$456) -> 79
A314: =A162 -> Austin - TX USA | B314: =F162 -> 0.98809524 | C314: =N162 -> 1.0059524 | D314: =V162 -> 1.0297619 | E314: =AP162 -> 1.1130952 | G314: Austin - TX USA | H314: =B314 -> 0.98809524 | I314: =RANK(H314,H$307:H$456) -> 123 | L314: Austin - TX USA | M314: =C314 -> 1.0059524 | N314: =RANK(M314,M$307:M$456) -> 148 | P314: Austin - TX USA | Q314: =D314 -> 1.0297619 | R314: =RANK(Q314,Q$307:Q$456) -> 150 | T314: Austin - TX USA | U314: =E314 -> 1.1130952 | V314: =RANK(U314,U$307:U$456) -> 150
A315: =A163 -> Bakersfield - CA USA | B315: =F163 -> 1.0060606 | C315: =N163 -> 1.0484848 | D315: =V163 -> 1.0969697 | E315: =AP163 -> 1.230303 | G315: Bakersfield - CA USA | H315: =B315 -> 1.0060606 | I315: =RANK(H315,H$307:H$456) -> 19 | L315: Bakersfield - CA USA | M315: =C315 -> 1.0484848 | N315: =RANK(M315,M$307:M$456) -> 32 | P315: Bakersfield - CA USA | Q315: =D315 -> 1.0969697 | R315: =RANK(Q315,Q$307:Q$456) -> 25 | T315: Bakersfield - CA USA | U315: =E315 -> 1.230303 | V315: =RANK(U315,U$307:U$456) -> 17
A316: =A164 -> Baltimore - MD USA | B316: =F164 -> 0.9947644 | C316: =N164 -> 1.0366492 | D316: =V164 -> 1.0837696 | E316: =AP164 -> 1.1989529 | G316: Baltimore - MD USA | H316: =B316 -> 0.9947644 | I316: =RANK(H316,H$307:H$456) -> 79 | L316: Baltimore - MD USA | M316: =C316 -> 1.0366492 | N316: =RANK(M316,M$307:M$456) -> 82 | P316: Baltimore - MD USA | Q316: =D316 -> 1.0837696 | R316: =RANK(Q316,Q$307:Q$456) -> 62 | T316: Baltimore - MD USA | U316: =E316 -> 1.1989529 | V316: =RANK(U316,U$307:U$456) -> 65
A317: =A165 -> Baton Rouge - LA USA | B317: =F165 -> 0.992 | C317: =N165 -> 1.024 | D317: =V165 -> 1.064 | E317: =AP165 -> 1.176 | G317: Baton Rouge - LA USA | H317: =B317 -> 0.992 | I317: =RANK(H317,H$307:H$456) -> 109 | L317: Baton Rouge - LA USA | M317: =C317 -> 1.024 | N317: =RANK(M317,M$307:M$456) -> 120 | P317: Baton Rouge - LA USA | Q317: =D317 -> 1.064 | R317: =RANK(Q317,Q$307:Q$456) -> 121 | T317: Baton Rouge - LA USA | U317: =E317 -> 1.176 | V317: =RANK(U317,U$307:U$456) -> 112
A318: =A166 -> Beaumont - TX USA | B318: =F166 -> 0.99212598 | C318: =N166 -> 1.023622 | D318: =V166 -> 1.0629921 | E318: =AP166 -> 1.1653543 | G318: Beaumont - TX USA | H318: =B318 -> 0.99212598 | I318: =RANK(H318,H$307:H$456) -> 107 | L318: Beaumont - TX USA | M318: =C318 -> 1.023622 | N318: =RANK(M318,M$307:M$456) -> 123 | P318: Beaumont - TX USA | Q318: =D318 -> 1.0629921 | R318: =RANK(Q318,Q$307:Q$456) -> 124 | T318: Beaumont - TX USA | U318: =E318 -> 1.1653543 | V318: =RANK(U318,U$307:U$456) -> 126
... A456: =A304 -> Youngstown - OH USA | B456: =F304 -> 1.0093458 | C456: =N304 -> 1.0560748 | D456: =V304 -> 1.1028037 | E456: =AP304 -> 1.2056075 | G456: Youngstown - OH USA | H456: =B456 -> 1.0093458 | I456: =RANK(H456,H$307:H$456) -> 11 | L456: Youngstown - OH USA | M456: =C456 -> 1.0560748 | N456: =RANK(M456,M$307:M$456) -> 14 | P456: Youngstown - OH USA | Q456: =D456 -> 1.1028037 | R456: =RANK(Q456,Q$307:Q$456) -> 16 | T456: Youngstown - OH USA | U456: =E456 -> 1.2056075 | V456: =RANK(U456,U$307:U$456) -> 46

Sheet Effective Rent Historical
A1: Market | B1: 2016 Q1 | C1: 2016 Q2 | D1: 2016 Q3 | E1: 2016 Q4 | F1: 2017 Q1 | G1: 2017 Q2 | H1: 2017 Q3 | I1: 2017 Q4 | J1: 2018 Q1 | K1: 2018 Q2 | L1: 2018 Q3 | M1: 2018 Q4 | N1: 2019 Q1 | O1: 2019 Q2 | P1: 2019 Q3 | Q1: 2019 Q4 | R1: 2020 Q1 | S1: 2020 Q2 | T1: 2020 Q3 | U1: 2020 Q4 | V1: 2021 Q1 | W1: 2021 Q2 | X1: 2021 Q3 | Y1: 2021 Q4 | Z1: 2022 Q1 | AA1: 2022 Q2 | AB1: 2022 Q3 | AC1: 2022 Q4 | AD1: 2023 Q1 | AE1: 2023 Q2 | AF1: 2023 Q3 | AG1: 2023 Q4 | AH1: 2024 Q1 | AI1: 2024 Q2 | AJ1: 2024 Q3 | AK1: 2024 Q4 | AL1: 2025 Q1 | AM1: 2025 Q2 | AN1: 2025 Q3 | AO1: 2025 Q4 | AP1: 2026 Q1
A2: Akron - OH | B2: 0.93 | C2: 0.94 | D2: 0.94 | E2: 0.93 | F2: 0.94 | G2: 0.95 | H2: 0.96 | I2: 0.95 | J2: 0.95 | K2: 0.97 | L2: 0.97 | M2: 0.97 | N2: 0.98 | O2: 0.99 | P2: 1 | Q2: 1.01 | R2: 1.01 | S2: 1.02 | T2: 1.03 | U2: 1.04 | V2: 1.05 | W2: 1.09 | X2: 1.1 | Y2: 1.12 | Z2: 1.14 | AA2: 1.18 | AB2: 1.18 | AC2: 1.17 | AD2: 1.2 | AE2: 1.22 | AF2: 1.22 | AG2: 1.21 | AH2: 1.24 | AI2: 1.26 | AJ2: 1.26 | AK2: 1.25 | AL2: 1.27 | AM2: 1.3 | AN2: 1.29 | AO2: 1.29 | AP2: 1.3
A3: Albany - NY | B3: 1.22 | C3: 1.23 | D3: 1.25 | E3: 1.25 | F3: 1.25 | G3: 1.26 | H3: 1.27 | I3: 1.26 | J3: 1.27 | K3: 1.29 | L3: 1.29 | M3: 1.29 | N3: 1.3 | O3: 1.31 | P3: 1.32 | Q3: 1.33 | R3: 1.34 | S3: 1.35 | T3: 1.36 | U3: 1.37 | V3: 1.38 | W3: 1.41 | X3: 1.43 | Y3: 1.45 | Z3: 1.49 | AA3: 1.52 | AB3: 1.53 | AC3: 1.53 | AD3: 1.56 | AE3: 1.59 | AF3: 1.59 | AG3: 1.58 | AH3: 1.61 | AI3: 1.63 | AJ3: 1.63 | AK3: 1.63 | AL3: 1.65 | AM3: 1.68 | AN3: 1.68 | AO3: 1.69 | AP3: 1.71
A4: Albuquerque - NM | B4: 1.02 | C4: 1.03 | D4: 1.05 | E4: 1.04 | F4: 1.05 | G4: 1.07 | H4: 1.07 | I4: 1.07 | J4: 1.07 | K4: 1.09 | L4: 1.1 | M4: 1.1 | N4: 1.12 | O4: 1.15 | P4: 1.17 | Q4: 1.17 | R4: 1.18 | S4: 1.2 | T4: 1.23 | U4: 1.24 | V4: 1.28 | W4: 1.35 | X4: 1.41 | Y4: 1.41 | Z4: 1.44 | AA4: 1.5 | AB4: 1.52 | AC4: 1.52 | AD4: 1.53 | AE4: 1.55 | AF4: 1.55 | AG4: 1.53 | AH4: 1.55 | AI4: 1.57 | AJ4: 1.56 | AK4: 1.58 | AL4: 1.59 | AM4: 1.6 | AN4: 1.59 | AO4: 1.56 | AP4: 1.57
A5: Anchorage - AK | B5: 1.42 | C5: 1.38 | D5: 1.36 | E5: 1.34 | F5: 1.34 | G5: 1.34 | H5: 1.34 | I5: 1.35 | J5: 1.36 | K5: 1.38 | L5: 1.38 | M5: 1.38 | N5: 1.38 | O5: 1.39 | P5: 1.4 | Q5: 1.41 | R5: 1.45 | S5: 1.44 | T5: 1.45 | U5: 1.46 | V5: 1.48 | W5: 1.53 | X5: 1.58 | Y5: 1.61 | Z5: 1.67 | AA5: 1.76 | AB5: 1.76 | AC5: 1.75 | AD5: 1.77 | AE5: 1.86 | AF5: 1.88 | AG5: 1.85 | AH5: 1.88 | AI5: 1.91 | AJ5: 1.93 | AK5: 1.92 | AL5: 1.93 | AM5: 1.97 | AN5: 1.97 | AO5: 1.97 | AP5: 1.97
A6: Asheville - NC | B6: 1.22 | C6: 1.23 | D6: 1.24 | E6: 1.25 | F6: 1.24 | G6: 1.25 | H6: 1.27 | I6: 1.27 | J6: 1.27 | K6: 1.3 | L6: 1.31 | M6: 1.32 | N6: 1.33 | O6: 1.34 | P6: 1.36 | Q6: 1.35 | R6: 1.36 | S6: 1.36 | T6: 1.37 | U6: 1.4 | V6: 1.42 | W6: 1.49 | X6: 1.54 | Y6: 1.56 | Z6: 1.59 | AA6: 1.64 | AB6: 1.65 | AC6: 1.65 | AD6: 1.67 | AE6: 1.66 | AF6: 1.67 | AG6: 1.67 | AH6: 1.68 | AI6: 1.7 | AJ6: 1.68 | AK6: 1.67 | AL6: 1.63 | AM6: 1.62 | AN6: 1.59 | AO6: 1.57 | AP6: 1.53
A7: Atlanta - GA | B7: 1.17 | C7: 1.19 | D7: 1.2 | E7: 1.2 | F7: 1.21 | G7: 1.23 | H7: 1.24 | I7: 1.24 | J7: 1.26 | K7: 1.28 | L7: 1.3 | M7: 1.3 | N7: 1.32 | O7: 1.34 | P7: 1.36 | Q7: 1.36 | R7: 1.36 | S7: 1.36 | T7: 1.38 | U7: 1.4 | V7: 1.44 | W7: 1.54 | X7: 1.61 | Y7: 1.63 | Z7: 1.65 | AA7: 1.69 | AB7: 1.68 | AC7: 1.65 | AD7: 1.67 | AE7: 1.66 | AF7: 1.63 | AG7: 1.61 | AH7: 1.61 | AI7: 1.61 | AJ7: 1.59 | AK7: 1.57 | AL7: 1.59 | AM7: 1.59 | AN7: 1.58 | AO7: 1.56 | AP7: 1.57
A8: Augusta - GA | B8: 0.93 | C8: 0.93 | D8: 0.94 | E8: 0.93 | F8: 0.94 | G8: 0.96 | H8: 0.96 | I8: 0.96 | J8: 0.97 | K8: 0.99 | L8: 0.99 | M8: 0.99 | N8: 1 | O8: 1.02 | P8: 1.03 | Q8: 1.05 | R8: 1.06 | S8: 1.07 | T8: 1.09 | U8: 1.1 | V8: 1.12 | W8: 1.14 | X8: 1.17 | Y8: 1.19 | Z8: 1.21 | AA8: 1.24 | AB8: 1.25 | AC8: 1.22 | AD8: 1.23 | AE8: 1.25 | AF8: 1.25 | AG8: 1.23 | AH8: 1.24 | AI8: 1.25 | AJ8: 1.25 | AK8: 1.27 | AL8: 1.28 | AM8: 1.3 | AN8: 1.29 | AO8: 1.28 | AP8: 1.29
A9: Austin - TX | B9: 1.49 | C9: 1.5 | D9: 1.51 | E9: 1.5 | F9: 1.51 | G9: 1.53 | H9: 1.53 | I9: 1.52 | J9: 1.53 | K9: 1.57 | L9: 1.58 | M9: 1.58 | N9: 1.6 | O9: 1.63 | P9: 1.65 | Q9: 1.65 | R9: 1.66 | S9: 1.64 | T9: 1.64 | U9: 1.64 | V9: 1.7 | W9: 1.81 | X9: 1.88 | Y9: 1.9 | Z9: 1.94 | AA9: 1.99 | AB9: 1.97 | AC9: 1.94 | AD9: 1.95 | AE9: 1.95 | AF9: 1.89 | AG9: 1.85 | AH9: 1.84 | AI9: 1.83 | AJ9: 1.78 | AK9: 1.75 | AL9: 1.75 | AM9: 1.74 | AN9: 1.69 | AO9: 1.66 | AP9: 1.66
A10: Bakersfield - CA | B10: 1.08 | C10: 1.09 | D10: 1.1 | E10: 1.11 | F10: 1.11 | G10: 1.13 | H10: 1.14 | I10: 1.15 | J10: 1.15 | K10: 1.17 | L10: 1.18 | M10: 1.19 | N10: 1.2 | O10: 1.21 | P10: 1.23 | Q10: 1.24 | R10: 1.25 | S10: 1.26 | T10: 1.28 | U10: 1.3 | V10: 1.32 | W10: 1.36 | X10: 1.43 | Y10: 1.47 | Z10: 1.5 | AA10: 1.52 | AB10: 1.54 | AC10: 1.55 | AD10: 1.56 | AE10: 1.57 | AF10: 1.59 | AG10: 1.59 | AH10: 1.59 | AI10: 1.6 | AJ10: 1.61 | AK10: 1.61 | AL10: 1.61 | AM10: 1.62 | AN10: 1.62 | AO10: 1.62 | AP10: 1.63
A11: Baltimore - MD | B11: 1.41 | C11: 1.42 | D11: 1.41 | E11: 1.41 | F11: 1.42 | G11: 1.44 | H11: 1.44 | I11: 1.43 | J11: 1.44 | K11: 1.46 | L11: 1.47 | M11: 1.47 | N11: 1.49 | O11: 1.51 | P11: 1.53 | Q11: 1.52 | R11: 1.54 | S11: 1.54 | T11: 1.56 | U11: 1.58 | V11: 1.62 | W11: 1.69 | X11: 1.74 | Y11: 1.74 | Z11: 1.77 | AA11: 1.81 | AB11: 1.8 | AC11: 1.79 | AD11: 1.82 | AE11: 1.83 | AF11: 1.81 | AG11: 1.81 | AH11: 1.84 | AI11: 1.87 | AJ11: 1.86 | AK11: 1.85 | AL11: 1.88 | AM11: 1.89 | AN11: 1.88 | AO11: 1.86 | AP11: 1.89
A12: Baton Rouge - LA | B12: 1.03 | C12: 1.04 | D12: 1.07 | E12: 1.08 | F12: 1.08 | G12: 1.08 | H12: 1.07 | I12: 1.06 | J12: 1.06 | K12: 1.06 | L12: 1.06 | M12: 1.06 | N12: 1.05 | O12: 1.06 | P12: 1.06 | Q12: 1.06 | R12: 1.07 | S12: 1.08 | T12: 1.09 | U12: 1.09 | V12: 1.1 | W12: 1.14 | X12: 1.18 | Y12: 1.18 | Z12: 1.2 | AA12: 1.22 | AB12: 1.21 | AC12: 1.2 | AD12: 1.22 | AE12: 1.22 | AF12: 1.22 | AG12: 1.22 | AH12: 1.22 | AI12: 1.24 | AJ12: 1.23 | AK12: 1.22 | AL12: 1.23 | AM12: 1.25 | AN12: 1.23 | AO12: 1.23 | AP12: 1.24
A13: Beaumont - TX | B13: 0.93 | C13: 0.94 | D13: 0.94 | E13: 0.95 | F13: 0.96 | G13: 0.97 | H13: 0.98 | I13: 1 | J13: 1.01 | K13: 1.02 | L13: 1.01 | M13: 1.02 | N13: 1.02 | O13: 1.03 | P13: 1.04 | Q13: 1.05 | R13: 1.05 | S13: 1.05 | T13: 1.06 | U13: 1.05 | V13: 1.06 | W13: 1.07 | X13: 1.09 | Y13: 1.1 | Z13: 1.11 | AA13: 1.13 | AB13: 1.13 | AC13: 1.14 | AD13: 1.15 | AE13: 1.16 | AF13: 1.18 | AG13: 1.19 | AH13: 1.21 | AI13: 1.21 | AJ13: 1.21 | AK13: 1.22 | AL13: 1.24 | AM13: 1.27 | AN13: 1.27 | AO13: 1.26 | AP13: 1.27
... A151: Youngstown - OH | B151: 0.73 | C151: 0.74 | D151: 0.74 | E151: 0.74 | F151: 0.75 | G151: 0.75 | H151: 0.76 | I151: 0.76 | J151: 0.76 | K151: 0.76 | L151: 0.77 | M151: 0.77 | N151: 0.77 | O151: 0.78 | P151: 0.79 | Q151: 0.79 | R151: 0.79 | S151: 0.8 | T151: 0.8 | U151: 0.81 | V151: 0.82 | W151: 0.83 | X151: 0.84 | Y151: 0.85 | Z151: 0.87 | AA151: 0.89 | AB151: 0.9 | AC151: 0.92 | AD151: 0.93 | AE151: 0.94 | AF151: 0.95 | AG151: 0.97 | AH151: 0.98 | AI151: 1 | AJ151: 1 | AK151: 1.01 | AL151: 1.02 | AM151: 1.03 | AN151: 1.05 | AO151: 1.06 | AP151: 1.06
A153: Market
A154: Akron - OH | V154: =V2/$V2 -> 1 | W154: =W2/$V2 -> 1.0380952 | X154: =X2/$V2 -> 1.047619 | Y154: =Y2/$V2 -> 1.0666667 | Z154: =Z2/$V2 -> 1.0857143 | AA154: =AA2/$V2 -> 1.1238095 | AB154: =AB2/$V2 -> 1.1238095 | AC154: =AC2/$V2 -> 1.1142857 | ... AP154: =AP2/$V2 -> 1.2380952
A155: Albany - NY | V155: =V3/$V3 -> 1 | W155: =W3/$V3 -> 1.0217391 | X155: =X3/$V3 -> 1.0362319 | Y155: =Y3/$V3 -> 1.0507246 | Z155: =Z3/$V3 -> 1.0797101 | AA155: =AA3/$V3 -> 1.1014493 | AB155: =AB3/$V3 -> 1.1086957 | AC155: =AC3/$V3 -> 1.1086957 | ... AP155: =AP3/$V3 -> 1.2391304
A156: Albuquerque - NM | V156: =V4/$V4 -> 1 | W156: =W4/$V4 -> 1.0546875 | X156: =X4/$V4 -> 1.1015625 | Y156: =Y4/$V4 -> 1.1015625 | Z156: =Z4/$V4 -> 1.125 | AA156: =AA4/$V4 -> 1.171875 | AB156: =AB4/$V4 -> 1.1875 | AC156: =AC4/$V4 -> 1.1875 | ... AP156: =AP4/$V4 -> 1.2265625
A157: Anchorage - AK | V157: =V5/$V5 -> 1 | W157: =W5/$V5 -> 1.0337838 | X157: =X5/$V5 -> 1.0675676 | Y157: =Y5/$V5 -> 1.0878378 | Z157: =Z5/$V5 -> 1.1283784 | AA157: =AA5/$V5 -> 1.1891892 | AB157: =AB5/$V5 -> 1.1891892 | AC157: =AC5/$V5 -> 1.1824324 | ... AP157: =AP5/$V5 -> 1.3310811
A158: Asheville - NC | V158: =V6/$V6 -> 1 | W158: =W6/$V6 -> 1.0492958 | X158: =X6/$V6 -> 1.084507 | Y158: =Y6/$V6 -> 1.0985915 | Z158: =Z6/$V6 -> 1.1197183 | AA158: =AA6/$V6 -> 1.1549296 | AB158: =AB6/$V6 -> 1.1619718 | AC158: =AC6/$V6 -> 1.1619718 | ... AP158: =AP6/$V6 -> 1.0774648
A159: Atlanta - GA | V159: =V7/$V7 -> 1 | W159: =W7/$V7 -> 1.0694444 | X159: =X7/$V7 -> 1.1180556 | Y159: =Y7/$V7 -> 1.1319444 | Z159: =Z7/$V7 -> 1.1458333 | AA159: =AA7/$V7 -> 1.1736111 | AB159: =AB7/$V7 -> 1.1666667 | AC159: =AC7/$V7 -> 1.1458333 | ... AP159: =AP7/$V7 -> 1.0902778
A160: Augusta - GA | V160: =V8/$V8 -> 1 | W160: =W8/$V8 -> 1.0178571 | X160: =X8/$V8 -> 1.0446429 | Y160: =Y8/$V8 -> 1.0625 | Z160: =Z8/$V8 -> 1.0803571 | AA160: =AA8/$V8 -> 1.1071429 | AB160: =AB8/$V8 -> 1.1160714 | AC160: =AC8/$V8 -> 1.0892857 | ... AP160: =AP8/$V8 -> 1.1517857
A161: Austin - TX | V161: =V9/$V9 -> 1 | W161: =W9/$V9 -> 1.0647059 | X161: =X9/$V9 -> 1.1058824 | Y161: =Y9/$V9 -> 1.1176471 | Z161: =Z9/$V9 -> 1.1411765 | AA161: =AA9/$V9 -> 1.1705882 | AB161: =AB9/$V9 -> 1.1588235 | AC161: =AC9/$V9 -> 1.1411765 | ... AP161: =AP9/$V9 -> 0.97647059
A162: Bakersfield - CA | V162: =V10/$V10 -> 1 | W162: =W10/$V10 -> 1.030303 | X162: =X10/$V10 -> 1.0833333 | Y162: =Y10/$V10 -> 1.1136364 | Z162: =Z10/$V10 -> 1.1363636 | AA162: =AA10/$V10 -> 1.1515152 | AB162: =AB10/$V10 -> 1.1666667 | AC162: =AC10/$V10 -> 1.1742424 | ... AP162: =AP10/$V10 -> 1.2348485
A163: Baltimore - MD | V163: =V11/$V11 -> 1 | W163: =W11/$V11 -> 1.0432099 | X163: =X11/$V11 -> 1.0740741 | Y163: =Y11/$V11 -> 1.0740741 | Z163: =Z11/$V11 -> 1.0925926 | AA163: =AA11/$V11 -> 1.117284 | AB163: =AB11/$V11 -> 1.1111111 | AC163: =AC11/$V11 -> 1.1049383 | ... AP163: =AP11/$V11 -> 1.1666667
A164: Baton Rouge - LA | V164: =V12/$V12 -> 1 | W164: =W12/$V12 -> 1.0363636 | X164: =X12/$V12 -> 1.0727273 | Y164: =Y12/$V12 -> 1.0727273 | Z164: =Z12/$V12 -> 1.0909091 | AA164: =AA12/$V12 -> 1.1090909 | AB164: =AB12/$V12 -> 1.1 | AC164: =AC12/$V12 -> 1.0909091 | ... AP164: =AP12/$V12 -> 1.1272727
A165: Beaumont - TX | V165: =V13/$V13 -> 1 | W165: =W13/$V13 -> 1.009434 | X165: =X13/$V13 -> 1.0283019 | Y165: =Y13/$V13 -> 1.0377358 | Z165: =Z13/$V13 -> 1.0471698 | AA165: =AA13/$V13 -> 1.0660377 | AB165: =AB13/$V13 -> 1.0660377 | AC165: =AC13/$V13 -> 1.0754717 | ... AP165: =AP13/$V13 -> 1.1981132
... A303: Youngstown - OH | V303: =V151/$V151 -> 1 | W303: =W151/$V151 -> 1.0121951 | X303: =X151/$V151 -> 1.0243902 | Y303: =Y151/$V151 -> 1.0365854 | Z303: =Z151/$V151 -> 1.0609756 | AA303: =AA151/$V151 -> 1.0853659 | AB303: =AB151/$V151 -> 1.097561 | AC303: =AC151/$V151 -> 1.1219512 | ... AP303: =AP151/$V151 -> 1.2926829
A305: Market
A306: Akron - OH | B306: =B2/$B2 -> 1 | C306: =C2/$B2 -> 1.0107527 | D306: =D2/$B2 -> 1.0107527 | E306: =E2/$B2 -> 1 | F306: =F2/$B2 -> 1.0107527 | G306: =G2/$B2 -> 1.0215054 | H306: =H2/$B2 -> 1.0322581 | I306: =I2/$B2 -> 1.0215054 | ... AP306: =AP2/$B2 -> 1.3978495
A307: Albany - NY | B307: =B3/$B3 -> 1 | C307: =C3/$B3 -> 1.0081967 | D307: =D3/$B3 -> 1.0245902 | E307: =E3/$B3 -> 1.0245902 | F307: =F3/$B3 -> 1.0245902 | G307: =G3/$B3 -> 1.0327869 | H307: =H3/$B3 -> 1.0409836 | I307: =I3/$B3 -> 1.0327869 | ... AP307: =AP3/$B3 -> 1.4016393
A308: Albuquerque - NM | B308: =B4/$B4 -> 1 | C308: =C4/$B4 -> 1.0098039 | D308: =D4/$B4 -> 1.0294118 | E308: =E4/$B4 -> 1.0196078 | F308: =F4/$B4 -> 1.0294118 | G308: =G4/$B4 -> 1.0490196 | H308: =H4/$B4 -> 1.0490196 | I308: =I4/$B4 -> 1.0490196 | ... AP308: =AP4/$B4 -> 1.5392157
A309: Anchorage - AK | B309: =B5/$B5 -> 1 | C309: =C5/$B5 -> 0.97183099 | D309: =D5/$B5 -> 0.95774648 | E309: =E5/$B5 -> 0.94366197 | F309: =F5/$B5 -> 0.94366197 | G309: =G5/$B5 -> 0.94366197 | H309: =H5/$B5 -> 0.94366197 | I309: =I5/$B5 -> 0.95070423 | ... AP309: =AP5/$B5 -> 1.3873239
A310: Asheville - NC | B310: =B6/$B6 -> 1 | C310: =C6/$B6 -> 1.0081967 | D310: =D6/$B6 -> 1.0163934 | E310: =E6/$B6 -> 1.0245902 | F310: =F6/$B6 -> 1.0163934 | G310: =G6/$B6 -> 1.0245902 | H310: =H6/$B6 -> 1.0409836 | I310: =I6/$B6 -> 1.0409836 | ... AP310: =AP6/$B6 -> 1.2540984
A311: Atlanta - GA | B311: =B7/$B7 -> 1 | C311: =C7/$B7 -> 1.017094 | D311: =D7/$B7 -> 1.025641 | E311: =E7/$B7 -> 1.025641 | F311: =F7/$B7 -> 1.034188 | G311: =G7/$B7 -> 1.0512821 | H311: =H7/$B7 -> 1.0598291 | I311: =I7/$B7 -> 1.0598291 | ... AP311: =AP7/$B7 -> 1.3418803
A312: Augusta - GA | B312: =B8/$B8 -> 1 | C312: =C8/$B8 -> 1 | D312: =D8/$B8 -> 1.0107527 | E312: =E8/$B8 -> 1 | F312: =F8/$B8 -> 1.0107527 | G312: =G8/$B8 -> 1.0322581 | H312: =H8/$B8 -> 1.0322581 | I312: =I8/$B8 -> 1.0322581 | ... AP312: =AP8/$B8 -> 1.3870968
A313: Austin - TX | B313: =B9/$B9 -> 1 | C313: =C9/$B9 -> 1.0067114 | D313: =D9/$B9 -> 1.0134228 | E313: =E9/$B9 -> 1.0067114 | F313: =F9/$B9 -> 1.0134228 | G313: =G9/$B9 -> 1.0268456 | H313: =H9/$B9 -> 1.0268456 | I313: =I9/$B9 -> 1.0201342 | ... AP313: =AP9/$B9 -> 1.114094
A314: Bakersfield - CA | B314: =B10/$B10 -> 1 | C314: =C10/$B10 -> 1.0092593 | D314: =D10/$B10 -> 1.0185185 | E314: =E10/$B10 -> 1.0277778 | F314: =F10/$B10 -> 1.0277778 | G314: =G10/$B10 -> 1.0462963 | H314: =H10/$B10 -> 1.0555556 | I314: =I10/$B10 -> 1.0648148 | ... AP314: =AP10/$B10 -> 1.5092593
A315: Baltimore - MD | B315: =B11/$B11 -> 1 | C315: =C11/$B11 -> 1.0070922 | D315: =D11/$B11 -> 1 | E315: =E11/$B11 -> 1 | F315: =F11/$B11 -> 1.0070922 | G315: =G11/$B11 -> 1.0212766 | H315: =H11/$B11 -> 1.0212766 | I315: =I11/$B11 -> 1.0141844 | ... AP315: =AP11/$B11 -> 1.3404255
A316: Baton Rouge - LA | B316: =B12/$B12 -> 1 | C316: =C12/$B12 -> 1.0097087 | D316: =D12/$B12 -> 1.038835 | E316: =E12/$B12 -> 1.0485437 | F316: =F12/$B12 -> 1.0485437 | G316: =G12/$B12 -> 1.0485437 | H316: =H12/$B12 -> 1.038835 | I316: =I12/$B12 -> 1.0291262 | ... AP316: =AP12/$B12 -> 1.2038835
A317: Beaumont - TX | B317: =B13/$B13 -> 1 | C317: =C13/$B13 -> 1.0107527 | D317: =D13/$B13 -> 1.0107527 | E317: =E13/$B13 -> 1.0215054 | F317: =F13/$B13 -> 1.0322581 | G317: =G13/$B13 -> 1.0430108 | H317: =H13/$B13 -> 1.0537634 | I317: =I13/$B13 -> 1.0752688 | ... AP317: =AP13/$B13 -> 1.3655914
... A455: Youngstown - OH | B455: =B151/$B151 -> 1 | C455: =C151/$B151 -> 1.0136986 | D455: =D151/$B151 -> 1.0136986 | E455: =E151/$B151 -> 1.0136986 | F455: =F151/$B151 -> 1.0273973 | G455: =G151/$B151 -> 1.0273973 | H455: =H151/$B151 -> 1.0410959 | I455: =I151/$B151 -> 1.0410959 | ... AP455: =AP151/$B151 -> 1.4520548
A457: Market | B457: 5 | C457: Rank | F457: Market | G457: 10 Yr. Growth | H457: 10 Yr. Rank
A458: Akron - OH | B458: =AP154 -> 1.2380952 | C458: =RANK(B458,B$458:B$607) -> 28 | F458: Akron - OH | G458: =AP306 -> 1.3978495 | H458: =RANK(G458,G$458:G$607) -> 65
A459: Albany - NY | B459: =AP155 -> 1.2391304 | C459: =RANK(B459,B$458:B$607) -> 27 | F459: Albany - NY | G459: =AP307 -> 1.4016393 | H459: =RANK(G459,G$458:G$607) -> 64
A460: Albuquerque - NM | B460: =AP156 -> 1.2265625 | C460: =RANK(B460,B$458:B$607) -> 40 | F460: Albuquerque - NM | G460: =AP308 -> 1.5392157 | H460: =RANK(G460,G$458:G$607) -> 9
A461: Anchorage - AK | B461: =AP157 -> 1.3310811 | C461: =RANK(B461,B$458:B$607) -> 1 | F461: Anchorage - AK | G461: =AP309 -> 1.3873239 | H461: =RANK(G461,G$458:G$607) -> 70
A462: Asheville - NC | B462: =AP158 -> 1.0774648 | C462: =RANK(B462,B$458:B$607) -> 140 | F462: Asheville - NC | G462: =AP310 -> 1.2540984 | H462: =RANK(G462,G$458:G$607) -> 130
A463: Atlanta - GA | B463: =AP159 -> 1.0902778 | C463: =RANK(B463,B$458:B$607) -> 134 | F463: Atlanta - GA | G463: =AP311 -> 1.3418803 | H463: =RANK(G463,G$458:G$607) -> 98
A464: Augusta - GA | B464: =AP160 -> 1.1517857 | C464: =RANK(B464,B$458:B$607) -> 95 | F464: Augusta - GA | G464: =AP312 -> 1.3870968 | H464: =RANK(G464,G$458:G$607) -> 71
A465: Austin - TX | B465: =AP161 -> 0.97647059 | C465: =RANK(B465,B$458:B$607) -> 150 | F465: Austin - TX | G465: =AP313 -> 1.114094 | H465: =RANK(G465,G$458:G$607) -> 150
A466: Bakersfield - CA | B466: =AP162 -> 1.2348485 | C466: =RANK(B466,B$458:B$607) -> 32 | F466: Bakersfield - CA | G466: =AP314 -> 1.5092593 | H466: =RANK(G466,G$458:G$607) -> 16
A467: Baltimore - MD | B467: =AP163 -> 1.1666667 | C467: =RANK(B467,B$458:B$607) -> 87 | F467: Baltimore - MD | G467: =AP315 -> 1.3404255 | H467: =RANK(G467,G$458:G$607) -> 99
A468: Baton Rouge - LA | B468: =AP164 -> 1.1272727 | C468: =RANK(B468,B$458:B$607) -> 107 | F468: Baton Rouge - LA | G468: =AP316 -> 1.2038835 | H468: =RANK(G468,G$458:G$607) -> 140
A469: Beaumont - TX | B469: =AP165 -> 1.1981132 | C469: =RANK(B469,B$458:B$607) -> 66 | F469: Beaumont - TX | G469: =AP317 -> 1.3655914 | H469: =RANK(G469,G$458:G$607) -> 82
... A607: Youngstown - OH | B607: =AP303 -> 1.2926829 | C607: =RANK(B607,B$458:B$607) -> 3 | F607: Youngstown - OH | G607: =AP455 -> 1.4520548 | H607: =RANK(G607,G$458:G$607) -> 37

Sheet Historical Employment
A1: Market | B1: 2016 Q1 | C1: 2016 Q2 | D1: 2016 Q3 | E1: 2016 Q4 | F1: 2017 Q1 | G1: 2017 Q2 | H1: 2017 Q3 | I1: 2017 Q4 | J1: 2018 Q1 | K1: 2018 Q2 | L1: 2018 Q3 | M1: 2018 Q4 | N1: 2019 Q1 | O1: 2019 Q2 | P1: 2019 Q3 | Q1: 2019 Q4 | R1: 2020 Q1 | S1: 2020 Q2 | T1: 2020 Q3 | U1: 2020 Q4 | V1: 2021 Q1 | W1: 2021 Q2 | X1: 2021 Q3 | Y1: 2021 Q4 | Z1: 2022 Q1 | AA1: 2022 Q2 | AB1: 2022 Q3 | AC1: 2022 Q4 | AD1: 2023 Q1 | AE1: 2023 Q2 | AF1: 2023 Q3 | AG1: 2023 Q4 | AH1: 2024 Q1 | AI1: 2024 Q2 | AJ1: 2024 Q3 | AK1: 2024 Q4 | AL1: 2025 Q1 | AM1: 2025 Q2 | AN1: 2025 Q3 | AO1: 2025 Q4 | AP1: 2026 Q1
A2: Akron - OH | B2: 337786.19 | C2: 338697.38 | D2: 338833.31 | E2: 339153.41 | F2: 339049.09 | G2: 341271.91 | H2: 340146.41 | I2: 339832.09 | J2: 339554.19 | K2: 338046.5 | L2: 339375.22 | M2: 339592.91 | N2: 339994.59 | O2: 339478.5 | P2: 339789.62 | Q2: 339985.09 | R2: 340955.19 | S2: 300036.5 | T2: 317068.38 | U2: 319068.38 | V2: 320423.41 | W2: 322961.91 | X2: 324585.22 | Y2: 327036.81 | Z2: 327947.91 | AA2: 332633.09 | AB2: 335353.31 | AC2: 338694.41 | AD2: 340244.38 | AE2: 338916.09 | AF2: 338338 | AG2: 338504.41 | AH2: 339819.09 | AI2: 339384.5 | AJ2: 339524.59 | AK2: 338803 | AL2: 340945.31 | AM2: 342094.59 | AN2: 342061.41 | AO2: 341977.59 | AP2: 341754.09
A3: Albany - NY | B3: 459046.22 | C3: 460073.91 | D3: 463015.69 | E3: 463873.41 | F3: 464782 | G3: 465637.09 | H3: 467201.5 | I3: 468334.41 | J3: 467914.5 | K3: 469914.31 | L3: 470042.5 | M3: 470569.22 | N3: 469635.19 | O3: 469988.31 | P3: 470700.91 | Q3: 470225.5 | R3: 470763.5 | S3: 406680.38 | T3: 432621.88 | U3: 437060.41 | V3: 437932 | W3: 440218 | X3: 444876 | Y3: 451403.91 | Z3: 453559.22 | AA3: 454891.38 | AB3: 458067.91 | AC3: 459333.09 | AD3: 462885.72 | AE3: 464531.91 | AF3: 465414.72 | AG3: 467274.09 | AH3: 469477.22 | AI3: 471077.91 | AJ3: 472934.28 | AK3: 472819.09 | AL3: 476667.59 | AM3: 477053.72 | AN3: 478156 | AO3: 478376.09 | AP3: 478369.5
A4: Albuquerque - NM | B4: 383956.69 | C4: 385539.22 | D4: 387176.31 | E4: 386139.72 | F4: 387518 | G4: 388374.91 | H4: 389295.69 | I4: 389468.59 | J4: 391304.28 | K4: 393371.72 | L4: 394133.5 | M4: 394693.5 | N4: 395778.28 | O4: 397789.88 | P4: 399497.72 | Q4: 400655.09 | R4: 402092.5 | S4: 357545.09 | T4: 372968.41 | U4: 375247.09 | V4: 377827.59 | W4: 383338.28 | X4: 390795.09 | Y4: 396897.78 | Z4: 399778.09 | AA4: 400850.19 | AB4: 406454.59 | AC4: 410957.69 | AD4: 412623.41 | AE4: 414978.22 | AF4: 415590.5 | AG4: 418034.69 | AH4: 419888.31 | AI4: 420657.72 | AJ4: 422391.69 | AK4: 426263 | AL4: 429419.09 | AM4: 430217.5 | AN4: 430702.59 | AO4: 430268.5 | AP4: 430201.28
A5: Anchorage - AK | B5: 179829.09 | C5: 179322.09 | D5: 177978.11 | E5: 177496.5 | F5: 177297.61 | G5: 177393.5 | H5: 176737.5 | I5: 176041.5 | J5: 175817.39 | K5: 176101.3 | L5: 176032.81 | M5: 176455.09 | N5: 176271.3 | O5: 176799.19 | P5: 177225 | Q5: 176876.3 | R5: 176444.7 | S5: 155209.8 | T5: 160930.41 | U5: 165635.5 | V5: 167512.3 | W5: 167342.11 | X5: 168840.3 | Y5: 171096.09 | Z5: 172732.09 | AA5: 172572.5 | AB5: 173163.89 | AC5: 174444.59 | AD5: 176334.2 | AE5: 177500.5 | AF5: 178667.2 | AG5: 179076.7 | AH5: 180114.11 | AI5: 181245.5 | AJ5: 182113.8 | AK5: 183850 | AL5: 184041.5 | AM5: 184336 | AN5: 184761.7 | AO5: 184450.81 | AP5: 184329.41
A6: Asheville - NC | B6: 168128.59 | C6: 169049.5 | D6: 170464 | E6: 171373.59 | F6: 171971.3 | G6: 172267.11 | H6: 173871.91 | I6: 174643.3 | J6: 175817.39 | K6: 177167.2 | L6: 178364.3 | M6: 178519.3 | N6: 180198.81 | O6: 180395.8 | P6: 181390 | Q6: 181476.5 | R6: 180578.2 | S6: 152731.2 | T6: 166259 | U6: 171436.8 | V6: 173346 | W6: 175034.81 | X6: 178770.09 | Y6: 180069.7 | Z6: 181223.91 | AA6: 183420.7 | AB6: 185202.61 | AC6: 185072.5 | AD6: 187326 | AE6: 187857.5 | AF6: 189265.3 | AG6: 190552.59 | AH6: 190885.61 | AI6: 191630 | AJ6: 192175.5 | AK6: 188733 | AL6: 190299 | AM6: 190788 | AN6: 190903 | AO6: 190792.89 | AP6: 190817.7
A7: Atlanta - GA | B7: 2632685 | C7: 2657750 | D7: 2680577 | E7: 2697753 | F7: 2711328 | G7: 2727979 | H7: 2747629 | I7: 2762434 | J7: 2771545 | K7: 2789575 | L7: 2810163 | M7: 2820685 | N7: 2849997 | O7: 2855762 | P7: 2872385 | Q7: 2888424 | R7: 2896786 | S7: 2581359 | T7: 2693489 | U7: 2747056 | V7: 2787837 | W7: 2810082 | X7: 2868419 | Y7: 2916776 | Z7: 2951598 | AA7: 2980420 | AB7: 3011795 | AC7: 3034590 | AD7: 3049043 | AE7: 3057205 | AF7: 3068904 | AG7: 3081367 | AH7: 3095588 | AI7: 3115198 | AJ7: 3121908 | AK7: 3127456 | AL7: 3121378 | AM7: 3131271 | AN7: 3134346 | AO7: 3135449 | AP7: 3138053
A8: Augusta - GA | B8: 230354.09 | C8: 232015 | D8: 232006.61 | E8: 232435.89 | F8: 233988.8 | G8: 234749.3 | H8: 236449.7 | I8: 237296.5 | J8: 239015.8 | K8: 239420.5 | L8: 238785 | M8: 238813.7 | N8: 240009.91 | O8: 241937.5 | P8: 243630.3 | Q8: 244780 | R8: 245615.8 | S8: 222398.11 | T8: 233587 | U8: 237250.91 | V8: 236884 | W8: 235810.81 | X8: 239215.39 | Y8: 240392 | Z8: 240965.81 | AA8: 242353.61 | AB8: 244298.41 | AC8: 244675.59 | AD8: 245782.11 | AE8: 244537.8 | AF8: 244688.5 | AG8: 245196.3 | AH8: 246143.7 | AI8: 247392.7 | AJ8: 247966.2 | AK8: 247363 | AL8: 248188.41 | AM8: 249157.7 | AN8: 249328.59 | AO8: 248956.8 | AP8: 248900.2
A9: Austin - TX | B9: 986068.44 | C9: 994150.56 | D9: 1006658 | E9: 1013833 | F9: 1023239 | G9: 1032303.9 | H9: 1040131.9 | I9: 1047959.9 | J9: 1059730 | K9: 1072329 | L9: 1082543 | M9: 1092091 | N9: 1102428 | O9: 1112247 | P9: 1126190 | Q9: 1137228 | R9: 1146407 | S9: 1033448 | T9: 1085895 | U9: 1110371 | V9: 1124816 | W9: 1151047 | X9: 1187880 | Y9: 1219143 | Z9: 1238396 | AA9: 1259886 | AB9: 1292161 | AC9: 1306569 | AD9: 1317377 | AE9: 1325659 | AF9: 1333422 | AG9: 1343809 | AH9: 1350206 | AI9: 1357972 | AJ9: 1367859 | AK9: 1370630 | AL9: 1376698 | AM9: 1378174 | AN9: 1381643 | AO9: 1386467 | AP9: 1391602
A10: Bakersfield - CA | B10: 255284.19 | C10: 254521.7 | D10: 254050.2 | E10: 255429.91 | F10: 256192.69 | G10: 258250.89 | H10: 259574.89 | I10: 259901 | J10: 263210.22 | K10: 265367.72 | L10: 266996.88 | M10: 268611.31 | N10: 269732.31 | O10: 272075.72 | P10: 273117.81 | Q10: 276415 | R10: 278884.62 | S10: 248389.2 | T10: 257213.81 | U10: 261889.5 | V10: 261419.09 | W10: 267947.22 | X10: 273170.09 | Y10: 279842.5 | Z10: 284656.72 | AA10: 285180.59 | AB10: 286633.31 | AC10: 287154 | AD10: 288483.31 | AE10: 290761.19 | AF10: 291146.59 | AG10: 293101.28 | AH10: 293965.22 | AI10: 295108.19 | AJ10: 295968.41 | AK10: 297832.22 | AL10: 297812.72 | AM10: 297297.69 | AN10: 298272.09 | AO10: 298443.5 | AP10: 298654.38
A11: Baltimore - MD | B11: 1386944 | C11: 1392256 | D11: 1396395 | E11: 1402136 | F11: 1403900 | G11: 1408030 | H11: 1415666 | I11: 1417088 | J11: 1422680 | K11: 1427996 | L11: 1429746 | M11: 1428887 | N11: 1435899 | O11: 1436240 | P11: 1435126 | Q11: 1442445 | R11: 1437392 | S11: 1271722 | T11: 1326419 | U11: 1339054 | V11: 1352599 | W11: 1363913 | X11: 1380445 | Y11: 1391037 | Z11: 1401271 | AA11: 1402310 | AB11: 1415241 | AC11: 1409483 | AD11: 1418501 | AE11: 1431127 | AF11: 1437803 | AG11: 1442322 | AH11: 1465924 | AI11: 1458679 | AJ11: 1459651 | AK11: 1461034 | AL11: 1465673 | AM11: 1468871 | AN11: 1468303 | AO11: 1466161 | AP11: 1466005
A12: Baton Rouge - LA | B12: 407457.5 | C12: 408710.78 | D12: 406759.62 | E12: 406338.5 | F12: 410221.19 | G12: 410212.09 | H12: 410188.28 | I12: 409043.62 | J12: 410540.09 | K12: 415155.41 | L12: 416649.69 | M12: 418265.28 | N12: 418877.28 | O12: 417038.41 | P12: 414724.62 | Q12: 414822.5 | R12: 412959.81 | S12: 367626.72 | T12: 388015.81 | U12: 396184.91 | V12: 395328.88 | W12: 398457.41 | X12: 400658.28 | Y12: 409926.09 | Z12: 410467.72 | AA12: 410134.31 | AB12: 413770.91 | AC12: 413289.78 | AD12: 414555.31 | AE12: 415244.69 | AF12: 418923.19 | AG12: 423439 | AH12: 428658.91 | AI12: 431776.88 | AJ12: 430982.59 | AK12: 432851.72 | AL12: 435542.69 | AM12: 434931.22 | AN12: 435271.22 | AO12: 435902.59 | AP12: 436143
A13: Beaumont - TX | B13: 163508.19 | C13: 161901.91 | D13: 162218.41 | E13: 161790 | F13: 162284.19 | G13: 162080.91 | H13: 160576.59 | I13: 160361.61 | J13: 161407.2 | K13: 162644.7 | L13: 163242.5 | M13: 162804.8 | N13: 163090.89 | O13: 163378.59 | P13: 163297.61 | Q13: 164275.61 | R13: 163910.5 | S13: 147238.3 | T13: 150072.09 | U13: 150232.19 | V13: 148877.59 | W13: 149792 | X13: 150780 | Y13: 151553.7 | Z13: 154050.3 | AA13: 155634.8 | AB13: 158032.39 | AC13: 160218.5 | AD13: 160146.39 | AE13: 161215.81 | AF13: 162370.19 | AG13: 163097.31 | AH13: 166174.5 | AI13: 168056.11 | AJ13: 169077 | AK13: 170237.59 | AL13: 170455.91 | AM13: 170629.39 | AN13: 170651.2 | AO13: 170718.7 | AP13: 170736.5
... A105: Portland - OR | B105: 1137776 | C105: 1144949 | D105: 1150923 | E105: 1159051 | F105: 1166848 | G105: 1177708 | H105: 1185081 | I105: 1188580 | J105: 1193348 | K105: 1201333 | L105: 1205250 | M105: 1213379 | N105: 1218888 | O105: 1223541 | P105: 1230879 | Q105: 1236134 | R105: 1236213 | S105: 1083353 | T105: 1133617 | U105: 1137311 | V105: 1143784 | W105: 1161870 | X105: 1182382 | Y105: 1195546 | Z105: 1213654 | AA105: 1217325 | AB105: 1234562 | AC105: 1231807 | AD105: 1249362 | AE105: 1246034 | AF105: 1248738 | AG105: 1244697 | AH105: 1246092 | AI105: 1249685 | AJ105: 1254573 | AK105: 1251397 | AL105: 1253925 | AM105: 1252141 | AN105: 1247232 | AO105: 1247785 | AP105: 1248386
A106: Poughkeepsie - NY
A107: Providence - RI | B107: 719449.25 | C107: 719515.94 | D107: 722053.12 | E107: 723196.62 | F107: 725934.69 | G107: 727250.12 | H107: 730808.31 | I107: 730931.88 | J107: 730525.69 | K107: 733050.44 | L107: 733841.81 | M107: 734885.69 | N107: 736238.75 | O107: 735103.81 | P107: 736388.5 | Q107: 738973.38 | R107: 739514.12 | S107: 609551.56 | T107: 668990.44 | U107: 683146.5 | V107: 687450.31 | W107: 697208.81 | X107: 706350.25 | Y107: 713531.94 | Z107: 719733.81 | AA107: 725197.31 | AB107: 728272.69 | AC107: 729462.25 | AD107: 734082 | AE107: 733679.88 | AF107: 738931.19 | AG107: 740726.38 | AH107: 741465.88 | AI107: 744582.19 | AJ107: 744734.38 | AK107: 741787.88 | AL107: 741152 | AM107: 742692.69 | AN107: 743803 | AO107: 743606.81 | AP107: 743726.38
A108: Provo - UT | B108: 232946.8 | C108: 236702.5 | D108: 239520.7 | E108: 241387.2 | F108: 244241.89 | G108: 246833 | H108: 250678 | I108: 255107.09 | J108: 258417.91 | K108: 259905.09 | L108: 261900.78 | M108: 264949 | N108: 267036.28 | O108: 268645.59 | P108: 271551.78 | Q108: 273448.22 | R108: 272484.09 | S108: 261384.8 | T108: 275444.88 | U108: 280760.19 | V108: 285420.91 | W108: 288827.5 | X108: 293729.5 | Y108: 295762.31 | Z108: 301407.09 | AA108: 304115 | AB108: 305888.5 | AC108: 308076.69 | AD108: 308801.41 | AE108: 309676.78 | AF108: 311009.62 | AG108: 313150.69 | AH108: 313373.91 | AI108: 314742 | AJ108: 315022.09 | AK108: 319070.09 | AL108: 318994.19 | AM108: 319027.59 | AN108: 319725.5 | AO108: 320924.19 | AP108: 321888.69
A109: Raleigh - NC | B109: 587851.69 | C109: 592055.5 | D109: 596075.31 | E109: 600672.81 | F109: 603996.81 | G109: 608044.62 | H109: 616182.19 | I109: 619474.5 | J109: 624296.38 | K109: 629761.25 | L109: 628955 | M109: 633873.5 | N109: 640880.62 | O109: 641992 | P109: 645227.12 | Q109: 651602.12 | R109: 657075.5 | S109: 592938.81 | T109: 626261.12 | U109: 641137.5 | V109: 648914.12 | W109: 662241.81 | X109: 672328.94 | Y109: 678900.56 | Z109: 688664.12 | AA109: 698542.81 | AB109: 709848.88 | AC109: 712670.88 | AD109: 719925.88 | AE109: 725687.38 | AF109: 732032.5 | AG109: 738224.44 | AH109: 742966.62 | AI109: 748522.25 | AJ109: 751052.31 | AK109: 753460.38 | AL109: 759823.94 | AM109: 764823.75 | AN109: 762557.94 | AO109: 764123.31 | AP109: 765568.75
A110: Reading - PA | B110: 176106.2 | C110: 175665.2 | D110: 176182.69 | E110: 176764.41 | F110: 176764.89 | G110: 177160.5 | H110: 178037.09 | I110: 178937.81 | J110: 178979 | K110: 179798.5 | L110: 179463.5 | M110: 180117.41 | N110: 181463.59 | O110: 181894.39 | P110: 181856.41 | Q110: 181543.2 | R110: 181078.3 | S110: 151826.91 | T110: 165454.7 | U110: 167469.19 | V110: 167912.3 | W110: 168541 | X110: 170439.7 | Y110: 172159.61 | Z110: 174863.41 | AA110: 176798.7 | AB110: 177886.2 | AC110: 178875.7 | AD110: 179798.3 | AE110: 179898.3 | AF110: 180433.59 | AG110: 180711.3 | AH110: 181114.59 | AI110: 182046.8 | AJ110: 183083.2 | AK110: 184217.8 | AL110: 184677.31 | AM110: 185272 | AN110: 185369.3 | AO110: 185475.2 | AP110: 185534.3
A111: Reno - NV | B111: 227063.3 | C111: 228424.61 | D111: 231906.8 | E111: 233900 | F111: 236984.89 | G111: 240841 | H111: 244413.61 | I111: 246418.2 | J111: 249232.7 | K111: 253310.11 | L111: 256604.8 | M111: 257524.59 | N111: 257350.7 | O111: 259021.39 | P111: 260789.7 | Q111: 262680.91 | R111: 261916.81 | S111: 230302.59 | T111: 248466.8 | U111: 253454.3 | V111: 256885.5 | W111: 259122.19 | X111: 261907.41 | Y111: 265351.81 | Z111: 270437.19 | AA111: 272568.78 | AB111: 274428.31 | AC111: 275026.78 | AD111: 275126.72 | AE111: 277839.91 | AF111: 279782 | AG111: 281525.38 | AH111: 278925.12 | AI111: 280049 | AJ111: 280892.5 | AK111: 283116.22 | AL111: 283658.19 | AM111: 283691.5 | AN111: 283574.41 | AO111: 283734.31 | AP111: 283977.38
A112: Richmond - VA | B112: 653733.56 | C112: 655320.31 | D112: 655224 | E112: 660337.5 | F112: 661919.81 | G112: 663902.38 | H112: 666564.25 | I112: 665915.12 | J112: 669656.94 | K112: 672728.88 | L112: 676652 | M112: 678453.44 | N112: 678557.94 | O112: 680122.62 | P112: 681978.19 | Q112: 685803.88 | R112: 686310.75 | S112: 616652.31 | T112: 644157.25 | U112: 650972.88 | V112: 653114.38 | W112: 656547.19 | X112: 668297 | Y112: 672951.44 | Z112: 679572.88 | AA112: 683934.31 | AB112: 694019 | AC112: 696245.94 | AD112: 703471.62 | AE112: 704806.88 | AF112: 708736.81 | AG112: 710802.44 | AH112: 714853.88 | AI112: 719138.44 | AJ112: 723741.88 | AK112: 726102 | AL112: 727566.38 | AM112: 733332.06 | AN112: 737324.25 | AO112: 737141.75 | AP112: 737223.06
A113: Rochester - NY | B113: 519908.88 | C113: 520213.62 | D113: 518839.47 | E113: 519378.47 | F113: 519708.94 | G113: 521594.78 | H113: 521815.62 | I113: 522897.88 | J113: 523225.59 | K113: 525439.25 | L113: 526799.31 | M113: 526502.19 | N113: 525718.38 | O113: 526767.81 | P113: 524811.25 | Q113: 524061.84 | R113: 521966.81 | S113: 445064.09 | T113: 473206.31 | U113: 480736.38 | V113: 482235.28 | W113: 487406.81 | X113: 491059.69 | Y113: 496703.78 | Z113: 502911.28 | AA113: 501378.81 | AB113: 503761.59 | AC113: 505509.62 | AD113: 508185 | AE113: 510855.19 | AF113: 513272.59 | AG113: 511909.91 | AH113: 513630.38 | AI113: 516689.81 | AJ113: 516590.81 | AK113: 518472.22 | AL113: 521841.38 | AM113: 520179.06 | AN113: 521099.97 | AO113: 521210.22 | AP113: 521063
A114: Sacramento - CA | B114: 938269.12 | C114: 944815.44 | D114: 953893.38 | E114: 957329.56 | F114: 961121.88 | G114: 970554.5 | H114: 976221.62 | I114: 982610.12 | J114: 990108.5 | K114: 998085 | L114: 1003403 | M114: 1009490 | N114: 1014558 | O114: 1018802 | P114: 1024833 | Q114: 1031089 | R114: 1035100 | S114: 920875.5 | T114: 960990.88 | U114: 978409.75 | V114: 987572.31 | W114: 1004119 | X114: 1022438 | Y114: 1033423 | Z114: 1045218 | AA114: 1053205 | AB114: 1059569 | AC114: 1063759 | AD114: 1064101 | AE114: 1068999 | AF114: 1075270 | AG114: 1081799 | AH114: 1086421 | AI114: 1088107 | AJ114: 1092282 | AK114: 1097113 | AL114: 1097356 | AM114: 1096889 | AN114: 1095661 | AO114: 1097284 | AP114: 1098398
A115: Saint Louis - MO | B115: 1366103 | C115: 1370880 | D115: 1374251 | E115: 1379108 | F115: 1384093 | G115: 1388256 | H115: 1392408 | I115: 1389689 | J115: 1390598 | K115: 1390824 | L115: 1395672 | M115: 1396892 | N115: 1398754 | O115: 1403338 | P115: 1408738 | Q115: 1415244 | R115: 1414624 | S115: 1261573 | T115: 1329703 | U115: 1341788 | V115: 1352032 | W115: 1358585 | X115: 1373048 | Y115: 1384822 | Z115: 1392313 | AA115: 1399315 | AB115: 1406562 | AC115: 1411882 | AD115: 1421432 | AE115: 1422135 | AF115: 1427005 | AG115: 1427877 | AH115: 1429841 | AI115: 1436774 | AJ115: 1436319 | AK115: 1437087 | AL115: 1440008 | AM115: 1435607 | AN115: 1432793 | AO115: 1432682 | AP115: 1432418
A116: Salem - OR | B116: 159885 | C116: 161403.2 | D116: 163182.61 | E116: 163919.69 | F116: 164281.5 | G116: 165509.59 | H116: 166307.91 | I116: 167019.7 | J116: 168562.39 | K116: 169472.91 | L116: 169704.3 | M116: 170961.7 | N116: 171811.2 | O116: 172470 | P116: 173093.5 | Q116: 174776.2 | R116: 174144.5 | S116: 156348.5 | T116: 165119.5 | U116: 166035.59 | V116: 166778.91 | W116: 169173.7 | X116: 171506 | Y116: 172458.8 | Z116: 174497.09 | AA116: 175035 | AB116: 176921.8 | AC116: 178442.59 | AD116: 180098.09 | AE116: 181696.59 | AF116: 181833.3 | AG116: 183346.8 | AH116: 183815.8 | AI116: 184584.5 | AJ116: 184854.91 | AK116: 186860 | AL116: 189261.59 | AM116: 189250.2 | AN116: 189496.2 | AO116: 189788.61 | AP116: 189966.41
A117: Salinas - CA | B117: 135087.91 | C117: 135838 | D117: 135852.5 | E117: 136466.59 | F117: 136984.5 | G117: 138013.39 | H117: 140117.09 | I117: 140786.61 | J117: 142138.2 | K117: 142160.09 | L117: 142691.5 | M117: 144027.3 | N117: 144218.91 | O117: 145595.5 | P117: 144372.3 | Q117: 145307.91 | R117: 145642.7 | S117: 121850 | T117: 129729.6 | U117: 131094.8 | V117: 130409.5 | W117: 134606.3 | X117: 138117.8 | Y117: 140386.59 | Z117: 142228.39 | AA117: 142756.7 | AB117: 143200.3 | AC117: 143893.5 | AD117: 144591.41 | AE117: 144598 | AF117: 146039.91 | AG117: 146584 | AH117: 146932.61 | AI117: 148021.61 | AJ117: 148619.3 | AK117: 150070 | AL117: 150144.39 | AM117: 150638 | AN117: 150830.8 | AO117: 150860.31 | AP117: 150917.41
A118: Salisbury - MD | B118: 54314.371 | C118: 53956.211 | D118: 53396.75 | E118: 53541.77 | F118: 53195.93 | G118: 52795.293 | H118: 52947.949 | I118: 52599.398 | J118: 53014.777 | K118: 52926.98 | L118: 53126.258 | M118: 53103.008 | N118: 53087.75 | O118: 53083.062 | P118: 53044.23 | Q118: 53536.238 | R118: 52803.391 | S118: 46489.238 | T118: 50236.277 | U118: 51044.281 | V118: 51403.758 | W118: 51917.68 | X118: 52248.191 | Y118: 52379.07 | Z118: 53747.762 | AA118: 54174.34 | AB118: 54373.531 | AC118: 54272.398 | AD118: 54425.789 | AE118: 56047.539 | AF118: 56622.953 | AG118: 56678.711 | AH118: 57158.969 | AI118: 57265.281 | AJ118: 57395.262 | AK118: 57158.371 | AL118: 57521.352 | AM118: 57233.07 | AN118: 57297.07 | AO118: 57368.562 | AP118: 57408.008
... A151: Youngstown - OH | B151: 176405.39 | C151: 175332.7 | D151: 175650.7 | E151: 174401.8 | F151: 172637.09 | G151: 172300.41 | H151: 170739.59 | I151: 171913.5 | J151: 172090 | K151: 173536.5 | L151: 171469.61 | M151: 171161.5 | N151: 170746.2 | O151: 169406.2 | P151: 169495 | Q151: 168342.5 | R151: 167677.41 | S151: 143855.39 | T151: 155233.09 | U151: 155566.7 | V151: 156278.11 | W151: 158117.5 | X151: 159676.89 | Y151: 161391.41 | Z151: 162342.19 | AA151: 163920.59 | AB151: 164417.61 | AC151: 165549.11 | AD151: 166208.5 | AE151: 165112.11 | AF151: 166069.5 | AG151: 166666.8 | AH151: 167208.3 | AI151: 167622 | AJ151: 167973.91 | AK151: 167996.8 | AL151: 168950.11 | AM151: 169258.8 | AN151: 169219.89 | AO151: 169106.2 | AP151: 168928.41
A153: Market
A154: Akron - OH | V154: =IFERROR(V2/$V2,"") -> 1 | W154: =IFERROR(W2/$V2,"") -> 1.0079223 | X154: =IFERROR(X2/$V2,"") -> 1.0129885 | Y154: =IFERROR(Y2/$V2,"") -> 1.0206396 | Z154: =IFERROR(Z2/$V2,"") -> 1.023483 | AA154: =IFERROR(AA2/$V2,"") -> 1.0381049 | AB154: =IFERROR(AB2/$V2,"") -> 1.0465943 | AC154: =IFERROR(AC2/$V2,"") -> 1.0570214 | ... AP154: =IFERROR(AP2/$V2,"") -> 1.0665703
A155: Albany - NY | V155: =IFERROR(V3/$V3,"") -> 1 | W155: =IFERROR(W3/$V3,"") -> 1.00522 | X155: =IFERROR(X3/$V3,"") -> 1.0158563 | Y155: =IFERROR(Y3/$V3,"") -> 1.0307626 | Z155: =IFERROR(Z3/$V3,"") -> 1.0356841 | AA155: =IFERROR(AA3/$V3,"") -> 1.038726 | AB155: =IFERROR(AB3/$V3,"") -> 1.0459795 | AC155: =IFERROR(AC3/$V3,"") -> 1.0488685 | ... AP155: =IFERROR(AP3/$V3,"") -> 1.0923374
A156: Albuquerque - NM | V156: =IFERROR(V4/$V4,"") -> 1 | W156: =IFERROR(W4/$V4,"") -> 1.0145852 | X156: =IFERROR(X4/$V4,"") -> 1.0343212 | Y156: =IFERROR(Y4/$V4,"") -> 1.0504733 | Z156: =IFERROR(Z4/$V4,"") -> 1.0580966 | AA156: =IFERROR(AA4/$V4,"") -> 1.0609341 | AB156: =IFERROR(AB4/$V4,"") -> 1.0757674 | AC156: =IFERROR(AC4/$V4,"") -> 1.0876857 | ... AP156: =IFERROR(AP4/$V4,"") -> 1.138618
A157: Anchorage - AK | V157: =IFERROR(V5/$V5,"") -> 1 | W157: =IFERROR(W5/$V5,"") -> 0.99898403 | X157: =IFERROR(X5/$V5,"") -> 1.0079278 | Y157: =IFERROR(Y5/$V5,"") -> 1.0213942 | Z157: =IFERROR(Z5/$V5,"") -> 1.0311607 | AA157: =IFERROR(AA5/$V5,"") -> 1.030208 | AB157: =IFERROR(AB5/$V5,"") -> 1.0337384 | AC157: =IFERROR(AC5/$V5,"") -> 1.0413838 | ... AP157: =IFERROR(AP5/$V5,"") -> 1.1003933
A158: Asheville - NC | V158: =IFERROR(V6/$V6,"") -> 1 | W158: =IFERROR(W6/$V6,"") -> 1.0097424 | X158: =IFERROR(X6/$V6,"") -> 1.0312906 | Y158: =IFERROR(Y6/$V6,"") -> 1.0387878 | Z158: =IFERROR(Z6/$V6,"") -> 1.0454461 | AA158: =IFERROR(AA6/$V6,"") -> 1.058119 | AB158: =IFERROR(AB6/$V6,"") -> 1.0683985 | AC158: =IFERROR(AC6/$V6,"") -> 1.0676479 | ... AP158: =IFERROR(AP6/$V6,"") -> 1.1007909
A159: Atlanta - GA | V159: =IFERROR(V7/$V7,"") -> 1 | W159: =IFERROR(W7/$V7,"") -> 1.0079793 | X159: =IFERROR(X7/$V7,"") -> 1.0289048 | Y159: =IFERROR(Y7/$V7,"") -> 1.0462506 | Z159: =IFERROR(Z7/$V7,"") -> 1.0587412 | AA159: =IFERROR(AA7/$V7,"") -> 1.0690797 | AB159: =IFERROR(AB7/$V7,"") -> 1.080334 | AC159: =IFERROR(AC7/$V7,"") -> 1.0885106 | ... AP159: =IFERROR(AP7/$V7,"") -> 1.1256228
A160: Augusta - GA | V160: =IFERROR(V8/$V8,"") -> 1 | W160: =IFERROR(W8/$V8,"") -> 0.99546957 | X160: =IFERROR(X8/$V8,"") -> 1.0098419 | Y160: =IFERROR(Y8/$V8,"") -> 1.0148089 | Z160: =IFERROR(Z8/$V8,"") -> 1.0172313 | AA160: =IFERROR(AA8/$V8,"") -> 1.0230898 | AB160: =IFERROR(AB8/$V8,"") -> 1.0312997 | AC160: =IFERROR(AC8/$V8,"") -> 1.032892 | ... AP160: =IFERROR(AP8/$V8,"") -> 1.0507261
A161: Austin - TX | V161: =IFERROR(V9/$V9,"") -> 1 | W161: =IFERROR(W9/$V9,"") -> 1.0233203 | X161: =IFERROR(X9/$V9,"") -> 1.0560661 | Y161: =IFERROR(Y9/$V9,"") -> 1.0838599 | Z161: =IFERROR(Z9/$V9,"") -> 1.1009765 | AA161: =IFERROR(AA9/$V9,"") -> 1.1200819 | AB161: =IFERROR(AB9/$V9,"") -> 1.1487754 | AC161: =IFERROR(AC9/$V9,"") -> 1.1615847 | ... AP161: =IFERROR(AP9/$V9,"") -> 1.2371819
A162: Bakersfield - CA | V162: =IFERROR(V10/$V10,"") -> 1 | W162: =IFERROR(W10/$V10,"") -> 1.0249719 | X162: =IFERROR(X10/$V10,"") -> 1.0449508 | Y162: =IFERROR(Y10/$V10,"") -> 1.0704746 | Z162: =IFERROR(Z10/$V10,"") -> 1.0888903 | AA162: =IFERROR(AA10/$V10,"") -> 1.0908943 | AB162: =IFERROR(AB10/$V10,"") -> 1.0964513 | AC162: =IFERROR(AC10/$V10,"") -> 1.0984431 | ... AP162: =IFERROR(AP10/$V10,"") -> 1.1424352
A163: Baltimore - MD | V163: =IFERROR(V11/$V11,"") -> 1 | W163: =IFERROR(W11/$V11,"") -> 1.0083646 | X163: =IFERROR(X11/$V11,"") -> 1.020587 | Y163: =IFERROR(Y11/$V11,"") -> 1.0284179 | Z163: =IFERROR(Z11/$V11,"") -> 1.0359841 | AA163: =IFERROR(AA11/$V11,"") -> 1.0367522 | AB163: =IFERROR(AB11/$V11,"") -> 1.0463123 | AC163: =IFERROR(AC11/$V11,"") -> 1.0420553 | ... AP163: =IFERROR(AP11/$V11,"") -> 1.083843
A164: Baton Rouge - LA | V164: =IFERROR(V12/$V12,"") -> 1 | W164: =IFERROR(W12/$V12,"") -> 1.0079137 | X164: =IFERROR(X12/$V12,"") -> 1.0134809 | Y164: =IFERROR(Y12/$V12,"") -> 1.0369242 | Z164: =IFERROR(Z12/$V12,"") -> 1.0382943 | AA164: =IFERROR(AA12/$V12,"") -> 1.0374509 | AB164: =IFERROR(AB12/$V12,"") -> 1.0466498 | AC164: =IFERROR(AC12/$V12,"") -> 1.0454328 | ... AP164: =IFERROR(AP12/$V12,"") -> 1.1032409
A165: Beaumont - TX | V165: =IFERROR(V13/$V13,"") -> 1 | W165: =IFERROR(W13/$V13,"") -> 1.006142 | X165: =IFERROR(X13/$V13,"") -> 1.0127783 | Y165: =IFERROR(Y13/$V13,"") -> 1.0179752 | Z165: =IFERROR(Z13/$V13,"") -> 1.0347447 | AA165: =IFERROR(AA13/$V13,"") -> 1.0453876 | AB165: =IFERROR(AB13/$V13,"") -> 1.0614921 | AC165: =IFERROR(AC13/$V13,"") -> 1.076176 | ... AP165: =IFERROR(AP13/$V13,"") -> 1.1468247
... A303: Youngstown - OH | V303: =IFERROR(V151/$V151,"") -> 1 | W303: =IFERROR(W151/$V151,"") -> 1.01177 | X303: =IFERROR(X151/$V151,"") -> 1.0217483 | Y303: =IFERROR(Y151/$V151,"") -> 1.0327192 | Z303: =IFERROR(Z151/$V151,"") -> 1.0388031 | AA303: =IFERROR(AA151/$V151,"") -> 1.0489031 | AB303: =IFERROR(AB151/$V151,"") -> 1.0520834 | AC303: =IFERROR(AC151/$V151,"") -> 1.0593237 | ... AP303: =IFERROR(AP151/$V151,"") -> 1.0809473
A305: Market
A306: Akron - OH | B306: =IFERROR(B2/$B2,"") -> 1 | C306: =IFERROR(C2/$B2,"") -> 1.0026975 | D306: =IFERROR(D2/$B2,"") -> 1.0031 | E306: =IFERROR(E2/$B2,"") -> 1.0040476 | F306: =IFERROR(F2/$B2,"") -> 1.0037388 | G306: =IFERROR(G2/$B2,"") -> 1.0103193 | H306: =IFERROR(H2/$B2,"") -> 1.0069873 | I306: =IFERROR(I2/$B2,"") -> 1.0060568 | ... AP306: =IFERROR(AP2/$B2,"") -> 1.0117468
A307: Albany - NY | B307: =IFERROR(B3/$B3,"") -> 1 | C307: =IFERROR(C3/$B3,"") -> 1.0022387 | D307: =IFERROR(D3/$B3,"") -> 1.0086472 | E307: =IFERROR(E3/$B3,"") -> 1.0105157 | F307: =IFERROR(F3/$B3,"") -> 1.012495 | G307: =IFERROR(G3/$B3,"") -> 1.0143578 | H307: =IFERROR(H3/$B3,"") -> 1.0177657 | I307: =IFERROR(I3/$B3,"") -> 1.0202337 | ... AP307: =IFERROR(AP3/$B3,"") -> 1.0420944
A308: Albuquerque - NM | B308: =IFERROR(B4/$B4,"") -> 1 | C308: =IFERROR(C4/$B4,"") -> 1.0041216 | D308: =IFERROR(D4/$B4,"") -> 1.0083854 | E308: =IFERROR(E4/$B4,"") -> 1.0056856 | F308: =IFERROR(F4/$B4,"") -> 1.0092753 | G308: =IFERROR(G4/$B4,"") -> 1.0115071 | H308: =IFERROR(H4/$B4,"") -> 1.0139052 | I308: =IFERROR(I4/$B4,"") -> 1.0143555 | ... AP308: =IFERROR(AP4/$B4,"") -> 1.1204422
A309: Anchorage - AK | B309: =IFERROR(B5/$B5,"") -> 1 | C309: =IFERROR(C5/$B5,"") -> 0.99718066 | D309: =IFERROR(D5/$B5,"") -> 0.98970698 | E309: =IFERROR(E5/$B5,"") -> 0.98702883 | F309: =IFERROR(F5/$B5,"") -> 0.98592283 | G309: =IFERROR(G5/$B5,"") -> 0.98645606 | H309: =IFERROR(H5/$B5,"") -> 0.98280816 | I309: =IFERROR(I5/$B5,"") -> 0.97893781 | ... AP309: =IFERROR(AP5/$B5,"") -> 1.0250255
A310: Asheville - NC | B310: =IFERROR(B6/$B6,"") -> 1 | C310: =IFERROR(C6/$B6,"") -> 1.0054774 | D310: =IFERROR(D6/$B6,"") -> 1.0138906 | E310: =IFERROR(E6/$B6,"") -> 1.0193007 | F310: =IFERROR(F6/$B6,"") -> 1.0228557 | G310: =IFERROR(G6/$B6,"") -> 1.0246152 | H310: =IFERROR(H6/$B6,"") -> 1.0341602 | I310: =IFERROR(I6/$B6,"") -> 1.0387483 | ... AP310: =IFERROR(AP6/$B6,"") -> 1.1349509
A311: Atlanta - GA | B311: =IFERROR(B7/$B7,"") -> 1 | C311: =IFERROR(C7/$B7,"") -> 1.0095207 | D311: =IFERROR(D7/$B7,"") -> 1.0181913 | E311: =IFERROR(E7/$B7,"") -> 1.0247155 | F311: =IFERROR(F7/$B7,"") -> 1.0298718 | G311: =IFERROR(G7/$B7,"") -> 1.0361965 | H311: =IFERROR(H7/$B7,"") -> 1.0436604 | I311: =IFERROR(I7/$B7,"") -> 1.0492839 | ... AP311: =IFERROR(AP7/$B7,"") -> 1.1919592
A312: Augusta - GA | B312: =IFERROR(B8/$B8,"") -> 1 | C312: =IFERROR(C8/$B8,"") -> 1.0072102 | D312: =IFERROR(D8/$B8,"") -> 1.0071738 | E312: =IFERROR(E8/$B8,"") -> 1.0090374 | F312: =IFERROR(F8/$B8,"") -> 1.0157788 | G312: =IFERROR(G8/$B8,"") -> 1.0190802 | H312: =IFERROR(H8/$B8,"") -> 1.0264619 | I312: =IFERROR(I8/$B8,"") -> 1.030138 | ... AP312: =IFERROR(AP8/$B8,"") -> 1.0805113
A313: Austin - TX | B313: =IFERROR(B9/$B9,"") -> 1 | C313: =IFERROR(C9/$B9,"") -> 1.0081963 | D313: =IFERROR(D9/$B9,"") -> 1.0208805 | E313: =IFERROR(E9/$B9,"") -> 1.0281568 | F313: =IFERROR(F9/$B9,"") -> 1.0376957 | G313: =IFERROR(G9/$B9,"") -> 1.0468887 | H313: =IFERROR(H9/$B9,"") -> 1.0548273 | I313: =IFERROR(I9/$B9,"") -> 1.0627659 | ... AP313: =IFERROR(AP9/$B9,"") -> 1.4112631
A314: Bakersfield - CA | B314: =IFERROR(B10/$B10,"") -> 1 | C314: =IFERROR(C10/$B10,"") -> 0.99701319 | D314: =IFERROR(D10/$B10,"") -> 0.99516623 | E314: =IFERROR(E10/$B10,"") -> 1.0005708 | F314: =IFERROR(F10/$B10,"") -> 1.0035588 | G314: =IFERROR(G10/$B10,"") -> 1.0116212 | H314: =IFERROR(H10/$B10,"") -> 1.0168076 | I314: =IFERROR(I10/$B10,"") -> 1.018085 | ... AP314: =IFERROR(AP10/$B10,"") -> 1.1698898
A315: Baltimore - MD | B315: =IFERROR(B11/$B11,"") -> 1 | C315: =IFERROR(C11/$B11,"") -> 1.00383 | D315: =IFERROR(D11/$B11,"") -> 1.0068143 | E315: =IFERROR(E11/$B11,"") -> 1.0109536 | F315: =IFERROR(F11/$B11,"") -> 1.0122254 | G315: =IFERROR(G11/$B11,"") -> 1.0152032 | H315: =IFERROR(H11/$B11,"") -> 1.0207088 | I315: =IFERROR(I11/$B11,"") -> 1.0217341 | ... AP315: =IFERROR(AP11/$B11,"") -> 1.0570037
A316: Baton Rouge - LA | B316: =IFERROR(B12/$B12,"") -> 1 | C316: =IFERROR(C12/$B12,"") -> 1.0030759 | D316: =IFERROR(D12/$B12,"") -> 0.99828724 | E316: =IFERROR(E12/$B12,"") -> 0.9972537 | F316: =IFERROR(F12/$B12,"") -> 1.0067828 | G316: =IFERROR(G12/$B12,"") -> 1.0067604 | H316: =IFERROR(H12/$B12,"") -> 1.006702 | I316: =IFERROR(I12/$B12,"") -> 1.0038927 | ... AP316: =IFERROR(AP12/$B12,"") -> 1.0704012
A317: Beaumont - TX | B317: =IFERROR(B13/$B13,"") -> 1 | C317: =IFERROR(C13/$B13,"") -> 0.99017614 | D317: =IFERROR(D13/$B13,"") -> 0.99211182 | E317: =IFERROR(E13/$B13,"") -> 0.98949173 | F317: =IFERROR(F13/$B13,"") -> 0.99251414 | G317: =IFERROR(G13/$B13,"") -> 0.99127089 | H317: =IFERROR(H13/$B13,"") -> 0.98207066 | I317: =IFERROR(I13/$B13,"") -> 0.98075584 | ... AP317: =IFERROR(AP13/$B13,"") -> 1.0442076
... A455: Youngstown - OH | B455: =IFERROR(B151/$B151,"") -> 1 | C455: =IFERROR(C151/$B151,"") -> 0.99391919 | D455: =IFERROR(D151/$B151,"") -> 0.99572186 | E455: =IFERROR(E151/$B151,"") -> 0.98864211 | F455: =IFERROR(F151/$B151,"") -> 0.97863843 | G455: =IFERROR(G151/$B151,"") -> 0.97672982 | H455: =IFERROR(H151/$B151,"") -> 0.96788195 | I455: =IFERROR(I151/$B151,"") -> 0.97453655 | ... AP455: =IFERROR(AP151/$B151,"") -> 0.95761476
B457: 5 Year Growth | C457: 5 | D457: 5 Year Rank | F457: 10 Year Growth | G457: 10 | H457: 10 Year rank
B458: Akron - OH | C458: =AP154 -> 1.0665703 | D458: =IFERROR(RANK(C458,C$458:C$607),"") -> 134 | F458: Akron - OH | G458: =AP306 -> 1.0117468 | H458: =IFERROR(RANK(G458,G$458:G$607),"") -> 140
B459: Albany - NY | C459: =AP155 -> 1.0923374 | D459: =IFERROR(RANK(C459,C$458:C$607),"") -> 93 | F459: Albany - NY | G459: =AP307 -> 1.0420944 | H459: =IFERROR(RANK(G459,G$458:G$607),"") -> 125
B460: Albuquerque - NM | C460: =AP156 -> 1.138618 | D460: =IFERROR(RANK(C460,C$458:C$607),"") -> 40 | F460: Albuquerque - NM | G460: =AP308 -> 1.1204422 | H460: =IFERROR(RANK(G460,G$458:G$607),"") -> 68
B461: Anchorage - AK | C461: =AP157 -> 1.1003933 | D461: =IFERROR(RANK(C461,C$458:C$607),"") -> 87 | F461: Anchorage - AK | G461: =AP309 -> 1.0250255 | H461: =IFERROR(RANK(G461,G$458:G$607),"") -> 134
B462: Asheville - NC | C462: =AP158 -> 1.1007909 | D462: =IFERROR(RANK(C462,C$458:C$607),"") -> 86 | F462: Asheville - NC | G462: =AP310 -> 1.1349509 | H462: =IFERROR(RANK(G462,G$458:G$607),"") -> 58
B463: Atlanta - GA | C463: =AP159 -> 1.1256228 | D463: =IFERROR(RANK(C463,C$458:C$607),"") -> 52 | F463: Atlanta - GA | G463: =AP311 -> 1.1919592 | H463: =IFERROR(RANK(G463,G$458:G$607),"") -> 37
B464: Augusta - GA | C464: =AP160 -> 1.0507261 | D464: =IFERROR(RANK(C464,C$458:C$607),"") -> 145 | F464: Augusta - GA | G464: =AP312 -> 1.0805113 | H464: =IFERROR(RANK(G464,G$458:G$607),"") -> 93
B465: Austin - TX | C465: =AP161 -> 1.2371819 | D465: =IFERROR(RANK(C465,C$458:C$607),"") -> 3 | F465: Austin - TX | G465: =AP313 -> 1.4112631 | H465: =IFERROR(RANK(G465,G$458:G$607),"") -> 1
B466: Bakersfield - CA | C466: =AP162 -> 1.1424352 | D466: =IFERROR(RANK(C466,C$458:C$607),"") -> 29 | F466: Bakersfield - CA | G466: =AP314 -> 1.1698898 | H466: =IFERROR(RANK(G466,G$458:G$607),"") -> 49
B467: Baltimore - MD | C467: =AP163 -> 1.083843 | D467: =IFERROR(RANK(C467,C$458:C$607),"") -> 115 | F467: Baltimore - MD | G467: =AP315 -> 1.0570037 | H467: =IFERROR(RANK(G467,G$458:G$607),"") -> 108
B468: Baton Rouge - LA | C468: =AP164 -> 1.1032409 | D468: =IFERROR(RANK(C468,C$458:C$607),"") -> 82 | F468: Baton Rouge - LA | G468: =AP316 -> 1.0704012 | H468: =IFERROR(RANK(G468,G$458:G$607),"") -> 99
B469: Beaumont - TX | C469: =AP165 -> 1.1468247 | D469: =IFERROR(RANK(C469,C$458:C$607),"") -> 27 | F469: Beaumont - TX | G469: =AP317 -> 1.0442076 | H469: =IFERROR(RANK(G469,G$458:G$607),"") -> 123
... B607: Youngstown - OH | C607: =AP303 -> 1.0809473 | D607: =IFERROR(RANK(C607,C$458:C$607),"") -> 120 | F607: Youngstown - OH | G607: =AP455 -> 0.95761476 | H607: =IFERROR(RANK(G607,G$458:G$607),"") -> 149

Sheet Forward Employment
A1: Geography Name | B1: 2026 Q2 EST | C1: 2026 Q3 | D1: 2026 Q4 | E1: 2027 Q1 | F1: 2027 Q2 | G1: 2027 Q3 | H1: 2027 Q4 | I1: 2028 Q1 | J1: 2028 Q2 | K1: 2028 Q3 | L1: 2028 Q4 | M1: 2029 Q1 | N1: 2029 Q2 | O1: 2029 Q3 | P1: 2029 Q4 | Q1: 2030 Q1 | R1: 2030 Q2 | S1: 2030 Q3 | T1: 2030 Q4 | U1: 2031 Q1 | V1: 2031 Q2 | W1: 2031 Q3 | X1: 2031 Q4 | Y1: 2032 Q1 | Z1: 2032 Q2 | AA1: 2032 Q3 | AB1: 2032 Q4 | AC1: 2033 Q1 | AD1: 2033 Q2 | AE1: 2033 Q3 | AF1: 2033 Q4 | AG1: 2034 Q1 | AH1: 2034 Q2 | AI1: 2034 Q3 | AJ1: 2034 Q4 | AK1: 2035 Q1 | AL1: 2035 Q2 | AM1: 2035 Q3 | AN1: 2035 Q4 | AO1: 2035 Q1 | AP1: 2035 Q2
A2: Akron - OH (USA) | B2: 341598.69 | C2: 341530.5 | D2: 341500.69 | E2: 341463.19 | F2: 341426.41 | G2: 341389.59 | H2: 341350.09 | I2: 341293 | J2: 341236.69 | K2: 341168.78 | L2: 341104.19 | M2: 341063.59 | N2: 341050.91 | O2: 341047 | P2: 341059.22 | Q2: 341081.78 | R2: 341115.12 | S2: 341141.69 | T2: 341158.12 | U2: 341145.38 | V2: 334380 | W2: 334363.5 | X2: 334344.69 | Y2: 334327.31 | Z2: 334306.88 | AA2: 334286.28 | AB2: 334261.19 | AC2: 334232.91 | AD2: 334202.09 | AE2: 334170.19 | AF2: 334138.69 | AG2: 334105.59 | AH2: 334072.5 | AI2: 334037.91 | AJ2: 333999.12 | AK2: 333957.62 | AL2: 333914.31 | AM2: 333869.19 | AN2: 333822.12 | AO2: 340191.72 | AP2: 340197.12
A3: Albany - NY (USA) | B3: 478444.09 | C3: 478581.78 | D3: 478741.69 | E3: 478853.31 | F3: 478982.59 | G3: 479111 | H3: 479214.19 | I3: 479287.69 | J3: 479332.31 | K3: 479368.19 | L3: 479409.78 | M3: 479512.91 | N3: 479686 | O3: 479854.31 | P3: 480054.59 | Q3: 480259.88 | R3: 480474.41 | S3: 480687.72 | T3: 480893.19 | U3: 481086.31 | V3: 473595 | W3: 473782.5 | X3: 473973.12 | Y3: 474162.91 | Z3: 474346.72 | AA3: 474536.59 | AB3: 474716.62 | AC3: 474891.12 | AD3: 475059.91 | AE3: 475226.72 | AF3: 475388.31 | AG3: 475550.28 | AH3: 475711.91 | AI3: 475868.28 | AJ3: 476021.09 | AK3: 476173.19 | AL3: 476325.09 | AM3: 476472.5 | AN3: 476616.22 | AO3: 491003.38 | AP3: 491258
A4: Albuquerque - NM (USA) | B4: 430412.19 | C4: 430692.41 | D4: 430957.62 | E4: 431144.09 | F4: 431400.31 | G4: 431609.81 | H4: 431819.22 | I4: 431993.91 | J4: 432158.38 | K4: 432332.09 | L4: 432600.91 | M4: 432926.22 | N4: 433295.28 | O4: 433665 | P4: 434052.5 | Q4: 434441.41 | R4: 434828.09 | S4: 435217.5 | T4: 435597.59 | U4: 435946.19 | V4: 427507.12 | W4: 427838.72 | X4: 428170 | Y4: 428496.41 | Z4: 428818 | AA4: 429134.31 | AB4: 429441.41 | AC4: 429737.69 | AD4: 430030.91 | AE4: 430328.19 | AF4: 430621 | AG4: 430911.19 | AH4: 431204.41 | AI4: 431495.09 | AJ4: 431783.81 | AK4: 432064.5 | AL4: 432348.38 | AM4: 432632.91 | AN4: 432913.41 | AO4: 444737.31 | AP4: 445062
A5: Anchorage - AK (USA) | B5: 184269 | C5: 184235.11 | D5: 184229.2 | E5: 184232.5 | F5: 184280.91 | G5: 184344.3 | H5: 184401.31 | I5: 184451.2 | J5: 184509.7 | K5: 184571.8 | L5: 184638.2 | M5: 184719.3 | N5: 184823.89 | O5: 184933.2 | P5: 185050.59 | Q5: 185168.5 | R5: 185292.89 | S5: 185416.39 | T5: 185534.3 | U5: 185646.81 | V5: 180119 | W5: 180223.2 | X5: 180327.7 | Y5: 180430.5 | Z5: 180532 | AA5: 180630.41 | AB5: 180727.91 | AC5: 180823.7 | AD5: 180918.59 | AE5: 181013.39 | AF5: 181105.3 | AG5: 181196 | AH5: 181286.7 | AI5: 181377.3 | AJ5: 181465.3 | AK5: 181553.09 | AL5: 181639.89 | AM5: 181727 | AN5: 181812 | AO5: 190778.31 | AP5: 190886.91
A6: Asheville - NC (USA) | B6: 190918.59 | C6: 191054.8 | D6: 191221.5 | E6: 191424.89 | F6: 191640.2 | G6: 191856 | H6: 192076.41 | I6: 192296.5 | J6: 192521.81 | K6: 192745.3 | L6: 192969.3 | M6: 193221.2 | N6: 193492.09 | O6: 193778.2 | P6: 194071.91 | Q6: 194370.3 | R6: 194681.5 | S6: 194992.2 | T6: 195297.89 | U6: 195588.2 | V6: 194554.91 | W6: 194835.61 | X6: 195120.3 | Y6: 195398.89 | Z6: 195680.3 | AA6: 195959 | AB6: 196240.7 | AC6: 196516.41 | AD6: 196792.8 | AE6: 197070.8 | AF6: 197343.31 | AG6: 197619.59 | AH6: 197891.5 | AI6: 198167.09 | AJ6: 198437.81 | AK6: 198711.2 | AL6: 198981.5 | AM6: 199252.11 | AN6: 199519.81 | AO6: 222652 | AP6: 222960.69
A7: Atlanta - GA (USA) | B7: 3142102 | C7: 3146657 | D7: 3152088 | E7: 3157810 | F7: 3163542 | G7: 3169197 | H7: 3174766 | I7: 3180629 | J7: 3186393 | K7: 3192042 | L7: 3197492 | M7: 3203153 | N7: 3209028 | O7: 3215059 | P7: 3221225 | Q7: 3227453 | R7: 3233758 | S7: 3240022 | T7: 3246298 | U7: 3252555 | V7: 3207867 | W7: 3213765 | X7: 3219648 | Y7: 3225427 | Z7: 3231226 | AA7: 3237006 | AB7: 3242799 | AC7: 3248584 | AD7: 3254359 | AE7: 3260125 | AF7: 3265871 | AG7: 3271622 | AH7: 3277378 | AI7: 3283122 | AJ7: 3288856 | AK7: 3294604 | AL7: 3300360 | AM7: 3306100 | AN7: 3311833 | AO7: 3377261 | AP7: 3383230
A8: Augusta - GA (USA) | B8: 248927.91 | C8: 249026.09 | D8: 249150.3 | E8: 249284.19 | F8: 249447.59 | G8: 249626.8 | H8: 249819 | I8: 250006.61 | J8: 250163.5 | K8: 250307.91 | L8: 250441.7 | M8: 250595.09 | N8: 250776.91 | O8: 250969.41 | P8: 251170.3 | Q8: 251382.5 | R8: 251604.2 | S8: 251833.2 | T8: 252047.81 | U8: 252231 | V8: 249460.2 | W8: 249633 | X8: 249803.89 | Y8: 249973 | Z8: 250134.3 | AA8: 250295.7 | AB8: 250447.2 | AC8: 250596.89 | AD8: 250740.09 | AE8: 250883.11 | AF8: 251019.5 | AG8: 251157.89 | AH8: 251294.3 | AI8: 251430.61 | AJ8: 251558 | AK8: 251688.3 | AL8: 251813.5 | AM8: 251938.2 | AN8: 252057.41 | AO8: 257123.69 | AP8: 257261.11
A9: Austin - TX (USA) | B9: 1396348 | C9: 1401202 | D9: 1406260 | E9: 1411432 | F9: 1416682 | G9: 1421975 | H9: 1427212 | I9: 1431220 | J9: 1435194 | K9: 1439220 | L9: 1443286 | M9: 1447494 | N9: 1451889 | O9: 1456402 | P9: 1460997 | Q9: 1465630 | R9: 1470345 | S9: 1475096 | T9: 1479830 | U9: 1484533 | V9: 1459232 | W9: 1463851 | X9: 1468507 | Y9: 1473171 | Z9: 1477841 | AA9: 1482511 | AB9: 1487165 | AC9: 1491839 | AD9: 1496510 | AE9: 1501201 | AF9: 1505871 | AG9: 1510571 | AH9: 1515269 | AI9: 1519971 | AJ9: 1524650 | AK9: 1529352 | AL9: 1534052 | AM9: 1538764 | AN9: 1543449 | AO9: 1575927 | AP9: 1580758
A10: Bakersfield - CA (USA) | B10: 298990.38 | C10: 299359.91 | D10: 299731.28 | E10: 300085.12 | F10: 300436.81 | G10: 300791.69 | H10: 301150.22 | I10: 301517.59 | J10: 301879.59 | K10: 302221.72 | L10: 302565 | M10: 302946 | N10: 303379.69 | O10: 303813.12 | P10: 304266 | Q10: 304722.41 | R10: 305189.69 | S10: 305645 | T10: 306096.72 | U10: 306540.81 | V10: 304224.62 | W10: 304664.72 | X10: 305103.09 | Y10: 305553.5 | Z10: 305996.88 | AA10: 306441.31 | AB10: 306881.72 | AC10: 307322 | AD10: 307760.09 | AE10: 308195 | AF10: 308635.31 | AG10: 309073.09 | AH10: 309515.59 | AI10: 309951.59 | AJ10: 310391.59 | AK10: 310828.19 | AL10: 311264.91 | AM10: 311702.78 | AN10: 312137.69 | AO10: 314385.41 | AP10: 314843.19
A11: Baltimore - MD (USA) | B11: 1466236 | C11: 1466494 | D11: 1466960 | E11: 1467353 | F11: 1467856 | G11: 1468349 | H11: 1468806 | I11: 1469312 | J11: 1469878 | K11: 1470521 | L11: 1471215 | M11: 1472075 | N11: 1473113 | O11: 1474164 | P11: 1475289 | Q11: 1476428 | R11: 1477581 | S11: 1478716 | T11: 1479824 | U11: 1480948 | V11: 1456800 | W11: 1457830 | X11: 1458851 | Y11: 1459870 | Z11: 1460881 | AA11: 1461864 | AB11: 1462847 | AC11: 1463812 | AD11: 1464774 | AE11: 1465722 | AF11: 1466665 | AG11: 1467607 | AH11: 1468542 | AI11: 1469469 | AJ11: 1470390 | AK11: 1471313 | AL11: 1472239 | AM11: 1473158 | AN11: 1474072 | AO11: 1476950 | AP11: 1477901
A12: Baton Rouge - LA (USA) | B12: 436351.28 | C12: 436586.31 | D12: 436813.38 | E12: 437034.69 | F12: 437343.81 | G12: 437623.91 | H12: 437888.22 | I12: 438121.72 | J12: 438342.19 | K12: 438569.78 | L12: 438846.31 | M12: 439141.69 | N12: 439500.5 | O12: 439864.81 | P12: 440256.91 | Q12: 440660.19 | R12: 441068.5 | S12: 441463.59 | T12: 441847 | U12: 442230.41 | V12: 437264.31 | W12: 437591.72 | X12: 437913.59 | Y12: 438230.19 | Z12: 438538.91 | AA12: 438856.41 | AB12: 439168.62 | AC12: 439477.69 | AD12: 439790.09 | AE12: 440098.38 | AF12: 440407.09 | AG12: 440710.5 | AH12: 441015.28 | AI12: 441314.22 | AJ12: 441614.19 | AK12: 441908.12 | AL12: 442204.31 | AM12: 442493.19 | AN12: 442786.81 | AO12: 442320.81 | AP12: 442670.41
A13: Beaumont - TX (USA) | B13: 170746.2 | C13: 170733.5 | D13: 170725.59 | E13: 170709.59 | F13: 170720.39 | G13: 170749.2 | H13: 170772.59 | I13: 170778.59 | J13: 170790.69 | K13: 170811.2 | L13: 170840.81 | M13: 170867.5 | N13: 170923 | O13: 170978.7 | P13: 171038.5 | Q13: 171110.59 | R13: 171198.3 | S13: 171290.3 | T13: 171377.5 | U13: 171458.2 | V13: 170248.09 | W13: 170336.91 | X13: 170429.31 | Y13: 170517.81 | Z13: 170607.89 | AA13: 170694 | AB13: 170779.09 | AC13: 170863.3 | AD13: 170944.7 | AE13: 171029.5 | AF13: 171109.61 | AG13: 171192.31 | AH13: 171273.11 | AI13: 171354.41 | AJ13: 171431.31 | AK13: 171510.3 | AL13: 171587.2 | AM13: 171664.91 | AN13: 171737.59 | AO13: 171726.3 | AP13: 171825.89
... A105: Portland - OR (USA) | B105: 1249665 | C105: 1251112 | D105: 1252789 | E105: 1254388 | F105: 1255930 | G105: 1257324 | H105: 1258668 | I105: 1259972 | J105: 1261323 | K105: 1262685 | L105: 1264089 | M105: 1265656 | N105: 1267326 | O105: 1269063 | P105: 1270849 | Q105: 1272644 | R105: 1274492 | S105: 1276343 | T105: 1278177 | U105: 1279985 | V105: 1255505 | W105: 1257248 | X105: 1258982 | Y105: 1260726 | Z105: 1262462 | AA105: 1264206 | AB105: 1265944 | AC105: 1267688 | AD105: 1269424 | AE105: 1271162 | AF105: 1272898 | AG105: 1274639 | AH105: 1276382 | AI105: 1278119 | AJ105: 1279856 | AK105: 1281595 | AL105: 1283329 | AM105: 1285063 | AN105: 1286786 | AO105: 1336537 | AP105: 1338613
A106: Poughkeepsie - NY (USA) | V106: 280048.72 | W106: 280291.28 | X106: 280533.69 | Y106: 280779.78 | Z106: 281020.12 | AA106: 281260.91 | AB106: 281498.28 | AC106: 281733 | AD106: 281963.91 | AE106: 282194.5 | AF106: 282423.09 | AG106: 282651 | AH106: 282877.5 | AI106: 283102.91 | AJ106: 283327.78 | AK106: 283551.91 | AL106: 283774.28 | AM106: 283996.88 | AN106: 284220.09 | AO106: 146445.09 | AP106: 146495.61
A107: Providence - RI (USA) | B107: 743845.81 | C107: 743976.62 | D107: 744174.38 | E107: 744456.12 | F107: 744685.81 | G107: 744920.12 | H107: 745098.5 | I107: 745262 | J107: 745424.62 | K107: 745608.81 | L107: 745808.44 | M107: 746090.19 | N107: 746450.69 | O107: 746851.31 | P107: 747293.5 | Q107: 747746.19 | R107: 748196.75 | S107: 748623.88 | T107: 749029.62 | U107: 749403.06 | V107: 736205.31 | W107: 736564.81 | X107: 736920.25 | Y107: 737281.12 | Z107: 737628.81 | AA107: 737966.5 | AB107: 738293.5 | AC107: 738610.69 | AD107: 738930.94 | AE107: 739248.69 | AF107: 739567 | AG107: 739881.75 | AH107: 740196.75 | AI107: 740508.12 | AJ107: 740816.5 | AK107: 741121.69 | AL107: 741426.81 | AM107: 741725 | AN107: 742022.25 | AO107: 773146.31 | AP107: 773507.5
A108: Provo - UT (USA) | B108: 322866 | C108: 323812.28 | D108: 324823.78 | E108: 325795.69 | F108: 326824 | G108: 327882.38 | H108: 328956.69 | I108: 330021.91 | J108: 331077.41 | K108: 332141.5 | L108: 333215.31 | M108: 334318.38 | N108: 335494 | O108: 336680 | P108: 337891.81 | Q108: 339115.22 | R108: 340351.91 | S108: 341590.09 | T108: 342822 | U108: 344066.72 | V108: 341003.12 | W108: 342225.5 | X108: 343453.19 | Y108: 344676.31 | Z108: 345905.09 | AA108: 347135.09 | AB108: 348365 | AC108: 349595.41 | AD108: 350836.41 | AE108: 352073.31 | AF108: 353312 | AG108: 354551.78 | AH108: 355799.09 | AI108: 357044.5 | AJ108: 358290.72 | AK108: 359538 | AL108: 360794 | AM108: 362048 | AN108: 363303.72 | AO108: 369460.38 | AP108: 370775.5
A109: Raleigh - NC (USA) | B109: 767141.12 | C109: 768811.19 | D109: 770626.56 | E109: 772460.5 | F109: 774359.62 | G109: 776297.81 | H109: 778239.06 | I109: 780090.5 | J109: 781876.56 | K109: 783681.56 | L109: 785499.31 | M109: 787392.81 | N109: 789392.81 | O109: 791429.06 | P109: 793507.31 | Q109: 795593.06 | R109: 797637.31 | S109: 799679 | T109: 801708.12 | U109: 803741 | V109: 794905.88 | W109: 796930.44 | X109: 798971.69 | Y109: 801017.81 | Z109: 803069.5 | AA109: 805116.38 | AB109: 807161.81 | AC109: 809205.69 | AD109: 811253.75 | AE109: 813308.12 | AF109: 815356.31 | AG109: 817410.25 | AH109: 819467.25 | AI109: 821521.19 | AJ109: 823569.56 | AK109: 825623.5 | AL109: 827680.5 | AM109: 829732.62 | AN109: 831779.62 | AO109: 841050 | AP109: 843147.25
A110: Reading - PA (USA) | B110: 185607.09 | C110: 185685.3 | D110: 185787.5 | E110: 185870 | F110: 185958.89 | G110: 186049.7 | H110: 186136.59 | I110: 186205.2 | J110: 186276.5 | K110: 186354.2 | L110: 186433.91 | M110: 186527.41 | N110: 186634.2 | O110: 186754 | P110: 186887.5 | Q110: 187026.5 | R110: 187170 | S110: 187311.2 | T110: 187443.69 | U110: 187567.8 | V110: 184841.91 | W110: 184974.91 | X110: 185108.7 | Y110: 185246.2 | Z110: 185380.7 | AA110: 185510.89 | AB110: 185635.7 | AC110: 185757.2 | AD110: 185878.69 | AE110: 185995.8 | AF110: 186114 | AG110: 186230.5 | AH110: 186347.5 | AI110: 186461.81 | AJ110: 186576.3 | AK110: 186688.2 | AL110: 186800.91 | AM110: 186910.59 | AN110: 187020.7 | AO110: 188261.09 | AP110: 188395.7
A111: Reno - NV (USA) | B111: 284317.41 | C111: 284775.5 | D111: 285260.91 | E111: 285772.78 | F111: 286285.81 | G111: 286821.69 | H111: 287346.19 | I111: 287845.41 | J111: 288342 | K111: 288827.09 | L111: 289295.5 | M111: 289792.38 | N111: 290343.19 | O111: 290919.72 | P111: 291519.41 | Q111: 292133.5 | R111: 292767 | S111: 293396.91 | T111: 294021.5 | U111: 294621.88 | V111: 290032.09 | W111: 290604.19 | X111: 291187.19 | Y111: 291758 | Z111: 292332.88 | AA111: 292896.22 | AB111: 293452.78 | AC111: 294006 | AD111: 294561.31 | AE111: 295119.59 | AF111: 295671.38 | AG111: 296225.81 | AH111: 296779.12 | AI111: 297338.09 | AJ111: 297892.31 | AK111: 298448.31 | AL111: 299005.5 | AM111: 299568.22 | AN111: 300127.28 | AO111: 300779.12 | AP111: 301378.38
A112: Richmond - VA (USA) | B112: 737535.5 | C112: 737993.69 | D112: 738604.38 | E112: 739292.81 | F112: 740022.5 | G112: 740782.31 | H112: 741515.06 | I112: 742269.31 | J112: 742977.44 | K112: 743692.69 | L112: 744397.38 | M112: 745125.44 | N112: 745924.38 | O112: 746762.5 | P112: 747637.88 | Q112: 748530.19 | R112: 749439.81 | S112: 750348.69 | T112: 751235 | U112: 752120.81 | V112: 736287.19 | W112: 737136.31 | X112: 737974.31 | Y112: 738806.88 | Z112: 739636.12 | AA112: 740464.75 | AB112: 741287.5 | AC112: 742104.81 | AD112: 742930.94 | AE112: 743756.25 | AF112: 744576.88 | AG112: 745395.31 | AH112: 746216.12 | AI112: 747033.38 | AJ112: 747846.38 | AK112: 748655 | AL112: 749469 | AM112: 750280.5 | AN112: 751086.94 | AO112: 773163.06 | AP112: 774011.75
A113: Rochester - NY (USA) | B113: 521061.28 | C113: 521039.19 | D113: 521043.28 | E113: 520905.88 | F113: 520812.81 | G113: 520748.47 | H113: 520682.94 | I113: 520600.91 | J113: 520497.31 | K113: 520384.81 | L113: 520264.09 | M113: 520199.41 | N113: 520198 | O113: 520198.97 | P113: 520232.97 | Q113: 520271.91 | R113: 520349.5 | S113: 520422.19 | T113: 520476.06 | U113: 520528.06 | V113: 511891.81 | W113: 511934.38 | X113: 511973.78 | Y113: 512021.59 | Z113: 512061.22 | AA113: 512107.31 | AB113: 512149.28 | AC113: 512188 | AD113: 512229.97 | AE113: 512272.59 | AF113: 512314.56 | AG113: 512351.06 | AH113: 512392.56 | AI113: 512426.09 | AJ113: 512461.5 | AK113: 512492.38 | AL113: 512527.59 | AM113: 512557.12 | AN113: 512592.09 | AO113: 547865.19 | AP113: 548057.12
A114: Sacramento - CA (USA) | B114: 1099610 | C114: 1100929 | D114: 1102420 | E114: 1103947 | F114: 1105558 | G114: 1107199 | H114: 1108856 | I114: 1110534 | J114: 1112165 | K114: 1113739 | L114: 1115293 | M114: 1116973 | N114: 1118858 | O114: 1120759 | P114: 1122706 | Q114: 1124657 | R114: 1126625 | S114: 1128590 | T114: 1130538 | U114: 1132510 | V114: 1116806 | W114: 1118766 | X114: 1120721 | Y114: 1122683 | Z114: 1124628 | AA114: 1126571 | AB114: 1128488 | AC114: 1130408 | AD114: 1132318 | AE114: 1134215 | AF114: 1136119 | AG114: 1138015 | AH114: 1139927 | AI114: 1141814 | AJ114: 1143704 | AK114: 1145584 | AL114: 1147474 | AM114: 1149351 | AN114: 1151221 | AO114: 1192393 | AP114: 1194415
A115: Saint Louis - MO (USA) | B115: 1432263 | C115: 1432070 | D115: 1432156 | E115: 1432208 | F115: 1432439 | G115: 1432740 | H115: 1433058 | I115: 1433494 | J115: 1433948 | K115: 1434447 | L115: 1434929 | M115: 1435530 | N115: 1436279 | O115: 1437040 | P115: 1437863 | Q115: 1438723 | R115: 1439610 | S115: 1440455 | T115: 1441251 | U115: 1442074 | V115: 1426512 | W115: 1427293 | X115: 1428053 | Y115: 1428811 | Z115: 1429559 | AA115: 1430296 | AB115: 1431033 | AC115: 1431749 | AD115: 1432477 | AE115: 1433197 | AF115: 1433916 | AG115: 1434640 | AH115: 1435374 | AI115: 1436085 | AJ115: 1436789 | AK115: 1437500 | AL115: 1438218 | AM115: 1438922 | AN115: 1439624 | AO115: 1511209 | AP115: 1512047
A116: Salem - OR (USA) | B116: 190187.19 | C116: 190426.8 | D116: 190706.89 | E116: 190971 | F116: 191249.3 | G116: 191479 | H116: 191680.3 | I116: 191857.61 | J116: 192038.41 | K116: 192218.7 | L116: 192429.2 | M116: 192681.2 | N116: 192977 | O116: 193276.31 | P116: 193583.8 | Q116: 193890 | R116: 194213.39 | S116: 194542.09 | T116: 194870 | U116: 195204.3 | V116: 194880.59 | W116: 195235.5 | X116: 195589.09 | Y116: 195948.3 | Z116: 196305.8 | AA116: 196666 | AB116: 197022.91 | AC116: 197381.7 | AD116: 197742.2 | AE116: 198101.39 | AF116: 198459.5 | AG116: 198816.19 | AH116: 199177.59 | AI116: 199536 | AJ116: 199892.5 | AK116: 200248.2 | AL116: 200606.91 | AM116: 200964 | AN116: 201319 | AO116: 198241 | AP116: 198567.91
A117: Salinas - CA (USA) | B117: 150999 | C117: 151109.41 | D117: 151232.19 | E117: 151393.41 | F117: 151574 | G117: 151763.5 | H117: 151949.91 | I117: 152138.5 | J117: 152325.11 | K117: 152501.09 | L117: 152668.8 | M117: 152839.3 | N117: 153031.69 | O117: 153224.2 | P117: 153422.61 | Q117: 153622.8 | R117: 153834 | S117: 154043 | T117: 154253.69 | U117: 154464.7 | V117: 152341.8 | W117: 152542.41 | X117: 152743.19 | Y117: 152946 | Z117: 153145.91 | AA117: 153347.59 | AB117: 153544.8 | AC117: 153743.89 | AD117: 153939.3 | AE117: 154132.3 | AF117: 154327.39 | AG117: 154518.7 | AH117: 154712.59 | AI117: 154902.61 | AJ117: 155095.09 | AK117: 155283.91 | AL117: 155473.5 | AM117: 155662.8 | AN117: 155850.59 | AO117: 158376.3 | AP117: 158592.7
A118: Salisbury - MD (USA) | B118: 57435.809 | C118: 57474.621 | D118: 57518.539 | E118: 57561.762 | F118: 57604.383 | G118: 57646.871 | H118: 57687.918 | I118: 57726.508 | J118: 57762.902 | K118: 57794.98 | L118: 57829.82 | M118: 57873.211 | N118: 57925.91 | O118: 57979.16 | P118: 58035.727 | Q118: 58092.129 | R118: 58153.32 | S118: 58213.559 | T118: 58273.391 | U118: 58332.309 | V118: 57391.25 | W118: 57448.668 | X118: 57505.391 | Y118: 57563.609 | Z118: 57621.027 | AA118: 57678.242 | AB118: 57734.59 | AC118: 57791.258 | AD118: 57847.641 | AE118: 57902.723 | AF118: 57957 | AG118: 58010.77 | AH118: 58064.77 | AI118: 58117.57 | AJ118: 58170.09 | AK118: 58222.172 | AL118: 58274.25 | AM118: 58325.41 | AN118: 58376.32 | AO118: 186514.61 | AP118: 186812.5
... A151: Youngstown - OH (USA) | B151: 168737.2 | C151: 168587.8 | D151: 168461 | E151: 168342.7 | F151: 168237.91 | G151: 168135.3 | H151: 168028.5 | I151: 167914.7 | J151: 167803.5 | K151: 167687.3 | L151: 167566.8 | M151: 167446 | N151: 167345.5 | O151: 167242.09 | P151: 167145.41 | Q151: 167052.09 | R151: 166972.2 | S151: 166888 | T151: 166797.5 | U151: 166700.5 | V151: 163339.8 | W151: 163248.59 | X151: 163155.7 | Y151: 163064 | Z151: 162971.5 | AA151: 162878.91 | AB151: 162783 | AC151: 162684.09 | AD151: 162585.5 | AE151: 162485.31 | AF151: 162382.8 | AG151: 162279 | AH151: 162174.3 | AI151: 162065.91 | AJ151: 161955.41 | AK151: 161844.09 | AL151: 161731.7 | AM151: 161616.89 | AN151: 161499.3 | AO151: 208231.91 | AP151: 208129.39
E153: 1 | M153: 3 | U153: 5 | AO153: 10
A154: Geography Name | B154: 2026 Q2 EST | C154: 2026 Q3 | D154: 2026 Q4 | E154: 2027 Q1 | F154: 2027 Q2 | G154: 2027 Q3 | H154: 2027 Q4 | I154: 2028 Q1 | J154: 2028 Q2 | K154: 2028 Q3 | L154: 2028 Q4 | M154: 2029 Q1 | N154: 2029 Q2 | O154: 2029 Q3 | P154: 2029 Q4 | Q154: 2030 Q1 | R154: 2030 Q2 | S154: 2030 Q3 | T154: 2030 Q4 | U154: 2031 Q1 | V154: 2031 Q2 | W154: 2031 Q3 | X154: 2031 Q4 | Y154: 2032 Q1 | Z154: 2032 Q2 | AA154: 2032 Q3 | AB154: 2032 Q4 | AC154: 2033 Q1 | AD154: 2033 Q2 | AE154: 2033 Q3 | AF154: 2033 Q4 | AG154: 2034 Q1 | AH154: 2034 Q2 | AI154: 2034 Q3 | AJ154: 2034 Q4 | AK154: 2035 Q1 | AL154: 2035 Q2 | AM154: 2035 Q3 | AN154: 2035 Q4 | AO154: 2035 Q1 | AP154: 2035 Q2
A155: Akron - OH (USA) | B155: =IFERROR((B2/$B2),"") -> 1 | C155: =IFERROR((C2/$B2),"") -> 0.99980039 | D155: =IFERROR((D2/$B2),"") -> 0.99971311 | E155: =IFERROR((E2/$B2),"") -> 0.99960334 | F155: =IFERROR((F2/$B2),"") -> 0.99949566 | G155: =IFERROR((G2/$B2),"") -> 0.9993879 | H155: =IFERROR((H2/$B2),"") -> 0.99927226 | I155: =IFERROR((I2/$B2),"") -> 0.99910513 | ... AP155: =IFERROR((AP2/$B2),"") -> 0.99589705
A156: Albany - NY (USA) | B156: =IFERROR((B3/$B3),"") -> 1 | C156: =IFERROR((C3/$B3),"") -> 1.0002878 | D156: =IFERROR((D3/$B3),"") -> 1.000622 | E156: =IFERROR((E3/$B3),"") -> 1.0008553 | F156: =IFERROR((F3/$B3),"") -> 1.0011255 | G156: =IFERROR((G3/$B3),"") -> 1.0013939 | H156: =IFERROR((H3/$B3),"") -> 1.0016096 | I156: =IFERROR((I3/$B3),"") -> 1.0017632 | ... AP156: =IFERROR((AP3/$B3),"") -> 1.0267825
A157: Albuquerque - NM (USA) | B157: =IFERROR((B4/$B4),"") -> 1 | C157: =IFERROR((C4/$B4),"") -> 1.000651 | D157: =IFERROR((D4/$B4),"") -> 1.0012672 | E157: =IFERROR((E4/$B4),"") -> 1.0017005 | F157: =IFERROR((F4/$B4),"") -> 1.0022958 | G157: =IFERROR((G4/$B4),"") -> 1.0027825 | H157: =IFERROR((H4/$B4),"") -> 1.003269 | I157: =IFERROR((I4/$B4),"") -> 1.0036749 | ... AP157: =IFERROR((AP4/$B4),"") -> 1.0340367
A158: Anchorage - AK (USA) | B158: =IFERROR((B5/$B5),"") -> 1 | C158: =IFERROR((C5/$B5),"") -> 0.99981608 | D158: =IFERROR((D5/$B5),"") -> 0.99978403 | E158: =IFERROR((E5/$B5),"") -> 0.99980192 | F158: =IFERROR((F5/$B5),"") -> 1.0000646 | G158: =IFERROR((G5/$B5),"") -> 1.0004086 | H158: =IFERROR((H5/$B5),"") -> 1.000718 | I158: =IFERROR((I5/$B5),"") -> 1.0009888 | ... AP158: =IFERROR((AP5/$B5),"") -> 1.0359144
A159: Asheville - NC (USA) | B159: =IFERROR((B6/$B6),"") -> 1 | C159: =IFERROR((C6/$B6),"") -> 1.0007134 | D159: =IFERROR((D6/$B6),"") -> 1.0015866 | E159: =IFERROR((E6/$B6),"") -> 1.0026519 | F159: =IFERROR((F6/$B6),"") -> 1.0037797 | G159: =IFERROR((G6/$B6),"") -> 1.00491 | H159: =IFERROR((H6/$B6),"") -> 1.0060644 | I159: =IFERROR((I6/$B6),"") -> 1.0072172 | ... AP159: =IFERROR((AP6/$B6),"") -> 1.1678312
A160: Atlanta - GA (USA) | B160: =IFERROR((B7/$B7),"") -> 1 | C160: =IFERROR((C7/$B7),"") -> 1.0014497 | D160: =IFERROR((D7/$B7),"") -> 1.0031781 | E160: =IFERROR((E7/$B7),"") -> 1.0049992 | F160: =IFERROR((F7/$B7),"") -> 1.0068235 | G160: =IFERROR((G7/$B7),"") -> 1.0086232 | H160: =IFERROR((H7/$B7),"") -> 1.0103956 | I160: =IFERROR((I7/$B7),"") -> 1.0122615 | ... AP160: =IFERROR((AP7/$B7),"") -> 1.076741
A161: Augusta - GA (USA) | B161: =IFERROR((B8/$B8),"") -> 1 | C161: =IFERROR((C8/$B8),"") -> 1.0003944 | D161: =IFERROR((D8/$B8),"") -> 1.0008934 | E161: =IFERROR((E8/$B8),"") -> 1.0014313 | F161: =IFERROR((F8/$B8),"") -> 1.0020877 | G161: =IFERROR((G8/$B8),"") -> 1.0028076 | H161: =IFERROR((H8/$B8),"") -> 1.0035797 | I161: =IFERROR((I8/$B8),"") -> 1.0043334 | ... AP161: =IFERROR((AP8/$B8),"") -> 1.0334764
A162: Austin - TX (USA) | B162: =IFERROR((B9/$B9),"") -> 1 | C162: =IFERROR((C9/$B9),"") -> 1.0034762 | D162: =IFERROR((D9/$B9),"") -> 1.0070985 | E162: =IFERROR((E9/$B9),"") -> 1.0108025 | F162: =IFERROR((F9/$B9),"") -> 1.0145623 | G162: =IFERROR((G9/$B9),"") -> 1.0183529 | H162: =IFERROR((H9/$B9),"") -> 1.0221034 | I162: =IFERROR((I9/$B9),"") -> 1.0249737 | ... AP162: =IFERROR((AP9/$B9),"") -> 1.1320659
A163: Bakersfield - CA (USA) | B163: =IFERROR((B10/$B10),"") -> 1 | C163: =IFERROR((C10/$B10),"") -> 1.0012359 | D163: =IFERROR((D10/$B10),"") -> 1.002478 | E163: =IFERROR((E10/$B10),"") -> 1.0036615 | F163: =IFERROR((F10/$B10),"") -> 1.0048377 | G163: =IFERROR((G10/$B10),"") -> 1.0060247 | H163: =IFERROR((H10/$B10),"") -> 1.0072238 | I163: =IFERROR((I10/$B10),"") -> 1.0084525 | ... AP163: =IFERROR((AP10/$B10),"") -> 1.0530211
A164: Baltimore - MD (USA) | B164: =IFERROR((B11/$B11),"") -> 1 | C164: =IFERROR((C11/$B11),"") -> 1.000176 | D164: =IFERROR((D11/$B11),"") -> 1.0004938 | E164: =IFERROR((E11/$B11),"") -> 1.0007618 | F164: =IFERROR((F11/$B11),"") -> 1.0011049 | G164: =IFERROR((G11/$B11),"") -> 1.0014411 | H164: =IFERROR((H11/$B11),"") -> 1.0017528 | I164: =IFERROR((I11/$B11),"") -> 1.0020979 | ... AP164: =IFERROR((AP11/$B11),"") -> 1.0079557
A165: Baton Rouge - LA (USA) | B165: =IFERROR((B12/$B12),"") -> 1 | C165: =IFERROR((C12/$B12),"") -> 1.0005386 | D165: =IFERROR((D12/$B12),"") -> 1.001059 | E165: =IFERROR((E12/$B12),"") -> 1.0015662 | F165: =IFERROR((F12/$B12),"") -> 1.0022746 | G165: =IFERROR((G12/$B12),"") -> 1.0029165 | H165: =IFERROR((H12/$B12),"") -> 1.0035222 | I165: =IFERROR((I12/$B12),"") -> 1.0040574 | ... AP165: =IFERROR((AP12/$B12),"") -> 1.0144817
A166: Beaumont - TX (USA) | B166: =IFERROR((B13/$B13),"") -> 1 | C166: =IFERROR((C13/$B13),"") -> 0.9999256 | D166: =IFERROR((D13/$B13),"") -> 0.9998793 | E166: =IFERROR((E13/$B13),"") -> 0.99978559 | F166: =IFERROR((F13/$B13),"") -> 0.99984883 | G166: =IFERROR((G13/$B13),"") -> 1.0000176 | H166: =IFERROR((H13/$B13),"") -> 1.0001546 | I166: =IFERROR((I13/$B13),"") -> 1.0001897 | ... AP166: =IFERROR((AP13/$B13),"") -> 1.0063233
... A304: Youngstown - OH (USA) | B304: =IFERROR((B151/$B151),"") -> 1 | C304: =IFERROR((C151/$B151),"") -> 0.99911456 | D304: =IFERROR((D151/$B151),"") -> 0.99836312 | E304: =IFERROR((E151/$B151),"") -> 0.99766204 | F304: =IFERROR((F151/$B151),"") -> 0.99704098 | G304: =IFERROR((G151/$B151),"") -> 0.99643288 | H304: =IFERROR((H151/$B151),"") -> 0.99579996 | I304: =IFERROR((I151/$B151),"") -> 0.99512556 | ... AP304: =IFERROR((AP151/$B151),"") -> 1.2334529
A307: Geography Name | B307: 1 | C307: 3 | D307: 5 | E307: 10 | G307: Geography Name | H307: 1 | I307: 1 Year Growth | K307: Geography Name | L307: 3 | M307: 3 Year Growth | O307: Geography Name | P307: 5 | Q307: 5 Year Growth | S307: Geography Name | T307: 10 | U307: 10 Year Growth
A308: Akron - OH (USA) | B308: =E155 -> 0.99960334 | C308: =M155 -> 0.99843356 | D308: =U155 -> 0.99867297 | E308: =AO155 -> 0.99588122 | G308: Akron - OH (USA) | H308: =B308 -> 0.99960334 | I308: =IFERROR(RANK(H308,H$308:H$457),"") -> 140 | K308: Akron - OH (USA) | L308: =C308 -> 0.99843356 | M308: =IFERROR(RANK(L308,L$308:L$457),"") -> 140 | O308: Akron - OH (USA) | P308: =D308 -> 0.99867297 | Q308: =IFERROR(RANK(P308,P$308:P$457),"") -> 144 | S308: Akron - OH (USA) | T308: =E308 -> 0.99588122 | U308: =IFERROR(RANK(T308,T$308:T$457),"") -> 143
A309: Albany - NY (USA) | B309: =E156 -> 1.0008553 | C309: =M156 -> 1.0022339 | D309: =U156 -> 1.0055225 | E309: =AO156 -> 1.0262503 | G309: Albany - NY (USA) | H309: =B309 -> 1.0008553 | I309: =IFERROR(RANK(H309,H$308:H$457),"") -> 113 | K309: Albany - NY (USA) | L309: =C309 -> 1.0022339 | M309: =IFERROR(RANK(L309,L$308:L$457),"") -> 126 | O309: Albany - NY (USA) | P309: =D309 -> 1.0055225 | Q309: =IFERROR(RANK(P309,P$308:P$457),"") -> 127 | S309: Albany - NY (USA) | T309: =E309 -> 1.0262503 | U309: =IFERROR(RANK(T309,T$308:T$457),"") -> 123
A310: Albuquerque - NM (USA) | B310: =E157 -> 1.0017005 | C310: =M157 -> 1.005841 | D310: =U157 -> 1.0128574 | E310: =AO157 -> 1.0332823 | G310: Albuquerque - NM (USA) | H310: =B310 -> 1.0017005 | I310: =IFERROR(RANK(H310,H$308:H$457),"") -> 98 | K310: Albuquerque - NM (USA) | L310: =C310 -> 1.005841 | M310: =IFERROR(RANK(L310,L$308:L$457),"") -> 104 | O310: Albuquerque - NM (USA) | P310: =D310 -> 1.0128574 | Q310: =IFERROR(RANK(P310,P$308:P$457),"") -> 103 | S310: Albuquerque - NM (USA) | T310: =E310 -> 1.0332823 | U310: =IFERROR(RANK(T310,T$308:T$457),"") -> 108
A311: Anchorage - AK (USA) | B311: =E158 -> 0.99980192 | C311: =M158 -> 1.0024437 | D311: =U158 -> 1.0074772 | E311: =AO158 -> 1.0353251 | G311: Anchorage - AK (USA) | H311: =B311 -> 0.99980192 | I311: =IFERROR(RANK(H311,H$308:H$457),"") -> 133 | K311: Anchorage - AK (USA) | L311: =C311 -> 1.0024437 | M311: =IFERROR(RANK(L311,L$308:L$457),"") -> 123 | O311: Anchorage - AK (USA) | P311: =D311 -> 1.0074772 | Q311: =IFERROR(RANK(P311,P$308:P$457),"") -> 118 | S311: Anchorage - AK (USA) | T311: =E311 -> 1.0353251 | U311: =IFERROR(RANK(T311,T$308:T$457),"") -> 104
A312: Asheville - NC (USA) | B312: =E159 -> 1.0026519 | C312: =M159 -> 1.0120607 | D312: =U159 -> 1.0244586 | E312: =AO159 -> 1.1662143 | G312: Asheville - NC (USA) | H312: =B312 -> 1.0026519 | I312: =IFERROR(RANK(H312,H$308:H$457),"") -> 70 | K312: Asheville - NC (USA) | L312: =C312 -> 1.0120607 | M312: =IFERROR(RANK(L312,L$308:L$457),"") -> 65 | O312: Asheville - NC (USA) | P312: =D312 -> 1.0244586 | Q312: =IFERROR(RANK(P312,P$308:P$457),"") -> 60 | S312: Asheville - NC (USA) | T312: =E312 -> 1.1662143 | U312: =IFERROR(RANK(T312,T$308:T$457),"") -> 11
A313: Atlanta - GA (USA) | B313: =E160 -> 1.0049992 | C313: =M160 -> 1.01943 | D313: =U160 -> 1.0351526 | E313: =AO160 -> 1.0748413 | G313: Atlanta - GA (USA) | H313: =B313 -> 1.0049992 | I313: =IFERROR(RANK(H313,H$308:H$457),"") -> 28 | K313: Atlanta - GA (USA) | L313: =C313 -> 1.01943 | M313: =IFERROR(RANK(L313,L$308:L$457),"") -> 27 | O313: Atlanta - GA (USA) | P313: =D313 -> 1.0351526 | Q313: =IFERROR(RANK(P313,P$308:P$457),"") -> 29 | S313: Atlanta - GA (USA) | T313: =E313 -> 1.0748413 | U313: =IFERROR(RANK(T313,T$308:T$457),"") -> 51
A314: Augusta - GA (USA) | B314: =E161 -> 1.0014313 | C314: =M161 -> 1.0066975 | D314: =U161 -> 1.0132693 | E314: =AO161 -> 1.0329243 | G314: Augusta - GA (USA) | H314: =B314 -> 1.0014313 | I314: =IFERROR(RANK(H314,H$308:H$457),"") -> 101 | K314: Augusta - GA (USA) | L314: =C314 -> 1.0066975 | M314: =IFERROR(RANK(L314,L$308:L$457),"") -> 97 | O314: Augusta - GA (USA) | P314: =D314 -> 1.0132693 | Q314: =IFERROR(RANK(P314,P$308:P$457),"") -> 99 | S314: Augusta - GA (USA) | T314: =E314 -> 1.0329243 | U314: =IFERROR(RANK(T314,T$308:T$457),"") -> 111
A315: Austin - TX (USA) | B315: =E162 -> 1.0108025 | C315: =M162 -> 1.0366284 | D315: =U162 -> 1.063154 | E315: =AO162 -> 1.1286062 | G315: Austin - TX (USA) | H315: =B315 -> 1.0108025 | I315: =IFERROR(RANK(H315,H$308:H$457),"") -> 1 | K315: Austin - TX (USA) | L315: =C315 -> 1.0366284 | M315: =IFERROR(RANK(L315,L$308:L$457),"") -> 1 | O315: Austin - TX (USA) | P315: =D315 -> 1.063154 | Q315: =IFERROR(RANK(P315,P$308:P$457),"") -> 2 | S315: Austin - TX (USA) | T315: =E315 -> 1.1286062 | U315: =IFERROR(RANK(T315,T$308:T$457),"") -> 14
A316: Bakersfield - CA (USA) | B316: =E163 -> 1.0036615 | C316: =M163 -> 1.0132299 | D316: =U163 -> 1.0252531 | E316: =AO163 -> 1.0514901 | G316: Bakersfield - CA (USA) | H316: =B316 -> 1.0036615 | I316: =IFERROR(RANK(H316,H$308:H$457),"") -> 50 | K316: Bakersfield - CA (USA) | L316: =C316 -> 1.0132299 | M316: =IFERROR(RANK(L316,L$308:L$457),"") -> 54 | O316: Bakersfield - CA (USA) | P316: =D316 -> 1.0252531 | Q316: =IFERROR(RANK(P316,P$308:P$457),"") -> 51 | S316: Bakersfield - CA (USA) | T316: =E316 -> 1.0514901 | U316: =IFERROR(RANK(T316,T$308:T$457),"") -> 82
A317: Baltimore - MD (USA) | B317: =E164 -> 1.0007618 | C317: =M164 -> 1.0039823 | D317: =U164 -> 1.0100339 | E317: =AO164 -> 1.0073071 | G317: Baltimore - MD (USA) | H317: =B317 -> 1.0007618 | I317: =IFERROR(RANK(H317,H$308:H$457),"") -> 116 | K317: Baltimore - MD (USA) | L317: =C317 -> 1.0039823 | M317: =IFERROR(RANK(L317,L$308:L$457),"") -> 113 | O317: Baltimore - MD (USA) | P317: =D317 -> 1.0100339 | Q317: =IFERROR(RANK(P317,P$308:P$457),"") -> 112 | S317: Baltimore - MD (USA) | T317: =E317 -> 1.0073071 | U317: =IFERROR(RANK(T317,T$308:T$457),"") -> 138
A318: Baton Rouge - LA (USA) | B318: =E165 -> 1.0015662 | C318: =M165 -> 1.0063949 | D318: =U165 -> 1.0134734 | E318: =AO165 -> 1.0136806 | G318: Baton Rouge - LA (USA) | H318: =B318 -> 1.0015662 | I318: =IFERROR(RANK(H318,H$308:H$457),"") -> 100 | K318: Baton Rouge - LA (USA) | L318: =C318 -> 1.0063949 | M318: =IFERROR(RANK(L318,L$308:L$457),"") -> 99 | O318: Baton Rouge - LA (USA) | P318: =D318 -> 1.0134734 | Q318: =IFERROR(RANK(P318,P$308:P$457),"") -> 98 | S318: Baton Rouge - LA (USA) | T318: =E318 -> 1.0136806 | U318: =IFERROR(RANK(T318,T$308:T$457),"") -> 134
A319: Beaumont - TX (USA) | B319: =E166 -> 0.99978559 | C319: =M166 -> 1.0007104 | D319: =U166 -> 1.0041699 | E319: =AO166 -> 1.0057401 | G319: Beaumont - TX (USA) | H319: =B319 -> 0.99978559 | I319: =IFERROR(RANK(H319,H$308:H$457),"") -> 136 | K319: Beaumont - TX (USA) | L319: =C319 -> 1.0007104 | M319: =IFERROR(RANK(L319,L$308:L$457),"") -> 132 | O319: Beaumont - TX (USA) | P319: =D319 -> 1.0041699 | Q319: =IFERROR(RANK(P319,P$308:P$457),"") -> 131 | S319: Beaumont - TX (USA) | T319: =E319 -> 1.0057401 | U319: =IFERROR(RANK(T319,T$308:T$457),"") -> 140
... A457: Youngstown - OH (USA) | B457: =E304 -> 0.99766204 | C457: =M304 -> 0.99234785 | D457: =U304 -> 0.98792973 | E457: =AO304 -> 1.2340604 | G457: Youngstown - OH (USA) | H457: =B457 -> 0.99766204 | I457: =IFERROR(RANK(H457,H$308:H$457),"") -> 149 | K457: Youngstown - OH (USA) | L457: =C457 -> 0.99234785 | M457: =IFERROR(RANK(L457,L$308:L$457),"") -> 148 | O457: Youngstown - OH (USA) | P457: =D457 -> 0.98792973 | Q457: =IFERROR(RANK(P457,P$308:P$457),"") -> 148 | S457: Youngstown - OH (USA) | T457: =E457 -> 1.2340604 | U457: =IFERROR(RANK(T457,T$308:T$457),"") -> 6

Sheet Supply Forward
A1: Geography Name | B1: 2026 Q2 EST | C1: 2026 Q3 | D1: 2026 Q4 | E1: 2027 Q1 | F1: 2027 Q2 | G1: 2027 Q3 | H1: 2027 Q4 | I1: 2028 Q1 | J1: 2028 Q2 | K1: 2028 Q3 | L1: 2028 Q4 | M1: 2029 Q1 | N1: 2029 Q2 | O1: 2029 Q3 | P1: 2029 Q4 | Q1: 2030 Q1 | R1: 2030 Q2 | S1: 2030 Q3 | T1: 2030 Q4 | U1: 2031 Q1 | V1: 2031 Q2 | W1: 2031 Q3 | X1: 2031 Q4 | Y1: 2032 Q1 | Z1: 2032 Q2 | AA1: 2032 Q3 | AB1: 2032 Q4 | AC1: 2033 Q1 | AD1: 2033 Q2 | AE1: 2033 Q3 | AF1: 2033 Q4 | AG1: 2034 Q1 | AH1: 2034 Q2 | AI1: 2034 Q3 | AJ1: 2034 Q4 | AK1: 2035 Q1 | AL1: 2035 Q2 | AM1: 2035 Q3 | AN1: 2035 Q4 | AO1: 2036 Q1 | AP1: 2036 Q2
A2: Akron - OH | B2: 37487 | C2: 37486 | D2: 37484 | E2: 37482 | F2: 37492 | G2: 37497 | H2: 37509 | I2: 37526 | J2: 37547 | K2: 37571 | L2: 37598 | M2: 37626 | N2: 37656 | O2: 37686 | P2: 37718 | Q2: 37750 | R2: 37782 | S2: 37816 | T2: 37852 | U2: 37888 | V2: 37927 | W2: 37967 | X2: 38009 | Y2: 38052 | Z2: 38097 | AA2: 38144 | AB2: 38192 | AC2: 38243 | AD2: 38294 | AE2: 38348 | AF2: 38403 | AG2: 38460 | AH2: 38518 | AI2: 38579 | AJ2: 38640 | AK2: 38704 | AL2: 38769 | AM2: 38836 | AN2: 38904 | AO2: 38974 | AP2: 39046
A3: Albany - NY | B3: 59936 | C3: 60006 | D3: 60077 | E3: 60655 | F3: 60842 | G3: 61026 | H3: 61051 | I3: 61097 | J3: 61159 | K3: 61233 | L3: 61317 | M3: 61408 | N3: 61505 | O3: 61606 | P3: 61710 | Q3: 61816 | R3: 61924 | S3: 62032 | T3: 62141 | U3: 62249 | V3: 62357 | W3: 62465 | X3: 62572 | Y3: 62678 | Z3: 62784 | AA3: 62890 | AB3: 62994 | AC3: 63098 | AD3: 63202 | AE3: 63304 | AF3: 63406 | AG3: 63507 | AH3: 63608 | AI3: 63708 | AJ3: 63807 | AK3: 63906 | AL3: 64004 | AM3: 64102 | AN3: 64199 | AO3: 64296 | AP3: 64393
A4: Albuquerque - NM | B4: 56700 | C4: 56697 | D4: 56901 | E4: 56898 | F4: 57512 | G4: 57546 | H4: 57596 | I4: 57659 | J4: 57731 | K4: 57810 | L4: 57895 | M4: 57983 | N4: 58075 | O4: 58169 | P4: 58265 | Q4: 58362 | R4: 58459 | S4: 58558 | T4: 58657 | U4: 58756 | V4: 58856 | W4: 58957 | X4: 59058 | Y4: 59159 | Z4: 59261 | AA4: 59364 | AB4: 59466 | AC4: 59569 | AD4: 59673 | AE4: 59777 | AF4: 59881 | AG4: 59986 | AH4: 60091 | AI4: 60196 | AJ4: 60302 | AK4: 60408 | AL4: 60514 | AM4: 60621 | AN4: 60728 | AO4: 60835 | AP4: 60942
A5: Anchorage - AK | B5: 13187 | C5: 13186 | D5: 13186 | E5: 13186 | F5: 13185 | G5: 13186 | H5: 13186 | I5: 13187 | J5: 13188 | K5: 13188 | L5: 13189 | M5: 13190 | N5: 13191 | O5: 13192 | P5: 13193 | Q5: 13194 | R5: 13195 | S5: 13196 | T5: 13197 | U5: 13198 | V5: 13200 | W5: 13201 | X5: 13202 | Y5: 13203 | Z5: 13204 | AA5: 13205 | AB5: 13206 | AC5: 13208 | AD5: 13209 | AE5: 13210 | AF5: 13211 | AG5: 13212 | AH5: 13213 | AI5: 13215 | AJ5: 13216 | AK5: 13217 | AL5: 13218 | AM5: 13220 | AN5: 13221 | AO5: 13222 | AP5: 13223
A6: Asheville - NC | B6: 25082 | C6: 25191 | D6: 25513 | E6: 25600 | F6: 26402 | G6: 26483 | H6: 26887 | I6: 27267 | J6: 27463 | K6: 27677 | L6: 27905 | M6: 28142 | N6: 28387 | O6: 28636 | P6: 28887 | Q6: 29140 | R6: 29393 | S6: 29646 | T6: 29897 | U6: 30148 | V6: 30397 | W6: 30646 | X6: 30893 | Y6: 31140 | Z6: 31386 | AA6: 31631 | AB6: 31875 | AC6: 32119 | AD6: 32364 | AE6: 32608 | AF6: 32852 | AG6: 33096 | AH6: 33340 | AI6: 33584 | AJ6: 33827 | AK6: 34069 | AL6: 34312 | AM6: 34554 | AN6: 34797 | AO6: 35039 | AP6: 35281
A7: Atlanta - GA | B7: 553881 | C7: 556216 | D7: 559451 | E7: 561922 | F7: 563614 | G7: 566529 | H7: 569013 | I7: 571398 | J7: 573595 | K7: 575559 | L7: 577760 | M7: 580146 | N7: 582478 | O7: 584789 | P7: 586989 | Q7: 589108 | R7: 591189 | S7: 593253 | T7: 595296 | U7: 597321 | V7: 599330 | W7: 601326 | X7: 603314 | Y7: 605293 | Z7: 607266 | AA7: 609233 | AB7: 611195 | AC7: 613153 | AD7: 615107 | AE7: 617057 | AF7: 619005 | AG7: 620951 | AH7: 622894 | AI7: 624837 | AJ7: 626778 | AK7: 628717 | AL7: 630655 | AM7: 632592 | AN7: 634528 | AO7: 636463 | AP7: 638395
A8: Augusta - GA | B8: 31875 | C8: 32217 | D8: 32356 | E8: 32354 | F8: 32356 | G8: 32388 | H8: 32550 | I8: 32619 | J8: 32698 | K8: 32785 | L8: 32877 | M8: 32973 | N8: 33073 | O8: 33174 | P8: 33276 | Q8: 33379 | R8: 33481 | S8: 33584 | T8: 33686 | U8: 33787 | V8: 33888 | W8: 33989 | X8: 34089 | Y8: 34189 | Z8: 34288 | AA8: 34387 | AB8: 34486 | AC8: 34585 | AD8: 34683 | AE8: 34782 | AF8: 34880 | AG8: 34979 | AH8: 35077 | AI8: 35175 | AJ8: 35273 | AK8: 35371 | AL8: 35468 | AM8: 35566 | AN8: 35663 | AO8: 35760 | AP8: 35857
A9: Austin - TX | B9: 339800 | C9: 342007 | D9: 344895 | E9: 347359 | F9: 349478 | G9: 351097 | H9: 353128 | I9: 355226 | J9: 356992 | K9: 358735 | L9: 360375 | M9: 362117 | N9: 363940 | O9: 365822 | P9: 367739 | Q9: 369671 | R9: 371602 | S9: 373524 | T9: 375435 | U9: 377336 | V9: 379232 | W9: 381127 | X9: 383023 | Y9: 384923 | Z9: 386829 | AA9: 388739 | AB9: 390654 | AC9: 392573 | AD9: 394498 | AE9: 396428 | AF9: 398362 | AG9: 400301 | AH9: 402244 | AI9: 404190 | AJ9: 406141 | AK9: 408094 | AL9: 410050 | AM9: 412009 | AN9: 413969 | AO9: 415931 | AP9: 417892
A10: Bakersfield - CA | B10: 26611 | C10: 26610 | D10: 27281 | E10: 27281 | F10: 27319 | G10: 27344 | H10: 27375 | I10: 27411 | J10: 27451 | K10: 27493 | L10: 27537 | M10: 27583 | N10: 27630 | O10: 27677 | P10: 27726 | Q10: 27774 | R10: 27823 | S10: 27872 | T10: 27920 | U10: 27968 | V10: 28015 | W10: 28063 | X10: 28110 | Y10: 28157 | Z10: 28204 | AA10: 28250 | AB10: 28297 | AC10: 28343 | AD10: 28389 | AE10: 28435 | AF10: 28481 | AG10: 28527 | AH10: 28572 | AI10: 28618 | AJ10: 28663 | AK10: 28708 | AL10: 28752 | AM10: 28797 | AN10: 28841 | AO10: 28886 | AP10: 28929
A11: Baltimore - MD | B11: 216798 | C11: 217357 | D11: 217852 | E11: 218461 | F11: 218580 | G11: 218753 | H11: 219416 | I11: 220020 | J11: 220345 | K11: 220699 | L11: 221076 | M11: 221473 | N11: 221884 | O11: 222308 | P11: 222742 | Q11: 223183 | R11: 223629 | S11: 224078 | T11: 224529 | U11: 224983 | V11: 225437 | W11: 225893 | X11: 226349 | Y11: 226807 | Z11: 227265 | AA11: 227725 | AB11: 228186 | AC11: 228648 | AD11: 229111 | AE11: 229574 | AF11: 230040 | AG11: 230507 | AH11: 230974 | AI11: 231443 | AJ11: 231910 | AK11: 232379 | AL11: 232849 | AM11: 233319 | AN11: 233790 | AO11: 234261 | AP11: 234732
A12: Baton Rouge - LA | B12: 44677 | C12: 44675 | D12: 44758 | E12: 45091 | F12: 45092 | G12: 45121 | H12: 45168 | I12: 45228 | J12: 45298 | K12: 45374 | L12: 45455 | M12: 45540 | N12: 45628 | O12: 45717 | P12: 45807 | Q12: 45898 | R12: 45989 | S12: 46079 | T12: 46169 | U12: 46258 | V12: 46347 | W12: 46436 | X12: 46524 | Y12: 46611 | Z12: 46698 | AA12: 46785 | AB12: 46872 | AC12: 46958 | AD12: 47044 | AE12: 47131 | AF12: 47217 | AG12: 47303 | AH12: 47388 | AI12: 47474 | AJ12: 47559 | AK12: 47644 | AL12: 47729 | AM12: 47814 | AN12: 47898 | AO12: 47982 | AP12: 48067
A13: Beaumont - TX | B13: 19040 | C13: 19039 | D13: 19038 | E13: 19037 | F13: 19037 | G13: 19041 | H13: 19047 | I13: 19053 | J13: 19061 | K13: 19068 | L13: 19077 | M13: 19086 | N13: 19095 | O13: 19104 | P13: 19113 | Q13: 19122 | R13: 19131 | S13: 19141 | T13: 19150 | U13: 19160 | V13: 19170 | W13: 19180 | X13: 19189 | Y13: 19199 | Z13: 19209 | AA13: 19219 | AB13: 19230 | AC13: 19240 | AD13: 19250 | AE13: 19260 | AF13: 19271 | AG13: 19281 | AH13: 19292 | AI13: 19302 | AJ13: 19313 | AK13: 19324 | AL13: 19335 | AM13: 19346 | AN13: 19357 | AO13: 19368 | AP13: 19379
... A151: Youngstown - OH | B151: 15733 | C151: 15732 | D151: 15731 | E151: 15730 | F151: 15729 | G151: 15728 | H151: 15727 | I151: 15727 | J151: 15726 | K151: 15725 | L151: 15724 | M151: 15723 | N151: 15723 | O151: 15722 | P151: 15721 | Q151: 15720 | R151: 15720 | S151: 15719 | T151: 15719 | U151: 15719 | V151: 15719 | W151: 15719 | X151: 15720 | Y151: 15721 | Z151: 15722 | AA151: 15723 | AB151: 15725 | AC151: 15727 | AD151: 15729 | AE151: 15731 | AF151: 15734 | AG151: 15737 | AH151: 15740 | AI151: 15743 | AJ151: 15747 | AK151: 15751 | AL151: 15755 | AM151: 15759 | AN151: 15763 | AO151: 15768 | AP151: 15773
E153: 1 | M153: 3 | U153: 5 | AO153: 10
A154: Geography Name | B154: 2026 Q2 EST | C154: 2026 Q3 | D154: 2026 Q4 | E154: 2027 Q1 | F154: 2027 Q2 | G154: 2027 Q3 | H154: 2027 Q4 | I154: 2028 Q1 | J154: 2028 Q2 | K154: 2028 Q3 | L154: 2028 Q4 | M154: 2029 Q1 | N154: 2029 Q2 | O154: 2029 Q3 | P154: 2029 Q4 | Q154: 2030 Q1 | R154: 2030 Q2 | S154: 2030 Q3 | T154: 2030 Q4 | U154: 2031 Q1 | V154: 2031 Q2 | W154: 2031 Q3 | X154: 2031 Q4 | Y154: 2032 Q1 | Z154: 2032 Q2 | AA154: 2032 Q3 | AB154: 2032 Q4 | AC154: 2033 Q1 | AD154: 2033 Q2 | AE154: 2033 Q3 | AF154: 2033 Q4 | AG154: 2034 Q1 | AH154: 2034 Q2 | AI154: 2034 Q3 | AJ154: 2034 Q4 | AK154: 2035 Q1 | AL154: 2035 Q2 | AM154: 2035 Q3 | AN154: 2035 Q4 | AO154: 2036 Q1 | AP154: 2036 Q2
A155: Akron - OH | B155: =(B2/$B2) -> 1 | C155: =(C2/$B2) -> 0.99997332 | D155: =(D2/$B2) -> 0.99991997 | E155: =(E2/$B2) -> 0.99986662 | F155: =(F2/$B2) -> 1.0001334 | G155: =(G2/$B2) -> 1.0002668 | H155: =(H2/$B2) -> 1.0005869 | I155: =(I2/$B2) -> 1.0010404 | ... AP155: =(AP2/$B2) -> 1.0415878
A156: Albany - NY | B156: =(B3/$B3) -> 1 | C156: =(C3/$B3) -> 1.0011679 | D156: =(D3/$B3) -> 1.0023525 | E156: =(E3/$B3) -> 1.0119961 | F156: =(F3/$B3) -> 1.0151161 | G156: =(G3/$B3) -> 1.0181861 | H156: =(H3/$B3) -> 1.0186032 | I156: =(I3/$B3) -> 1.0193707 | ... AP156: =(AP3/$B3) -> 1.0743627
A157: Albuquerque - NM | B157: =(B4/$B4) -> 1 | C157: =(C4/$B4) -> 0.99994709 | D157: =(D4/$B4) -> 1.003545 | E157: =(E4/$B4) -> 1.0034921 | F157: =(F4/$B4) -> 1.014321 | G157: =(G4/$B4) -> 1.0149206 | H157: =(H4/$B4) -> 1.0158025 | I157: =(I4/$B4) -> 1.0169136 | ... AP157: =(AP4/$B4) -> 1.0748148
A158: Anchorage - AK | B158: =(B5/$B5) -> 1 | C158: =(C5/$B5) -> 0.99992417 | D158: =(D5/$B5) -> 0.99992417 | E158: =(E5/$B5) -> 0.99992417 | F158: =(F5/$B5) -> 0.99984834 | G158: =(G5/$B5) -> 0.99992417 | H158: =(H5/$B5) -> 0.99992417 | I158: =(I5/$B5) -> 1 | ... AP158: =(AP5/$B5) -> 1.00273
A159: Asheville - NC | B159: =(B6/$B6) -> 1 | C159: =(C6/$B6) -> 1.0043457 | D159: =(D6/$B6) -> 1.0171836 | E159: =(E6/$B6) -> 1.0206523 | F159: =(F6/$B6) -> 1.0526274 | G159: =(G6/$B6) -> 1.0558568 | H159: =(H6/$B6) -> 1.071964 | I159: =(I6/$B6) -> 1.0871143 | ... AP159: =(AP6/$B6) -> 1.4066263
A160: Atlanta - GA | B160: =(B7/$B7) -> 1 | C160: =(C7/$B7) -> 1.0042157 | D160: =(D7/$B7) -> 1.0100563 | E160: =(E7/$B7) -> 1.0145176 | F160: =(F7/$B7) -> 1.0175724 | G160: =(G7/$B7) -> 1.0228352 | H160: =(H7/$B7) -> 1.0273199 | I160: =(I7/$B7) -> 1.0316259 | ... AP160: =(AP7/$B7) -> 1.1525851
A161: Augusta - GA | B161: =(B8/$B8) -> 1 | C161: =(C8/$B8) -> 1.0107294 | D161: =(D8/$B8) -> 1.0150902 | E161: =(E8/$B8) -> 1.0150275 | F161: =(F8/$B8) -> 1.0150902 | G161: =(G8/$B8) -> 1.0160941 | H161: =(H8/$B8) -> 1.0211765 | I161: =(I8/$B8) -> 1.0233412 | ... AP161: =(AP8/$B8) -> 1.1249255
A162: Austin - TX | B162: =(B9/$B9) -> 1 | C162: =(C9/$B9) -> 1.006495 | D162: =(D9/$B9) -> 1.0149941 | E162: =(E9/$B9) -> 1.0222454 | F162: =(F9/$B9) -> 1.0284815 | G162: =(G9/$B9) -> 1.033246 | H162: =(H9/$B9) -> 1.0392231 | I162: =(I9/$B9) -> 1.0453973 | ... AP162: =(AP9/$B9) -> 1.2298175
A163: Bakersfield - CA | B163: =(B10/$B10) -> 1 | C163: =(C10/$B10) -> 0.99996242 | D163: =(D10/$B10) -> 1.0251776 | E163: =(E10/$B10) -> 1.0251776 | F163: =(F10/$B10) -> 1.0266055 | G163: =(G10/$B10) -> 1.027545 | H163: =(H10/$B10) -> 1.0287099 | I163: =(I10/$B10) -> 1.0300628 | ... AP163: =(AP10/$B10) -> 1.0871068
A164: Baltimore - MD | B164: =(B11/$B11) -> 1 | C164: =(C11/$B11) -> 1.0025784 | D164: =(D11/$B11) -> 1.0048617 | E164: =(E11/$B11) -> 1.0076707 | F164: =(F11/$B11) -> 1.0082196 | G164: =(G11/$B11) -> 1.0090176 | H164: =(H11/$B11) -> 1.0120758 | I164: =(I11/$B11) -> 1.0148618 | ... AP164: =(AP11/$B11) -> 1.0827222
A165: Baton Rouge - LA | B165: =(B12/$B12) -> 1 | C165: =(C12/$B12) -> 0.99995523 | D165: =(D12/$B12) -> 1.001813 | E165: =(E12/$B12) -> 1.0092665 | F165: =(F12/$B12) -> 1.0092889 | G165: =(G12/$B12) -> 1.009938 | H165: =(H12/$B12) -> 1.01099 | I165: =(I12/$B12) -> 1.012333 | ... AP165: =(AP12/$B12) -> 1.075878
A166: Beaumont - TX | B166: =(B13/$B13) -> 1 | C166: =(C13/$B13) -> 0.99994748 | D166: =(D13/$B13) -> 0.99989496 | E166: =(E13/$B13) -> 0.99984244 | F166: =(F13/$B13) -> 0.99984244 | G166: =(G13/$B13) -> 1.0000525 | H166: =(H13/$B13) -> 1.0003676 | I166: =(I13/$B13) -> 1.0006828 | ... AP166: =(AP13/$B13) -> 1.0178046
... A304: Youngstown - OH | B304: =(B151/$B151) -> 1 | C304: =(C151/$B151) -> 0.99993644 | D304: =(D151/$B151) -> 0.99987288 | E304: =(E151/$B151) -> 0.99980932 | F304: =(F151/$B151) -> 0.99974576 | G304: =(G151/$B151) -> 0.9996822 | H304: =(H151/$B151) -> 0.99961864 | I304: =(I151/$B151) -> 0.99961864 | ... AP304: =(AP151/$B151) -> 1.0025424
B306: 1 | C306: 3 | D306: 5 | E306: 10 | G306: Market | H306: 1 | I306: 1 Yr. Ranking | K306: Market | L306: 3 | M306: 3 Yr. Ranking | O306: Market | P306: 5 | Q306: 5 Yr. Ranking | S306: Market | T306: 10 | U306: 10 Yr. Ranking
A307: Akron - OH | B307: =E155 -> 0.99986662 | C307: =M155 -> 1.003708 | D307: =U155 -> 1.010697 | E307: =AO155 -> 1.0396671 | G307: Akron - OH | H307: =B307 -> 0.99986662 | I307: =RANK(H307,H$307:H$456,1) -> 6 | K307: Akron - OH | L307: =C307 -> 1.003708 | M307: =RANK(L307,L$307:L$456,1) -> 9 | O307: Akron - OH | P307: =D307 -> 1.010697 | Q307: =RANK(P307,P$307:P$456,1) -> 10 | S307: Akron - OH | T307: =E307 -> 1.0396671 | U307: =RANK(T307,T$307:T$456,1) -> 18
A308: Albany - NY | B308: =E156 -> 1.0119961 | C308: =M156 -> 1.0245595 | D308: =U156 -> 1.0385912 | E308: =AO156 -> 1.0727443 | G308: Albany - NY | H308: =B308 -> 1.0119961 | I308: =RANK(H308,H$307:H$456,1) -> 83 | K308: Albany - NY | L308: =C308 -> 1.0245595 | M308: =RANK(L308,L$307:L$456,1) -> 55 | O308: Albany - NY | P308: =D308 -> 1.0385912 | Q308: =RANK(P308,P$307:P$456,1) -> 53 | S308: Albany - NY | T308: =E308 -> 1.0727443 | U308: =RANK(T308,T$307:T$456,1) -> 48
A309: Albuquerque - NM | B309: =E157 -> 1.0034921 | C309: =M157 -> 1.0226279 | D309: =U157 -> 1.036261 | E309: =AO157 -> 1.0729277 | G309: Albuquerque - NM | H309: =B309 -> 1.0034921 | I309: =RANK(H309,H$307:H$456,1) -> 31 | K309: Albuquerque - NM | L309: =C309 -> 1.0226279 | M309: =RANK(L309,L$307:L$456,1) -> 49 | O309: Albuquerque - NM | P309: =D309 -> 1.036261 | Q309: =RANK(P309,P$307:P$456,1) -> 49 | S309: Albuquerque - NM | T309: =E309 -> 1.0729277 | U309: =RANK(T309,T$307:T$456,1) -> 49
A310: Anchorage - AK | B310: =E158 -> 0.99992417 | C310: =M158 -> 1.0002275 | D310: =U158 -> 1.0008342 | E310: =AO158 -> 1.0026541 | G310: Anchorage - AK | H310: =B310 -> 0.99992417 | I310: =RANK(H310,H$307:H$456,1) -> 16 | K310: Anchorage - AK | L310: =C310 -> 1.0002275 | M310: =RANK(L310,L$307:L$456,1) -> 2 | O310: Anchorage - AK | P310: =D310 -> 1.0008342 | Q310: =RANK(P310,P$307:P$456,1) -> 2 | S310: Anchorage - AK | T310: =E310 -> 1.0026541 | U310: =RANK(T310,T$307:T$456,1) -> 2
A311: Asheville - NC | B311: =E159 -> 1.0206523 | C311: =M159 -> 1.1219998 | D311: =U159 -> 1.2019775 | E311: =AO159 -> 1.3969779 | G311: Asheville - NC | H311: =B311 -> 1.0206523 | I311: =RANK(H311,H$307:H$456,1) -> 124 | K311: Asheville - NC | L311: =C311 -> 1.1219998 | M311: =RANK(L311,L$307:L$456,1) -> 149 | O311: Asheville - NC | P311: =D311 -> 1.2019775 | Q311: =RANK(P311,P$307:P$456,1) -> 149 | S311: Asheville - NC | T311: =E311 -> 1.3969779 | U311: =RANK(T311,T$307:T$456,1) -> 150
A312: Atlanta - GA | B312: =E160 -> 1.0145176 | C312: =M160 -> 1.0474199 | D312: =U160 -> 1.0784284 | E312: =AO160 -> 1.149097 | G312: Atlanta - GA | H312: =B312 -> 1.0145176 | I312: =RANK(H312,H$307:H$456,1) -> 96 | K312: Atlanta - GA | L312: =C312 -> 1.0474199 | M312: =RANK(L312,L$307:L$456,1) -> 108 | O312: Atlanta - GA | P312: =D312 -> 1.0784284 | Q312: =RANK(P312,P$307:P$456,1) -> 107 | S312: Atlanta - GA | T312: =E312 -> 1.149097 | U312: =RANK(T312,T$307:T$456,1) -> 108
A313: Augusta - GA | B313: =E161 -> 1.0150275 | C313: =M161 -> 1.0344471 | D313: =U161 -> 1.0599843 | E313: =AO161 -> 1.1218824 | G313: Augusta - GA | H313: =B313 -> 1.0150275 | I313: =RANK(H313,H$307:H$456,1) -> 99 | K313: Augusta - GA | L313: =C313 -> 1.0344471 | M313: =RANK(L313,L$307:L$456,1) -> 84 | O313: Augusta - GA | P313: =D313 -> 1.0599843 | Q313: =RANK(P313,P$307:P$456,1) -> 90 | S313: Augusta - GA | T313: =E313 -> 1.1218824 | U313: =RANK(T313,T$307:T$456,1) -> 89
A314: Austin - TX | B314: =E162 -> 1.0222454 | C314: =M162 -> 1.0656769 | D314: =U162 -> 1.110465 | E314: =AO162 -> 1.2240465 | G314: Austin - TX | H314: =B314 -> 1.0222454 | I314: =RANK(H314,H$307:H$456,1) -> 127 | K314: Austin - TX | L314: =C314 -> 1.0656769 | M314: =RANK(L314,L$307:L$456,1) -> 132 | O314: Austin - TX | P314: =D314 -> 1.110465 | Q314: =RANK(P314,P$307:P$456,1) -> 134 | S314: Austin - TX | T314: =E314 -> 1.2240465 | U314: =RANK(T314,T$307:T$456,1) -> 134
A315: Bakersfield - CA | B315: =E163 -> 1.0251776 | C315: =M163 -> 1.0365262 | D315: =U163 -> 1.0509939 | E315: =AO163 -> 1.085491 | G315: Bakersfield - CA | H315: =B315 -> 1.0251776 | I315: =RANK(H315,H$307:H$456,1) -> 131 | K315: Bakersfield - CA | L315: =C315 -> 1.0365262 | M315: =RANK(L315,L$307:L$456,1) -> 92 | O315: Bakersfield - CA | P315: =D315 -> 1.0509939 | Q315: =RANK(P315,P$307:P$456,1) -> 78 | S315: Bakersfield - CA | T315: =E315 -> 1.085491 | U315: =RANK(T315,T$307:T$456,1) -> 64
A316: Baltimore - MD | B316: =E164 -> 1.0076707 | C316: =M164 -> 1.0215639 | D316: =U164 -> 1.037754 | E316: =AO164 -> 1.0805496 | G316: Baltimore - MD | H316: =B316 -> 1.0076707 | I316: =RANK(H316,H$307:H$456,1) -> 53 | K316: Baltimore - MD | L316: =C316 -> 1.0215639 | M316: =RANK(L316,L$307:L$456,1) -> 45 | O316: Baltimore - MD | P316: =D316 -> 1.037754 | Q316: =RANK(P316,P$307:P$456,1) -> 52 | S316: Baltimore - MD | T316: =E316 -> 1.0805496 | U316: =RANK(T316,T$307:T$456,1) -> 56
A317: Baton Rouge - LA | B317: =E165 -> 1.0092665 | C317: =M165 -> 1.0193164 | D317: =U165 -> 1.0353873 | E317: =AO165 -> 1.0739754 | G317: Baton Rouge - LA | H317: =B317 -> 1.0092665 | I317: =RANK(H317,H$307:H$456,1) -> 62 | K317: Baton Rouge - LA | L317: =C317 -> 1.0193164 | M317: =RANK(L317,L$307:L$456,1) -> 41 | O317: Baton Rouge - LA | P317: =D317 -> 1.0353873 | Q317: =RANK(P317,P$307:P$456,1) -> 46 | S317: Baton Rouge - LA | T317: =E317 -> 1.0739754 | U317: =RANK(T317,T$307:T$456,1) -> 52
A318: Beaumont - TX | B318: =E166 -> 0.99984244 | C318: =M166 -> 1.002416 | D318: =U166 -> 1.0063025 | E318: =AO166 -> 1.0172269 | G318: Beaumont - TX | H318: =B318 -> 0.99984244 | I318: =RANK(H318,H$307:H$456,1) -> 2 | K318: Beaumont - TX | L318: =C318 -> 1.002416 | M318: =RANK(L318,L$307:L$456,1) -> 8 | O318: Beaumont - TX | P318: =D318 -> 1.0063025 | Q318: =RANK(P318,P$307:P$456,1) -> 8 | S318: Beaumont - TX | T318: =E318 -> 1.0172269 | U318: =RANK(T318,T$307:T$456,1) -> 9
... A456: Youngstown - OH | B456: =E304 -> 0.99980932 | C456: =M304 -> 0.99936439 | D456: =U304 -> 0.99911015 | E456: =AO304 -> 1.0022246 | G456: Youngstown - OH | H456: =B456 -> 0.99980932 | I456: =RANK(H456,H$307:H$456,1) -> 1 | K456: Youngstown - OH | L456: =C456 -> 0.99936439 | M456: =RANK(L456,L$307:L$456,1) -> 1 | O456: Youngstown - OH | P456: =D456 -> 0.99911015 | Q456: =RANK(P456,P$307:P$456,1) -> 1 | S456: Youngstown - OH | T456: =E456 -> 1.0022246 | U456: =RANK(T456,T$307:T$456,1) -> 1

Sheet Supply Historical
A1: Geography Name | B1: 2016 Q1 | C1: 2016 Q2 | D1: 2016 Q3 | E1: 2016 Q4 | F1: 2017 Q1 | G1: 2017 Q2 | H1: 2017 Q3 | I1: 2017 Q4 | J1: 2018 Q1 | K1: 2018 Q2 | L1: 2018 Q3 | M1: 2018 Q4 | N1: 2019 Q1 | O1: 2019 Q2 | P1: 2019 Q3 | Q1: 2019 Q4 | R1: 2020 Q1 | S1: 2020 Q2 | T1: 2020 Q3 | U1: 2020 Q4 | V1: 2021 Q1 | W1: 2021 Q2 | X1: 2021 Q3 | Y1: 2021 Q4 | Z1: 2022 Q1 | AA1: 2022 Q2 | AB1: 2022 Q3 | AC1: 2022 Q4 | AD1: 2023 Q1 | AE1: 2023 Q2 | AF1: 2023 Q3 | AG1: 2023 Q4 | AH1: 2024 Q1 | AI1: 2024 Q2 | AJ1: 2024 Q3 | AK1: 2024 Q4 | AL1: 2025 Q1 | AM1: 2025 Q2 | AN1: 2025 Q3 | AO1: 2025 Q4 | AP1: 2026 Q1
A2: Akron - OH USA | B2: 34248 | C2: 34248 | D2: 34430 | E2: 34541 | F2: 34541 | G2: 34531 | H2: 34723 | I2: 34723 | J2: 34773 | K2: 34773 | L2: 34743 | M2: 34743 | N2: 34719 | O2: 34888 | P2: 34888 | Q2: 34960 | R2: 35056 | S2: 35038 | T2: 35038 | U2: 35038 | V2: 35231 | W2: 35555 | X2: 35729 | Y2: 35729 | Z2: 35829 | AA2: 36130 | AB2: 36177 | AC2: 36327 | AD2: 36327 | AE2: 36425 | AF2: 36456 | AG2: 36740 | AH2: 36749 | AI2: 37095 | AJ2: 37095 | AK2: 37095 | AL2: 37111 | AM2: 37111 | AN2: 37344 | AO2: 37344 | AP2: 37344
A3: Albany - NY USA | B3: 48919 | C3: 49154 | D3: 49259 | E3: 49870 | F3: 50648 | G3: 51112 | H3: 51268 | I3: 51879 | J3: 51894 | K3: 52170 | L3: 52470 | M3: 52843 | N3: 53345 | O3: 53429 | P3: 53479 | Q3: 53479 | R3: 54016 | S3: 54578 | T3: 54721 | U3: 55260 | V3: 55607 | W3: 55721 | X3: 55758 | Y3: 56000 | Z3: 56367 | AA3: 56367 | AB3: 56723 | AC3: 57063 | AD3: 57673 | AE3: 57894 | AF3: 57990 | AG3: 58067 | AH3: 58242 | AI3: 58541 | AJ3: 58842 | AK3: 59056 | AL3: 59417 | AM3: 59498 | AN3: 59765 | AO3: 59837 | AP3: 59837
A4: Albuquerque - NM USA | B4: 51395 | C4: 51423 | D4: 51652 | E4: 51683 | F4: 51752 | G4: 51752 | H4: 51551 | I4: 51623 | J4: 51692 | K4: 51918 | L4: 51978 | M4: 52056 | N4: 52183 | O4: 52183 | P4: 52308 | Q4: 52308 | R4: 52366 | S4: 52340 | T4: 52340 | U4: 52710 | V4: 52730 | W4: 52874 | X4: 52976 | Y4: 52976 | Z4: 52976 | AA4: 52976 | AB4: 52976 | AC4: 53002 | AD4: 53017 | AE4: 53223 | AF4: 53712 | AG4: 54355 | AH4: 55154 | AI4: 55392 | AJ4: 55405 | AK4: 55606 | AL4: 55549 | AM4: 55569 | AN4: 55844 | AO4: 56075 | AP4: 56666
A5: Anchorage - AK USA | B5: 12890 | C5: 12890 | D5: 12942 | E5: 12942 | F5: 12942 | G5: 12942 | H5: 12975 | I5: 12975 | J5: 13055 | K5: 13066 | L5: 13066 | M5: 13066 | N5: 13066 | O5: 13150 | P5: 13150 | Q5: 13190 | R5: 13190 | S5: 13190 | T5: 13132 | U5: 13132 | V5: 13132 | W5: 13132 | X5: 13132 | Y5: 13132 | Z5: 13132 | AA5: 13111 | AB5: 13111 | AC5: 13111 | AD5: 13122 | AE5: 13122 | AF5: 13122 | AG5: 13122 | AH5: 13170 | AI5: 13207 | AJ5: 13211 | AK5: 13187 | AL5: 13187 | AM5: 13187 | AN5: 13187 | AO5: 13187 | AP5: 13187
A6: Asheville - NC USA | B6: 12887 | C6: 12887 | D6: 12935 | E6: 13103 | F6: 13091 | G6: 13403 | H6: 13970 | I6: 14789 | J6: 14851 | K6: 14851 | L6: 15610 | M6: 15966 | N6: 15966 | O6: 16134 | P6: 16150 | Q6: 16492 | R6: 17141 | S6: 17510 | T6: 17623 | U6: 17623 | V6: 17871 | W6: 18079 | X6: 18639 | Y6: 18901 | Z6: 18901 | AA6: 19383 | AB6: 19716 | AC6: 19809 | AD6: 20112 | AE6: 20280 | AF6: 20280 | AG6: 20280 | AH6: 20280 | AI6: 20873 | AJ6: 21049 | AK6: 21049 | AL6: 21546 | AM6: 22576 | AN6: 22868 | AO6: 24113 | AP6: 24713
A7: Atlanta - GA USA | B7: 409216 | C7: 411750 | D7: 413651 | E7: 415580 | F7: 418258 | G7: 422019 | H7: 424872 | I7: 427762 | J7: 429724 | K7: 430879 | L7: 433757 | M7: 434960 | N7: 438773 | O7: 441538 | P7: 443725 | Q7: 446151 | R7: 449094 | S7: 451925 | T7: 458391 | U7: 460899 | V7: 464154 | W7: 465596 | X7: 467148 | Y7: 469244 | Z7: 471020 | AA7: 473673 | AB7: 477949 | AC7: 483188 | AD7: 486555 | AE7: 494088 | AF7: 498774 | AG7: 504858 | AH7: 510752 | AI7: 519395 | AJ7: 525310 | AK7: 530134 | AL7: 535899 | AM7: 541436 | AN7: 544801 | AO7: 547511 | AP7: 550710
A8: Augusta - GA USA | B8: 23026 | C8: 23026 | D8: 23278 | E8: 23278 | F8: 23278 | G8: 23278 | H8: 23716 | I8: 23716 | J8: 23716 | K8: 23996 | L8: 23996 | M8: 24028 | N8: 24256 | O8: 24737 | P8: 24849 | Q8: 24849 | R8: 24849 | S8: 24849 | T8: 25153 | U8: 25188 | V8: 25736 | W8: 25736 | X8: 25891 | Y8: 26405 | Z8: 26867 | AA8: 27291 | AB8: 27581 | AC8: 28169 | AD8: 28481 | AE8: 28556 | AF8: 28866 | AG8: 28866 | AH8: 29405 | AI8: 29825 | AJ8: 30334 | AK8: 30476 | AL8: 30968 | AM8: 30968 | AN8: 30968 | AO8: 31875 | AP8: 31875
A9: Austin - TX USA | B9: 190051 | C9: 192609 | D9: 194805 | E9: 198032 | F9: 200492 | G9: 201773 | H9: 205373 | I9: 208929 | J9: 209818 | K9: 212817 | L9: 215221 | M9: 216275 | N9: 218789 | O9: 220733 | P9: 222867 | Q9: 226202 | R9: 229750 | S9: 233078 | T9: 235009 | U9: 238617 | V9: 241115 | W9: 243411 | X9: 246216 | Y9: 250087 | Z9: 254442 | AA9: 257656 | AB9: 261326 | AC9: 265080 | AD9: 268270 | AE9: 273697 | AF9: 279974 | AG9: 284593 | AH9: 293138 | AI9: 300835 | AJ9: 311609 | AK9: 316736 | AL9: 320760 | AM9: 327409 | AN9: 331258 | AO9: 334624 | AP9: 336637
A10: Bakersfield - CA USA | B10: 23675 | C10: 23887 | D10: 23887 | E10: 24001 | F10: 24065 | G10: 24065 | H10: 24065 | I10: 24065 | J10: 24065 | K10: 24065 | L10: 24065 | M10: 24065 | N10: 24077 | O10: 24077 | P10: 24077 | Q10: 24305 | R10: 24345 | S10: 24774 | T10: 24774 | U10: 24774 | V10: 24929 | W10: 25385 | X10: 25563 | Y10: 25563 | Z10: 25563 | AA10: 25563 | AB10: 25563 | AC10: 25563 | AD10: 25612 | AE10: 25612 | AF10: 25620 | AG10: 25620 | AH10: 25714 | AI10: 25919 | AJ10: 26060 | AK10: 26060 | AL10: 26118 | AM10: 26391 | AN10: 26391 | AO10: 26391 | AP10: 26391
A11: Baltimore - MD USA | B11: 187317 | C11: 187850 | D11: 188314 | E11: 189407 | F11: 189878 | G11: 190557 | H11: 192826 | I11: 193456 | J11: 195288 | K11: 196090 | L11: 196709 | M11: 197070 | N11: 197891 | O11: 198411 | P11: 198939 | Q11: 199763 | R11: 201556 | S11: 202931 | T11: 203526 | U11: 203611 | V11: 204638 | W11: 204850 | X11: 205072 | Y11: 205395 | Z11: 205594 | AA11: 205819 | AB11: 206085 | AC11: 206579 | AD11: 207250 | AE11: 209281 | AF11: 209909 | AG11: 210282 | AH11: 211407 | AI11: 212859 | AJ11: 214025 | AK11: 214345 | AL11: 215267 | AM11: 215361 | AN11: 215387 | AO11: 215883 | AP11: 216340
A12: Baton Rouge - LA USA | B12: 36285 | C12: 36616 | D12: 36810 | E12: 36877 | F12: 37153 | G12: 37277 | H12: 37501 | I12: 37501 | J12: 38147 | K12: 38501 | L12: 38501 | M12: 39481 | N12: 39517 | O12: 39732 | P12: 40236 | Q12: 40236 | R12: 40512 | S12: 40512 | T12: 40722 | U12: 40722 | V12: 40754 | W12: 41024 | X12: 41179 | Y12: 41179 | Z12: 41119 | AA12: 41288 | AB12: 41512 | AC12: 41522 | AD12: 41654 | AE12: 41654 | AF12: 41953 | AG12: 42673 | AH12: 42681 | AI12: 43488 | AJ12: 43945 | AK12: 44047 | AL12: 44099 | AM12: 44463 | AN12: 44677 | AO12: 44677 | AP12: 44677
A13: Beaumont - TX USA | B13: 16988 | C13: 16988 | D13: 16998 | E13: 16998 | F13: 16998 | G13: 16998 | H13: 16998 | I13: 17024 | J13: 17024 | K13: 17024 | L13: 17024 | M13: 17024 | N13: 17024 | O13: 17104 | P13: 17226 | Q13: 17226 | R13: 17512 | S13: 17610 | T13: 17610 | U13: 17610 | V13: 17767 | W13: 17767 | X13: 17767 | Y13: 17987 | Z13: 18443 | AA13: 18443 | AB13: 18443 | AC13: 18443 | AD13: 18453 | AE13: 18463 | AF13: 18668 | AG13: 18728 | AH13: 18728 | AI13: 18728 | AJ13: 18836 | AK13: 18836 | AL13: 18836 | AM13: 18836 | AN13: 19040 | AO13: 19040 | AP13: 19040
... A151: Youngstown - OH USA | B151: 15420 | C151: 15462 | D151: 15462 | E151: 15462 | F151: 15666 | G151: 15637 | H151: 15637 | I151: 15637 | J151: 15637 | K151: 15637 | L151: 15637 | M151: 15637 | N151: 15703 | O151: 15703 | P151: 15703 | Q151: 15703 | R151: 15835 | S151: 15835 | T151: 15835 | U151: 15835 | V151: 15843 | W151: 15843 | X151: 15843 | Y151: 15843 | Z151: 15843 | AA151: 15843 | AB151: 15843 | AC151: 15843 | AD151: 15843 | AE151: 15843 | AF151: 15843 | AG151: 15843 | AH151: 15843 | AI151: 15843 | AJ151: 15820 | AK151: 15721 | AL151: 15721 | AM151: 15721 | AN151: 15733 | AO151: 15733 | AP151: 15733
A154: Geography Name
A155: Akron - OH (USA) | W155: =W2/$V2 -> 1.0091964 | X155: =X2/$V2 -> 1.0141353 | Y155: =Y2/$V2 -> 1.0141353 | Z155: =Z2/$V2 -> 1.0169737 | AA155: =AA2/$V2 -> 1.0255173 | AB155: =AB2/$V2 -> 1.0268514 | AC155: =AC2/$V2 -> 1.031109 | AD155: =AD2/$V2 -> 1.031109 | ... AP155: =AP2/$V2 -> 1.0599756
A156: Albany - NY (USA) | W156: =W3/$V3 -> 1.0020501 | X156: =X3/$V3 -> 1.0027155 | Y156: =Y3/$V3 -> 1.0070675 | Z156: =Z3/$V3 -> 1.0136673 | AA156: =AA3/$V3 -> 1.0136673 | AB156: =AB3/$V3 -> 1.0200694 | AC156: =AC3/$V3 -> 1.0261838 | AD156: =AD3/$V3 -> 1.0371536 | ... AP156: =AP3/$V3 -> 1.0760696
A157: Albuquerque - NM (USA) | W157: =W4/$V4 -> 1.0027309 | X157: =X4/$V4 -> 1.0046653 | Y157: =Y4/$V4 -> 1.0046653 | Z157: =Z4/$V4 -> 1.0046653 | AA157: =AA4/$V4 -> 1.0046653 | AB157: =AB4/$V4 -> 1.0046653 | AC157: =AC4/$V4 -> 1.0051584 | AD157: =AD4/$V4 -> 1.0054428 | ... AP157: =AP4/$V4 -> 1.0746444
A158: Anchorage - AK (USA) | W158: =W5/$V5 -> 1 | X158: =X5/$V5 -> 1 | Y158: =Y5/$V5 -> 1 | Z158: =Z5/$V5 -> 1 | AA158: =AA5/$V5 -> 0.99840085 | AB158: =AB5/$V5 -> 0.99840085 | AC158: =AC5/$V5 -> 0.99840085 | AD158: =AD5/$V5 -> 0.9992385 | ... AP158: =AP5/$V5 -> 1.0041882
A159: Asheville - NC (USA) | W159: =W6/$V6 -> 1.011639 | X159: =X6/$V6 -> 1.0429747 | Y159: =Y6/$V6 -> 1.0576353 | Z159: =Z6/$V6 -> 1.0576353 | AA159: =AA6/$V6 -> 1.0846063 | AB159: =AB6/$V6 -> 1.1032399 | AC159: =AC6/$V6 -> 1.1084438 | AD159: =AD6/$V6 -> 1.1253987 | ... AP159: =AP6/$V6 -> 1.3828549
A160: Atlanta - GA (USA) | W160: =W7/$V7 -> 1.0031067 | X160: =X7/$V7 -> 1.0064504 | Y160: =Y7/$V7 -> 1.0109662 | Z160: =Z7/$V7 -> 1.0147925 | AA160: =AA7/$V7 -> 1.0205083 | AB160: =AB7/$V7 -> 1.0297207 | AC160: =AC7/$V7 -> 1.0410079 | AD160: =AD7/$V7 -> 1.048262 | ... AP160: =AP7/$V7 -> 1.1864812
A161: Augusta - GA (USA) | W161: =W8/$V8 -> 1 | X161: =X8/$V8 -> 1.0060227 | Y161: =Y8/$V8 -> 1.0259947 | Z161: =Z8/$V8 -> 1.0439462 | AA161: =AA8/$V8 -> 1.0604212 | AB161: =AB8/$V8 -> 1.0716895 | AC161: =AC8/$V8 -> 1.0945368 | AD161: =AD8/$V8 -> 1.1066599 | ... AP161: =AP8/$V8 -> 1.2385375
A162: Austin - TX (USA) | W162: =W9/$V9 -> 1.0095224 | X162: =X9/$V9 -> 1.0211559 | Y162: =Y9/$V9 -> 1.0372105 | Z162: =Z9/$V9 -> 1.0552724 | AA162: =AA9/$V9 -> 1.0686021 | AB162: =AB9/$V9 -> 1.0838231 | AC162: =AC9/$V9 -> 1.0993924 | AD162: =AD9/$V9 -> 1.1126226 | ... AP162: =AP9/$V9 -> 1.3961678
A163: Bakersfield - CA (USA) | W163: =W10/$V10 -> 1.0182919 | X163: =X10/$V10 -> 1.0254322 | Y163: =Y10/$V10 -> 1.0254322 | Z163: =Z10/$V10 -> 1.0254322 | AA163: =AA10/$V10 -> 1.0254322 | AB163: =AB10/$V10 -> 1.0254322 | AC163: =AC10/$V10 -> 1.0254322 | AD163: =AD10/$V10 -> 1.0273978 | ... AP163: =AP10/$V10 -> 1.0586466
A164: Baltimore - MD (USA) | W164: =W11/$V11 -> 1.001036 | X164: =X11/$V11 -> 1.0021208 | Y164: =Y11/$V11 -> 1.0036992 | Z164: =Z11/$V11 -> 1.0046717 | AA164: =AA11/$V11 -> 1.0057712 | AB164: =AB11/$V11 -> 1.007071 | AC164: =AC11/$V11 -> 1.009485 | AD164: =AD11/$V11 -> 1.012764 | ... AP164: =AP11/$V11 -> 1.0571839
A165: Baton Rouge - LA (USA) | W165: =W12/$V12 -> 1.0066251 | X165: =X12/$V12 -> 1.0104284 | Y165: =Y12/$V12 -> 1.0104284 | Z165: =Z12/$V12 -> 1.0089562 | AA165: =AA12/$V12 -> 1.013103 | AB165: =AB12/$V12 -> 1.0185994 | AC165: =AC12/$V12 -> 1.0188448 | AD165: =AD12/$V12 -> 1.0220837 | ... AP165: =AP12/$V12 -> 1.0962605
A166: Beaumont - TX (USA) | W166: =W13/$V13 -> 1 | X166: =X13/$V13 -> 1 | Y166: =Y13/$V13 -> 1.0123825 | Z166: =Z13/$V13 -> 1.0380481 | AA166: =AA13/$V13 -> 1.0380481 | AB166: =AB13/$V13 -> 1.0380481 | AC166: =AC13/$V13 -> 1.0380481 | AD166: =AD13/$V13 -> 1.0386109 | ... AP166: =AP13/$V13 -> 1.0716497
... A304: Youngstown - OH (USA) | W304: =W151/$V151 -> 1 | X304: =X151/$V151 -> 1 | Y304: =Y151/$V151 -> 1 | Z304: =Z151/$V151 -> 1 | AA304: =AA151/$V151 -> 1 | AB304: =AB151/$V151 -> 1 | AC304: =AC151/$V151 -> 1 | AD304: =AD151/$V151 -> 1 | ... AP304: =AP151/$V151 -> 0.99305687
B307: Inv. | C307: Rank
A308: Akron - OH (USA) | B308: =AP155 -> 1.0599756 | C308: =RANK(B308,B$308:B$457,-1) -> 25
A309: Albany - NY (USA) | B309: =AP156 -> 1.0760696 | C309: =RANK(B309,B$308:B$457,-1) -> 43
A310: Albuquerque - NM (USA) | B310: =AP157 -> 1.0746444 | C310: =RANK(B310,B$308:B$457,-1) -> 41
A311: Anchorage - AK (USA) | B311: =AP158 -> 1.0041882 | C311: =RANK(B311,B$308:B$457,-1) -> 3
A312: Asheville - NC (USA) | B312: =AP159 -> 1.3828549 | C312: =RANK(B312,B$308:B$457,-1) -> 137
A313: Atlanta - GA (USA) | B313: =AP160 -> 1.1864812 | C313: =RANK(B313,B$308:B$457,-1) -> 104
A314: Augusta - GA (USA) | B314: =AP161 -> 1.2385375 | C314: =RANK(B314,B$308:B$457,-1) -> 121
A315: Austin - TX (USA) | B315: =AP162 -> 1.3961678 | C315: =RANK(B315,B$308:B$457,-1) -> 139
A316: Bakersfield - CA (USA) | B316: =AP163 -> 1.0586466 | C316: =RANK(B316,B$308:B$457,-1) -> 24
A317: Baltimore - MD (USA) | B317: =AP164 -> 1.0571839 | C317: =RANK(B317,B$308:B$457,-1) -> 22
A318: Baton Rouge - LA (USA) | B318: =AP165 -> 1.0962605 | C318: =RANK(B318,B$308:B$457,-1) -> 59
A319: Beaumont - TX (USA) | B319: =AP166 -> 1.0716497 | C319: =RANK(B319,B$308:B$457,-1) -> 37
... A457: Youngstown - OH (USA) | B457: =AP304 -> 0.99305687 | C457: =RANK(B457,B$308:B$457,-1) -> 1

Sheet UPP Historical
A1: Inventory
A3: Geography Name | B3: ='Supply Historical'!B1 -> 2016 Q1 | C3: ='Supply Historical'!C1 -> 2016 Q2 | D3: ='Supply Historical'!D1 -> 2016 Q3 | E3: ='Supply Historical'!E1 -> 2016 Q4 | F3: ='Supply Historical'!F1 -> 2017 Q1 | G3: ='Supply Historical'!G1 -> 2017 Q2 | H3: ='Supply Historical'!H1 -> 2017 Q3 | I3: ='Supply Historical'!I1 -> 2017 Q4 | ... AP3: ='Supply Historical'!AP1 -> 2026 Q1
A4: Akron - OH USA | B4: ='Supply Historical'!B2 -> 34248 | C4: ='Supply Historical'!C2 -> 34248 | D4: ='Supply Historical'!D2 -> 34430 | E4: ='Supply Historical'!E2 -> 34541 | F4: ='Supply Historical'!F2 -> 34541 | G4: ='Supply Historical'!G2 -> 34531 | H4: ='Supply Historical'!H2 -> 34723 | I4: ='Supply Historical'!I2 -> 34723 | ... AP4: ='Supply Historical'!AP2 -> 37344
A5: Albany - NY USA | B5: ='Supply Historical'!B3 -> 48919 | C5: ='Supply Historical'!C3 -> 49154 | D5: ='Supply Historical'!D3 -> 49259 | E5: ='Supply Historical'!E3 -> 49870 | F5: ='Supply Historical'!F3 -> 50648 | G5: ='Supply Historical'!G3 -> 51112 | H5: ='Supply Historical'!H3 -> 51268 | I5: ='Supply Historical'!I3 -> 51879 | ... AP5: ='Supply Historical'!AP3 -> 59837
A6: Albuquerque - NM USA | B6: ='Supply Historical'!B4 -> 51395 | C6: ='Supply Historical'!C4 -> 51423 | D6: ='Supply Historical'!D4 -> 51652 | E6: ='Supply Historical'!E4 -> 51683 | F6: ='Supply Historical'!F4 -> 51752 | G6: ='Supply Historical'!G4 -> 51752 | H6: ='Supply Historical'!H4 -> 51551 | I6: ='Supply Historical'!I4 -> 51623 | ... AP6: ='Supply Historical'!AP4 -> 56666
A7: Anchorage - AK USA | B7: ='Supply Historical'!B5 -> 12890 | C7: ='Supply Historical'!C5 -> 12890 | D7: ='Supply Historical'!D5 -> 12942 | E7: ='Supply Historical'!E5 -> 12942 | F7: ='Supply Historical'!F5 -> 12942 | G7: ='Supply Historical'!G5 -> 12942 | H7: ='Supply Historical'!H5 -> 12975 | I7: ='Supply Historical'!I5 -> 12975 | ... AP7: ='Supply Historical'!AP5 -> 13187
A8: Asheville - NC USA | B8: ='Supply Historical'!B6 -> 12887 | C8: ='Supply Historical'!C6 -> 12887 | D8: ='Supply Historical'!D6 -> 12935 | E8: ='Supply Historical'!E6 -> 13103 | F8: ='Supply Historical'!F6 -> 13091 | G8: ='Supply Historical'!G6 -> 13403 | H8: ='Supply Historical'!H6 -> 13970 | I8: ='Supply Historical'!I6 -> 14789 | ... AP8: ='Supply Historical'!AP6 -> 24713
A9: Atlanta - GA USA | B9: ='Supply Historical'!B7 -> 409216 | C9: ='Supply Historical'!C7 -> 411750 | D9: ='Supply Historical'!D7 -> 413651 | E9: ='Supply Historical'!E7 -> 415580 | F9: ='Supply Historical'!F7 -> 418258 | G9: ='Supply Historical'!G7 -> 422019 | H9: ='Supply Historical'!H7 -> 424872 | I9: ='Supply Historical'!I7 -> 427762 | ... AP9: ='Supply Historical'!AP7 -> 550710
A10: Augusta - GA USA | B10: ='Supply Historical'!B8 -> 23026 | C10: ='Supply Historical'!C8 -> 23026 | D10: ='Supply Historical'!D8 -> 23278 | E10: ='Supply Historical'!E8 -> 23278 | F10: ='Supply Historical'!F8 -> 23278 | G10: ='Supply Historical'!G8 -> 23278 | H10: ='Supply Historical'!H8 -> 23716 | I10: ='Supply Historical'!I8 -> 23716 | ... AP10: ='Supply Historical'!AP8 -> 31875
A11: Austin - TX USA | B11: ='Supply Historical'!B9 -> 190051 | C11: ='Supply Historical'!C9 -> 192609 | D11: ='Supply Historical'!D9 -> 194805 | E11: ='Supply Historical'!E9 -> 198032 | F11: ='Supply Historical'!F9 -> 200492 | G11: ='Supply Historical'!G9 -> 201773 | H11: ='Supply Historical'!H9 -> 205373 | I11: ='Supply Historical'!I9 -> 208929 | ... AP11: ='Supply Historical'!AP9 -> 336637
A12: Bakersfield - CA USA | B12: ='Supply Historical'!B10 -> 23675 | C12: ='Supply Historical'!C10 -> 23887 | D12: ='Supply Historical'!D10 -> 23887 | E12: ='Supply Historical'!E10 -> 24001 | F12: ='Supply Historical'!F10 -> 24065 | G12: ='Supply Historical'!G10 -> 24065 | H12: ='Supply Historical'!H10 -> 24065 | I12: ='Supply Historical'!I10 -> 24065 | ... AP12: ='Supply Historical'!AP10 -> 26391
A13: Baltimore - MD USA | B13: ='Supply Historical'!B11 -> 187317 | C13: ='Supply Historical'!C11 -> 187850 | D13: ='Supply Historical'!D11 -> 188314 | E13: ='Supply Historical'!E11 -> 189407 | F13: ='Supply Historical'!F11 -> 189878 | G13: ='Supply Historical'!G11 -> 190557 | H13: ='Supply Historical'!H11 -> 192826 | I13: ='Supply Historical'!I11 -> 193456 | ... AP13: ='Supply Historical'!AP11 -> 216340
A14: Baton Rouge - LA USA | B14: ='Supply Historical'!B12 -> 36285 | C14: ='Supply Historical'!C12 -> 36616 | D14: ='Supply Historical'!D12 -> 36810 | E14: ='Supply Historical'!E12 -> 36877 | F14: ='Supply Historical'!F12 -> 37153 | G14: ='Supply Historical'!G12 -> 37277 | H14: ='Supply Historical'!H12 -> 37501 | I14: ='Supply Historical'!I12 -> 37501 | ... AP14: ='Supply Historical'!AP12 -> 44677
... A153: Youngstown - OH USA | B153: ='Supply Historical'!B151 -> 15420 | C153: ='Supply Historical'!C151 -> 15462 | D153: ='Supply Historical'!D151 -> 15462 | E153: ='Supply Historical'!E151 -> 15462 | F153: ='Supply Historical'!F151 -> 15666 | G153: ='Supply Historical'!G151 -> 15637 | H153: ='Supply Historical'!H151 -> 15637 | I153: ='Supply Historical'!I151 -> 15637 | ... AP153: ='Supply Historical'!AP151 -> 15733
A155: Population
A157: Geography Name | B157: 2016 Q1 | C157: 2016 Q2 | D157: 2016 Q3 | E157: 2016 Q4 | F157: 2017 Q1 | G157: 2017 Q2 | H157: 2017 Q3 | I157: 2017 Q4 | J157: 2018 Q1 | K157: 2018 Q2 | L157: 2018 Q3 | M157: 2018 Q4 | N157: 2019 Q1 | O157: 2019 Q2 | P157: 2019 Q3 | Q157: 2019 Q4 | R157: 2020 Q1 | S157: 2020 Q2 | T157: 2020 Q3 | U157: 2020 Q4 | V157: 2021 Q1 | W157: 2021 Q2 | X157: 2021 Q3 | Y157: 2021 Q4 | Z157: 2022 Q1 | AA157: 2022 Q2 | AB157: 2022 Q3 | AC157: 2022 Q4 | AD157: 2023 Q1 | AE157: 2023 Q2 | AF157: 2023 Q3 | AG157: 2023 Q4 | AH157: 2024 Q1 | AI157: 2024 Q2 | AJ157: 2024 Q3 | AK157: 2024 Q4 | AL157: 2025 Q1 | AM157: 2025 Q2 | AN157: 2025 Q3 | AO157: 2025 Q4 | AP157: 2026 Q1
A158: Akron - OH USA | B158: ='Historical Population Growth'!B2 -> 704150.69 | C158: ='Historical Population Growth'!C2 -> 704013.19 | D158: ='Historical Population Growth'!D2 -> 703787 | E158: ='Historical Population Growth'!E2 -> 703921.81 | F158: ='Historical Population Growth'!F2 -> 704009.5 | G158: ='Historical Population Growth'!G2 -> 704079.25 | H158: ='Historical Population Growth'!H2 -> 704133 | I158: ='Historical Population Growth'!I2 -> 704079 | ... AO158: ='Historical Population Growth'!AO2 -> 700995.44
A159: Albany - NY USA | B159: ='Historical Population Growth'!B3 -> 891076.31 | C159: ='Historical Population Growth'!C3 -> 891859.69 | D159: ='Historical Population Growth'!D3 -> 892531 | E159: ='Historical Population Growth'!E3 -> 893670.12 | F159: ='Historical Population Growth'!F3 -> 894749.5 | G159: ='Historical Population Growth'!G3 -> 895805.94 | H159: ='Historical Population Growth'!H3 -> 896842 | I159: ='Historical Population Growth'!I3 -> 897462.12 | ... AO159: ='Historical Population Growth'!AO3 -> 911688.44
A160: Albuquerque - NM USA | B160: ='Historical Population Growth'!B4 -> 904130 | C160: ='Historical Population Growth'!C4 -> 904874.88 | D160: ='Historical Population Growth'!D4 -> 905506 | E160: ='Historical Population Growth'!E4 -> 906161.31 | F160: ='Historical Population Growth'!F4 -> 906755.81 | G160: ='Historical Population Growth'!G4 -> 907327.19 | H160: ='Historical Population Growth'!H4 -> 907878 | I160: ='Historical Population Growth'!I4 -> 908417.75 | ... AO160: ='Historical Population Growth'!AO4 -> 926314.25
A161: Anchorage - AK USA | B161: ='Historical Population Growth'!B5 -> 401360.5 | C161: ='Historical Population Growth'!C5 -> 402133 | D161: ='Historical Population Growth'!D5 -> 402855 | E161: ='Historical Population Growth'!E5 -> 402706.09 | F161: ='Historical Population Growth'!F5 -> 402530.31 | G161: ='Historical Population Growth'!G5 -> 402344.22 | H161: ='Historical Population Growth'!H5 -> 402149 | I161: ='Historical Population Growth'!I5 -> 401472.81 | ... AO161: ='Historical Population Growth'!AO5 -> 406145.59
A162: Asheville - NC USA | B162: ='Historical Population Growth'!B6 -> 389898.72 | C162: ='Historical Population Growth'!C6 -> 391292.38 | D162: ='Historical Population Growth'!D6 -> 392637 | E162: ='Historical Population Growth'!E6 -> 393783.12 | F162: ='Historical Population Growth'!F6 -> 394902.81 | G162: ='Historical Population Growth'!G6 -> 396012.38 | H162: ='Historical Population Growth'!H6 -> 397113 | I162: ='Historical Population Growth'!I6 -> 398094.5 | ... AO162: ='Historical Population Growth'!AO6 -> 427517.41
A163: Atlanta - GA USA | B163: ='Historical Population Growth'!B7 -> 5760703 | C163: ='Historical Population Growth'!C7 -> 5787387 | D163: ='Historical Population Growth'!D7 -> 5813344 | E163: ='Historical Population Growth'!E7 -> 5835625 | F163: ='Historical Population Growth'!F7 -> 5857516 | G163: ='Historical Population Growth'!G7 -> 5879257 | H163: ='Historical Population Growth'!H7 -> 5900864 | I163: ='Historical Population Growth'!I7 -> 5920036 | ... AO163: ='Historical Population Growth'!AO7 -> 6510830
A164: Augusta - GA USA | B164: ='Historical Population Growth'!B8 -> 591323.94 | C164: ='Historical Population Growth'!C8 -> 592728.69 | D164: ='Historical Population Growth'!D8 -> 594059 | E164: ='Historical Population Growth'!E8 -> 595348.38 | F164: ='Historical Population Growth'!F8 -> 596598 | G164: ='Historical Population Growth'!G8 -> 597832.25 | H164: ='Historical Population Growth'!H8 -> 599053 | I164: ='Historical Population Growth'!I8 -> 600068.81 | ... AO164: ='Historical Population Growth'!AO8 -> 642586.62
A165: Austin - TX USA | B165: ='Historical Population Growth'!B9 -> 2034704 | C165: ='Historical Population Growth'!C9 -> 2049983.9 | D165: ='Historical Population Growth'!D9 -> 2065007.1 | E165: ='Historical Population Growth'!E9 -> 2078534.9 | F165: ='Historical Population Growth'!F9 -> 2091925 | G165: ='Historical Population Growth'!G9 -> 2105261 | H165: ='Historical Population Growth'!H9 -> 2118549 | I165: ='Historical Population Growth'!I9 -> 2131416 | ... AO165: ='Historical Population Growth'!AO9 -> 2618762
A166: Bakersfield - CA USA | B166: ='Historical Population Growth'!B10 -> 883279.31 | C166: ='Historical Population Growth'!C10 -> 884696.31 | D166: ='Historical Population Growth'!D10 -> 886002 | E166: ='Historical Population Growth'!E10 -> 887814.69 | F166: ='Historical Population Growth'!F10 -> 889568.12 | G166: ='Historical Population Growth'!G10 -> 891298.69 | H166: ='Historical Population Growth'!H10 -> 893009 | I166: ='Historical Population Growth'!I10 -> 894813 | ... AO166: ='Historical Population Growth'!AO10 -> 918723.56
A167: Baltimore - MD USA | B167: ='Historical Population Growth'!B11 -> 2816932 | C167: ='Historical Population Growth'!C11 -> 2819289 | D167: ='Historical Population Growth'!D11 -> 2821292 | E167: ='Historical Population Growth'!E11 -> 2823673 | F167: ='Historical Population Growth'!F11 -> 2825865 | G167: ='Historical Population Growth'!G11 -> 2827985 | H167: ='Historical Population Growth'!H11 -> 2830041 | I167: ='Historical Population Growth'!I11 -> 2831946 | ... AO167: ='Historical Population Growth'!AO11 -> 2856382
A168: Baton Rouge - LA USA | B168: ='Historical Population Growth'!B12 -> 861231.69 | C168: ='Historical Population Growth'!C12 -> 863059.56 | D168: ='Historical Population Growth'!D12 -> 864779 | E168: ='Historical Population Growth'!E12 -> 864529.12 | F168: ='Historical Population Growth'!F12 -> 864221.31 | G168: ='Historical Population Growth'!G12 -> 863891.44 | H168: ='Historical Population Growth'!H12 -> 863542 | I168: ='Historical Population Growth'!I12 -> 863992.38 | ... AO168: ='Historical Population Growth'!AO12 -> 888982.19
A169: Beaumont - TX USA | B169: ='Historical Population Growth'!B13 -> 399095.09 | C169: ='Historical Population Growth'!C13 -> 399715.69 | D169: ='Historical Population Growth'!D13 -> 400286 | E169: ='Historical Population Growth'!E13 -> 400828.78 | F169: ='Historical Population Growth'!F13 -> 401344.69 | G169: ='Historical Population Growth'!G13 -> 401850.41 | H169: ='Historical Population Growth'!H13 -> 402347 | I169: ='Historical Population Growth'!I13 -> 401231 | ... AO169: ='Historical Population Growth'!AO13 -> 399744.28
... A307: Youngstown - OH USA | B307: ='Historical Population Growth'!B151 -> 437682.19 | C307: ='Historical Population Growth'!C151 -> 437066.59 | D307: ='Historical Population Growth'!D151 -> 436396 | E307: ='Historical Population Growth'!E151 -> 436033 | F307: ='Historical Population Growth'!F151 -> 435640.69 | G307: ='Historical Population Growth'!G151 -> 435237.22 | H307: ='Historical Population Growth'!H151 -> 434824 | I307: ='Historical Population Growth'!I151 -> 434432.81 | ... AO307: ='Historical Population Growth'!AO151 -> 423170.41
A309: Units PP
A311: Geography Name
A312: Akron - OH USA | B312: =B4/B158 -> 0.048637317 | C312: =C4/C158 -> 0.048646816 | D312: =D4/D158 -> 0.048921051 | E312: =E4/E158 -> 0.04906937 | F312: =F4/F158 -> 0.049063258 | G312: =G4/G158 -> 0.049044195 | H312: =H4/H158 -> 0.049313127 | I312: =I4/I158 -> 0.049316909 | ... AO312: =AO4/AO158 -> 0.053272815
A313: Albany - NY USA | B313: =B5/B159 -> 0.054898777 | C313: =C5/C159 -> 0.055114051 | D313: =D5/D159 -> 0.05519024 | E313: =E5/E159 -> 0.055803589 | F313: =F5/F159 -> 0.056605787 | G313: =G5/G159 -> 0.057057001 | H313: =H5/H159 -> 0.05716503 | I313: =I5/I159 -> 0.057806339 | ... AO313: =AO5/AO159 -> 0.065633168
A314: Albuquerque - NM USA | B314: =B6/B160 -> 0.056844702 | C314: =C6/C160 -> 0.056828852 | D314: =D6/D160 -> 0.05704214 | E314: =E6/E160 -> 0.057035099 | F314: =F6/F160 -> 0.0570738 | G314: =G6/G160 -> 0.057037859 | H314: =H6/H160 -> 0.056781858 | I314: =I6/I160 -> 0.056827379 | ... AO314: =AO6/AO160 -> 0.060535612
A315: Anchorage - AK USA | B315: =B7/B161 -> 0.032115766 | C315: =C7/C161 -> 0.032054072 | D315: =D7/D161 -> 0.032125703 | E315: =E7/E161 -> 0.032137582 | F315: =F7/F161 -> 0.032151616 | G315: =G7/G161 -> 0.032166487 | H315: =H7/H161 -> 0.032264161 | I315: =I7/I161 -> 0.032318502 | ... AO315: =AO7/AO161 -> 0.032468652
A316: Asheville - NC USA | B316: =B8/B162 -> 0.033052173 | C316: =C8/C162 -> 0.032934452 | D316: =D8/D162 -> 0.032943915 | E316: =E8/E162 -> 0.033274661 | F316: =F8/F162 -> 0.033149929 | G316: =G8/G162 -> 0.033844902 | H316: =H8/H162 -> 0.035178904 | I316: =I8/I162 -> 0.037149471 | ... AO316: =AO8/AO162 -> 0.056402382
A317: Atlanta - GA USA | B317: =B9/B163 -> 0.071035775 | C317: =C9/C163 -> 0.071146098 | D317: =D9/D163 -> 0.071155431 | E317: =E9/E163 -> 0.071214309 | F317: =F9/F163 -> 0.071405353 | G317: =G9/G163 -> 0.071781009 | H317: =H9/H163 -> 0.072001659 | I317: =I9/I163 -> 0.072256655 | ... AO317: =AO9/AO163 -> 0.084092351
A318: Augusta - GA USA | B318: =B10/B164 -> 0.038939739 | C318: =C10/C164 -> 0.038847453 | D318: =D10/D164 -> 0.03918466 | E318: =E10/E164 -> 0.039099796 | F318: =F10/F164 -> 0.039017898 | G318: =G10/G164 -> 0.038937344 | H318: =H10/H164 -> 0.039589152 | I318: =I10/I164 -> 0.039522134 | ... AO318: =AO10/AO164 -> 0.049604207
A319: Austin - TX USA | B319: =B11/B165 -> 0.093404741 | C319: =C11/C165 -> 0.093956349 | D319: =D11/D165 -> 0.094336236 | E319: =E11/E165 -> 0.095274803 | F319: =F11/F165 -> 0.095840912 | G319: =G11/G165 -> 0.095842273 | H319: =H11/H165 -> 0.096940406 | I319: =I11/I165 -> 0.098023567 | ... AO319: =AO11/AO165 -> 0.12777946
A320: Bakersfield - CA USA | B320: =B12/B166 -> 0.026803526 | C320: =C12/C166 -> 0.027000226 | D320: =D12/D166 -> 0.026960436 | E320: =E12/E166 -> 0.027033795 | F320: =F12/F166 -> 0.027052453 | G320: =G12/G166 -> 0.026999928 | H320: =H12/H166 -> 0.026948217 | I320: =I12/I166 -> 0.026893887 | ... AO320: =AO12/AO166 -> 0.028725725
A321: Baltimore - MD USA | B321: =B13/B167 -> 0.066496813 | C321: =C13/C167 -> 0.066630275 | D321: =D13/D167 -> 0.066747433 | E321: =E13/E167 -> 0.067078235 | F321: =F13/F167 -> 0.067192877 | G321: =G13/G167 -> 0.067382606 | H321: =H13/H167 -> 0.068135409 | I321: =I13/I167 -> 0.068312037 | ... AO321: =AO13/AO167 -> 0.075579177
A322: Baton Rouge - LA USA | B322: =B14/B168 -> 0.04213152 | C322: =C14/C168 -> 0.042425809 | D322: =D14/D168 -> 0.042565788 | E322: =E14/E168 -> 0.04265559 | F322: =F14/F168 -> 0.042990146 | G322: =G14/G168 -> 0.043150098 | H322: =H14/H168 -> 0.043426955 | I322: =I14/I168 -> 0.043404318 | ... AO322: =AO14/AO168 -> 0.05025635
A323: Beaumont - TX USA | B323: =B15/B169 -> 0.042566296 | C323: =C15/C169 -> 0.042500208 | D323: =D15/D169 -> 0.042464638 | E323: =E15/E169 -> 0.042407134 | F323: =F15/F169 -> 0.042352622 | G323: =G15/G169 -> 0.042299323 | H323: =H15/H169 -> 0.042247115 | I323: =I15/I169 -> 0.042429423 | ... AO323: =AO15/AO169 -> 0.04763045
... A461: Youngstown - OH USA | B461: =B153/B307 -> 0.035231043 | C461: =C153/C307 -> 0.03537676 | D461: =D153/D307 -> 0.035431122 | E461: =E153/E307 -> 0.035460619 | F461: =F153/F307 -> 0.035960828 | G461: =G153/G307 -> 0.035927534 | H461: =H153/H307 -> 0.035961676 | I461: =I153/I307 -> 0.035994058 | ... AO461: =AO153/AO307 -> 0.037178876
A465: Geography Name
A466: Akron - OH USA | B466: =B312/$B312 -> 1 | C466: =C312/$B312 -> 1.0001953 | D466: =D312/$B312 -> 1.0058337 | E466: =E312/$B312 -> 1.0088832 | F466: =F312/$B312 -> 1.0087575 | G466: =G312/$B312 -> 1.0083656 | H466: =H312/$B312 -> 1.0138949 | I466: =I312/$B312 -> 1.0139727 | ... AO466: =AO312/$B312 -> 1.0953074
A467: Albany - NY USA | B467: =B313/$B313 -> 1 | C467: =C313/$B313 -> 1.0039213 | D467: =D313/$B313 -> 1.0053091 | E467: =E313/$B313 -> 1.0164814 | F467: =F313/$B313 -> 1.0310938 | G467: =G313/$B313 -> 1.0393128 | H467: =H313/$B313 -> 1.0412806 | I467: =I313/$B313 -> 1.0529622 | ... AO467: =AO313/$B313 -> 1.1955306
A468: Albuquerque - NM USA | B468: =B314/$B314 -> 1 | C468: =C314/$B314 -> 0.99972117 | D468: =D314/$B314 -> 1.0034733 | E468: =E314/$B314 -> 1.0033494 | F468: =F314/$B314 -> 1.0040303 | G468: =G314/$B314 -> 1.003398 | H468: =H314/$B314 -> 0.99889448 | I468: =I314/$B314 -> 0.99969527 | ... AO468: =AO314/$B314 -> 1.0649297
A469: Anchorage - AK USA | B469: =B315/$B315 -> 1 | C469: =C315/$B315 -> 0.99807899 | D469: =D315/$B315 -> 1.0003094 | E469: =E315/$B315 -> 1.0006793 | F469: =F315/$B315 -> 1.0011163 | G469: =G315/$B315 -> 1.0015793 | H469: =H315/$B315 -> 1.0046206 | I469: =I315/$B315 -> 1.0063127 | ... AO469: =AO315/$B315 -> 1.0109879
A470: Asheville - NC USA | B470: =B316/$B316 -> 1 | C470: =C316/$B316 -> 0.99643833 | D470: =D316/$B316 -> 0.99672463 | E470: =E316/$B316 -> 1.0067314 | F470: =F316/$B316 -> 1.0029576 | G470: =G316/$B316 -> 1.0239842 | H470: =H316/$B316 -> 1.0643446 | I470: =I316/$B316 -> 1.1239645 | ... AO470: =AO316/$B316 -> 1.7064652
A471: Atlanta - GA USA | B471: =B317/$B317 -> 1 | C471: =C317/$B317 -> 1.0015531 | D471: =D317/$B317 -> 1.0016845 | E471: =E317/$B317 -> 1.0025133 | F471: =F317/$B317 -> 1.0052027 | G471: =G317/$B317 -> 1.010491 | H471: =H317/$B317 -> 1.0135972 | I471: =I317/$B317 -> 1.0171868 | ... AO471: =AO317/$B317 -> 1.1838028
A472: Augusta - GA USA | B472: =B318/$B318 -> 1 | C472: =C318/$B318 -> 0.99763003 | D472: =D318/$B318 -> 1.0062897 | E472: =E318/$B318 -> 1.0041104 | F472: =F318/$B318 -> 1.0020072 | G472: =G318/$B318 -> 0.99993849 | H472: =H318/$B318 -> 1.0166774 | I472: =I318/$B318 -> 1.0149563 | ... AO472: =AO318/$B318 -> 1.2738711
A473: Austin - TX USA | B473: =B319/$B319 -> 1 | C473: =C319/$B319 -> 1.0059056 | D473: =D319/$B319 -> 1.0099727 | E473: =E319/$B319 -> 1.0200211 | F473: =F319/$B319 -> 1.0260819 | G473: =G319/$B319 -> 1.0260965 | H473: =H319/$B319 -> 1.0378532 | I473: =I319/$B319 -> 1.0494496 | ... AO473: =AO319/$B319 -> 1.368019
A474: Bakersfield - CA USA | B474: =B320/$B320 -> 1 | C474: =C320/$B320 -> 1.0073386 | D474: =D320/$B320 -> 1.0058541 | E474: =E320/$B320 -> 1.008591 | F474: =F320/$B320 -> 1.0092871 | G474: =G320/$B320 -> 1.0073275 | H474: =H320/$B320 -> 1.0053982 | I474: =I320/$B320 -> 1.0033712 | ... AO474: =AO320/$B320 -> 1.0717144
A475: Baltimore - MD USA | B475: =B321/$B321 -> 1 | C475: =C321/$B321 -> 1.002007 | D475: =D321/$B321 -> 1.0037689 | E475: =E321/$B321 -> 1.0087436 | F475: =F321/$B321 -> 1.0104676 | G475: =G321/$B321 -> 1.0133208 | H475: =H321/$B321 -> 1.0246417 | I475: =I321/$B321 -> 1.0272979 | ... AO475: =AO321/$B321 -> 1.1365834
A476: Baton Rouge - LA USA | B476: =B322/$B322 -> 1 | C476: =C322/$B322 -> 1.006985 | D476: =D322/$B322 -> 1.0103075 | E476: =E322/$B322 -> 1.0124389 | F476: =F322/$B322 -> 1.0203796 | G476: =G322/$B322 -> 1.0241761 | H476: =H322/$B322 -> 1.0307474 | I476: =I322/$B322 -> 1.0302101 | ... AO476: =AO322/$B322 -> 1.1928445
A477: Beaumont - TX USA | B477: =B323/$B323 -> 1 | C477: =C323/$B323 -> 0.99844741 | D477: =D323/$B323 -> 0.99761176 | E477: =E323/$B323 -> 0.99626085 | F477: =F323/$B323 -> 0.99498021 | G477: =G323/$B323 -> 0.99372805 | H477: =H323/$B323 -> 0.99250155 | I477: =I323/$B323 -> 0.99678448 | ... AO477: =AO323/$B323 -> 1.118971
